dimensoes,pilar,tema,subtema,id,ordem_ces,nova_ordem,ordem_floripa_em_nr,orgao_responsavel,indicador,faixa_1,faixa_2,faixa_3,ano,valor
AMBIENTAL,MANEJO AMBIENTAL E CONSUMO DOS RECURSOS NATURAIS,ÁGUA,COBERTURA DE ÁGUA,1,1,1,7.1.2001,CASAN/FNR,Porcentagem de pessoas com serviço de abastecimento de água potável em relação à população total do município,> 90%–100%,75%–90%,< 75%,2014,82
AMBIENTAL,MANEJO AMBIENTAL E CONSUMO DOS RECURSOS NATURAIS,ÁGUA,EFICIÊNCIA NO USO DA ÁGUA,2,2,2,7.1.2005,CASAN/FNR,Quantidade total do consumo de água em litros por dia dividida pelo total da população. Inclui uso não doméstico.,120–200,80–120 ou 200–250,< 80 ou > 250,2014,250
AMBIENTAL,MANEJO AMBIENTAL E CONSUMO DOS RECURSOS NATURAIS,ÁGUA,EFICIÊNCIA NO SERVIÇO DE ABASTECIMENTO DE ÁGUA,3,3,3,N/A,CASAN,Média anual de horas/dia em que há o fornecimento contínuo de água.,> 20 h/dia,12–20 h/dia,< 12 h/dia,2014,"16,32"
AMBIENTAL,MANEJO AMBIENTAL E CONSUMO DOS RECURSOS NATURAIS,ÁGUA,EFICIÊNCIA NO SERVIÇO DE ABASTECIMENTO DE ÁGUA,4,4,4,7.1.2004,CASAN/FNR,Qualidade da água: Porcentagem do número total de testes conformes em relação ao número total de testes de qualidade de água tratada realizados.,> 97%,90%–97%,< 90%,2014,95
AMBIENTAL,MANEJO AMBIENTAL E CONSUMO DOS RECURSOS NATURAIS,ÁGUA,EFICIÊNCIA NO SERVIÇO DE ABASTECIMENTO DE ÁGUA,5,5,5,7.1.2006,CASAN/FNR,Água não contabilizada = Índice de perdas na distribuição de água.,0%–30%,30%–45%,> 45%,2014,"44,67"
AMBIENTAL,MANEJO AMBIENTAL E CONSUMO DOS RECURSOS NATURAIS,ÁGUA,EFICIÊNCIA NO SERVIÇO DE ABASTECIMENTO DE ÁGUA,6,6,6,N/A,SDE/SEMA,Número remanescente de anos de saldo hídrico positivo (volume de água disponível dividido pelo consumo anual real (faturado + perdido).,> 10,5–10,< 5,2014,2
AMBIENTAL,MANEJO AMBIENTAL E CONSUMO DOS RECURSOS NATURAIS,SANEAMENTO E DRENAGEM,COBERTURA DE SANEAMENTO,7,7,7,N/A,CASAN,Porcentagem de moradias com ligação ao sistema de esgoto,> 75%,75%–60%,< 60%,2014,45
AMBIENTAL,MANEJO AMBIENTAL E CONSUMO DOS RECURSOS NATURAIS,SANEAMENTO E DRENAGEM,TRATAMENTO DE ÁGUA RESIDUÁRIAS,8,8,8,N/A,CASAN,Porcentagem de águas residuais ou efluente (águas de esgoto) tratadas: total de m³ de águas residuais que entram anualmente nas estações de tratamento dividido pelo total de m³ de água faturadas.,> 60%,40%–60%,< 40%,2014,51
AMBIENTAL,MANEJO AMBIENTAL E CONSUMO DOS RECURSOS NATURAIS,GESTÃO DE RESÍDUOS  SÓLIDOS,COBERTURA COLETA DE RESÍDUOS SÓLIDOS,10,10,10,N/A,COMCAP,Porcentagem das moradias com coleta regular de resíduos sólidos.,90%–100%,80%–90%,< 80%,2014,100
AMBIENTAL,MANEJO AMBIENTAL E CONSUMO DOS RECURSOS NATURAIS,GESTÃO DE RESÍDUOS  SÓLIDOS,VOLUME DE RESIDUOS SÓLIDOS,11,L 5,11,N/A,COMCAP,"Toneladas totais de resíduos sólidos recolhidos (lixo convencional, coleta seletiva, lixo hospitalar, lixo pesado).",Sem valor de referência,Não Informado,Não Informado,2014,"216109,48"
AMBIENTAL,MANEJO AMBIENTAL E CONSUMO DOS RECURSOS NATURAIS,GESTÃO DE RESÍDUOS  SÓLIDOS,DISPOSIÇÃO FINAL DOS RESÍDUOS SÓLIDOS,13,11,13,7.3.2005,COMCAP/FNR,Porcentagem de resíduos sólidos municipais depositados em aterros sanitários,<35%,36%- 50%,> 50%,2014,"93,21"
AMBIENTAL,MANEJO AMBIENTAL E CONSUMO DOS RECURSOS NATURAIS,GESTÃO DE RESÍDUOS  SÓLIDOS,DISPOSIÇÃO FINAL DOS RESÍDUOS SÓLIDOS,14,12,14,N/A,COMCAP,Vida remanescente útil das instalações de aterro sanitário,> 8,5–8,< 5,2014,10
AMBIENTAL,MANEJO AMBIENTAL E CONSUMO DOS RECURSOS NATURAIS,GESTÃO DE RESÍDUOS  SÓLIDOS,TRATAMENTO DOS                                                                    RESÍDUOS SÓLIDOS,15,14,15,N/A,COMCAP,Porcentagem de resíduos sólidos municipais compostados pela Prefeitura,> 20%,5%–20%,< 5%,2014,1
AMBIENTAL,MANEJO AMBIENTAL E CONSUMO DOS RECURSOS NATURAIS,GESTÃO DE RESÍDUOS  SÓLIDOS,TRATAMENTO DOS                                                                    RESÍDUOS SÓLIDOS,16,15,16,7.3.2004,COMCAP/FNR,Porcentagem de resíduos sólidos separados e classificados para reciclagem,> 25%,15%–25%,< 15%,2014,5
AMBIENTAL,MANEJO AMBIENTAL E CONSUMO DOS RECURSOS NATURAIS,GESTÃO DE RESÍDUOS  SÓLIDOS,TRATAMENTO DOS                                                                    RESÍDUOS SÓLIDOS,17,16,17,7.3.2006,COMCAP/FNR,Porcentagem de resíduos sólidos tratados em usinas de geração de energia a partir de resíduos em relação ao total de resíduos sólidos produzidos.,> 20 %,10%- 19%,< 10%,2014,0
AMBIENTAL,MANEJO AMBIENTAL E CONSUMO DOS RECURSOS NATURAIS,ENERGIA,COBERTURA ENERGÉTICA,18,17,18,N/A,CELESC,Porcentagem de domicílios(residenciais) com ligação autorizada à energia elétrica,90%–100%,70%–90%,< 70%,2014,"92,7"
AMBIENTAL,MANEJO AMBIENTAL E CONSUMO DOS RECURSOS NATURAIS,ENERGIA,COBERTURA ENERGÉTICA,20,19,21,7.4.2007,CELESC /FNR,"Média de interrupção do fornecimento de energia elétrica por domicílio/ano, expresso em h/domicílio/ano",< 7h,7–10h,> 10h,2014,"6,54"
AMBIENTAL,MANEJO AMBIENTAL E CONSUMO DOS RECURSOS NATURAIS,ENERGIA,EFICIÊNCIA ENERGÉTICA,21,21,22,N/A,CELESC,Consumo anual de eletricidade por cliente residencial em Kw/h,1500–3500 kWh/por domicílio/ano,"900–1500 kWh/por domicílio/ano
3500–5000 kWh/por domicílio/ano","< 900 kWh/por domicílio/ano
> 5000 kWh/por domicílio/ano",2014,"2,842"
AMBIENTAL,MANEJO AMBIENTAL E CONSUMO DOS RECURSOS NATURAIS,ENERGIA,ENERGIA ALTERNATIVA E RENOVÁVEL,23,,25,7.4.2004,CELESC /FNR,Energia proveniente de fontes renováveis (porcentagem),> 50%,20%–50%,< 20%,2014,"84,5"
AMBIENTAL,MITIGAÇÃO DOS GASES DE EFEITO ESTUFA E OUTRAS FORMAS DE CONTAMINAÇÃO,QUALIDADE DO AR,CONTROLE DA QUALIDADE DO AR E CONCENTRAÇÃO DE CONTAMINANTES NO AR,25,27,27,6.4.2002,FLORAM/FNR,Concentração de Material Particulado (MP) 10,< 50 MP 10 em média em 24 horas em μg/m3,50–150 MP 10 em média em 24 horas em μg/m3,> 150 MP 10 em média em 24 horas em μg/m3,2014,23
AMBIENTAL,MITIGAÇÃO DOS GASES DE EFEITO ESTUFA E OUTRAS FORMAS DE CONTAMINAÇÃO,MITIGAÇÃO DA MUDANÇA CLIMÁTICA,EMISSÕES TOTAIS DE GEE,26,29,28,6.3.2003,FLORAM/FNR,Emissões de GEE -Toneladas per capita (População projetada do IBGE),< 5,5–10,> 10,2014,"2,17"
URBANO,CONTROLE DO CRESCIMENTO E MELHORIA DO HABITAT URBANO,USO DO SOLO / ORDENAMENTO TERRITORIAL,DENSIDADE,33,41,36,N/A,IPUF,Porcentagem de crescimento anual da quilometragem da malha urbana,< 3%,3%–5%,> 5%,2014,"2,1"
URBANO,CONTROLE DO CRESCIMENTO E MELHORIA DO HABITAT URBANO,USO DO SOLO / ORDENAMENTO TERRITORIAL,DENSIDADE,34,42,37,N/A,IPUF,Quantidade de população por km² de área urbanizada (exclui-se as áreas de agricultura e açudes de mais de 5 km),7.000 - 20.000,4.000–7.000; 20.000–25.000,< 4.000;                                         > 25.000,2014,"4,523"
URBANO,CONTROLE DO CRESCIMENTO E MELHORIA DO HABITAT URBANO,USO DO SOLO / ORDENAMENTO TERRITORIAL,DENSIDADE,35,L 8,38,N/A,IPUF,Porcentagem de crescimento demográfico,<1%,"1% - 1,5%","> 1,5%",2014,"1,7"
URBANO,CONTROLE DO CRESCIMENTO E MELHORIA DO HABITAT URBANO,USO DO SOLO / ORDENAMENTO TERRITORIAL,Não Informado,37,44,40,N/A,SMDU,Déficit de moradias quantitativo,< 10%,10%–25%,> 20%,2014,"7,6"
URBANO,CONTROLE DO CRESCIMENTO E MELHORIA DO HABITAT URBANO,USO DO SOLO / ORDENAMENTO TERRITORIAL,ÁREAS VERDE E DE RECREAÇÃO,38,45,41,N/A,IPUF,Quantidade de hectares de áreas verdes permanentes de lazer (de acordo com o Plano Diretor) para cada 100.000 habitantes (população projetada IBGE),> 50,20–50,< 20,2014,"2,894"
URBANO,CONTROLE DO CRESCIMENTO E MELHORIA DO HABITAT URBANO,USO DO SOLO / ORDENAMENTO TERRITORIAL,PLANEJAMENTO DO SOLO,43,L 4,46,1.9.2001,SMPIU,Porcentagem de área parcelada irregularmente sobre área urbanizável. (Floripa em Números = Núcelos Urbanos informais),< 10%,10% - 25%,> 25%,2014,"44,2"
URBANO,CONTROLE DO CRESCIMENTO E MELHORIA DO HABITAT URBANO,DESIGUALDADE URBANA,DESIGUALDADE DE RENDA,51,51,55,5.2.10,SEMAS/FRN,Coeficiente de Gini da renda (Fonte: PENAD Contínua do IBGE),"< 0,40","0,40–0,49","> 0,49",2014,"5,474"
URBANO,CONTROLE DO CRESCIMENTO E MELHORIA DO HABITAT URBANO,DESIGUALDADE URBANA,DESIGUALDADE DE RENDA,52,L 17,56,N/A,SMTTDE,Remuneração média dos trabalhadores formais (Fonte: Secretaria do Trabalho - RAIS),Acima de R$ 3.280,R$ 2.569 a R$ 3.280,R$ 788  a R$ 2.568,2014,"3,515"
URBANO,PROMOÇÃO DO TRANSPORTE URBANO SUSTENTÁVEL,MOBILIDADE / TRANSPORTE,INFRAESTRUTURA DE TRANSPORTE EQUILIBRADA,53,52,57,N/A,SMPIU,Quilômetros de vias públicas por 100 mil habitantes (População projetada do IBGE),< 300,300–400,> 400,2014,"826,7"
URBANO,PROMOÇÃO DO TRANSPORTE URBANO SUSTENTÁVEL,MOBILIDADE / TRANSPORTE,INFRAESTRUTURA DE TRANSPORTE EQUILIBRADA,56,53,60,2.1.2004,SMTI,Quilômetros de vias dedicadas exclusivamente ao  transporte público por 100 mil habitantes (população projetada do IBGE),> 40,10–40,< 10,2014,0
URBANO,PROMOÇÃO DO TRANSPORTE URBANO SUSTENTÁVEL,MOBILIDADE / TRANSPORTE,INFRAESTRUTURA DE TRANSPORTE EQUILIBRADA,57,54,61,somar: 2.2.2 + 2.2.3 + 2.2.4,SMTI/FNR,"Quilômetros de ciclovias, ciclofaixas e ciclorotas por 100 mil habitantes (população projetada IBGE)",> 25,15–25,< 15,2014,"11,03"
URBANO,PROMOÇÃO DO TRANSPORTE URBANO SUSTENTÁVEL,MOBILIDADE / TRANSPORTE,INFRAESTRUTURA DE TRANSPORTE EQUILIBRADA,66,56,70,N/A,SMTI,"Distribuição modal: porcentagem do transporte realizado via bicicleta, barco, taxi, aplicativo, carro particular e ônibus.",> 65%,50%–65%,< 50%,2014,31
URBANO,PROMOÇÃO DO TRANSPORTE URBANO SUSTENTÁVEL,MOBILIDADE / TRANSPORTE,TRANSPORTE LIMPO,70,57,74,N/A,SMTI,Idade média da frota do transporte público,< 6,6–12,> 12,2014,"6,53"
URBANO,PROMOÇÃO DO TRANSPORTE URBANO SUSTENTÁVEL,MOBILIDADE / TRANSPORTE,TRANSPORTE SEGURO,71,58,75,10.2.2001,SSP/FNR,Vítimas mortais de acidentes de trânsito por 100 mil habitantes,< 10,10–20,> 20,2014,"23,18"
URBANO,PROMOÇÃO DO TRANSPORTE URBANO SUSTENTÁVEL,MOBILIDADE / TRANSPORTE,MENOS CONGESTIONAMENTO,73,59,77,N/A,SMTI,Velocidade média de viagem (transporte público e privado) nas principais vias públicas durante os horários de pico,> 30,15–30,< 15,2014,15
URBANO,PROMOÇÃO DO TRANSPORTE URBANO SUSTENTÁVEL,MOBILIDADE / TRANSPORTE,MENOS CONGESTIONAMENTO,74,60,78,2.4.2001,SMTI/FNR,"Número de veículos de uso pessoal (automóveis, SUV's, etc) registrados no DETRAN local (exceto táxis) per capita (população projetada IBGE)","< 0,3","0,3–0,4","> 0,4",2014,"0,46"
URBANO,PROMOÇÃO DO TRANSPORTE URBANO SUSTENTÁVEL,MOBILIDADE / TRANSPORTE,TRANSPORTE ECONÔMICO,75,62,79,N/A,SMTI,Índice de acessibilidade (Salário Mínimo Nacional/(44 viagens mês* valor da tarifa em dinheiro)),Até 5%,5%–10%,> 10%,2014,25
URBANO,PROMOÇÃO DO DESENVOLVIMENTO ECONÔMICO LOCAL COMPETITIVO SUSTENTÁVEL,AMBIENTE DE NEGÓCIOS,REG. NEGÓCIOS E INVESTIMENTOS,76,65,80,N/A,SMDECT,Quantidade de dias para abrir uma empresa,< 12,12–20,> 20,2014,3
URBANO,PROMOÇÃO DO DESENVOLVIMENTO ECONÔMICO LOCAL COMPETITIVO SUSTENTÁVEL,TECIDO PRODUTIVO,CRESCIMENTO PRODUTIVO,81,67,85,8.2.2001,SMDECT/SIE/FRN,PIB per capita da cidade (Fonte IBGE - Estatisticas),>US$ 9.000,US$ 3.000–US$ 9.000,< US$ 3.000,2014,"36,652"
URBANO,PROMOÇÃO DO DESENVOLVIMENTO ECONÔMICO LOCAL COMPETITIVO SUSTENTÁVEL,TECIDO PRODUTIVO,CRESCIMENTO PRODUTIVO,82,68,86,N/A,SMTDI,Taxa de crescimento do PIB per capita da cidade (Fonte: IBGE Estatísticas),"> 2,5%
O crescimento do PIB per capita da cidade é positivo e superior ao crescimento do PIB nacional (2)","2-2,5%
O crescimento do PIB per capita da cidade é positivo e igual ou similar ao crescimento do PIB nacional (1)","<2%
O crescimento do PIB per capita da cidade é positivo e igual ou similar ao ao crescimento do PIB nacional (0)",2014,"4,28"
URBANO,PROMOÇÃO DO DESENVOLVIMENTO ECONÔMICO LOCAL COMPETITIVO SUSTENTÁVEL,TECIDO PRODUTIVO,CRESCIMENTO PRODUTIVO,83,L 13,87,N/A,"Secretaria Executiva de Desenvolvimento Econômico, Ciência e Tecnologia",Porcentagem do PIB de Florianópolis em relação ao PIB de SC,> maior que a inflação,igual a inflação,< que a inflação,2014,"7,14"
URBANO,PROMOÇÃO DO DESENVOLVIMENTO ECONÔMICO LOCAL COMPETITIVO SUSTENTÁVEL,TECIDO PRODUTIVO,CRESCIMENTO PRODUTIVO,84,EBA 1,88,N/A,SMTDI,Taxa de crescimento do PIB da cidade (Fonte: IBGE Estatisticas),">3,5%
O crescimento do PIB da cidade é positivo e superior ao crescimento do PIB nacional (2)","3-3,5%
O crescimento do PIB  da cidade é positivo e igual ou similar ao crescimento do PIB nacional (1)","<3%
O crescimento do PIB da cidade é positivo e igual ou similar ao ao crescimento do PIB nacional (0)",2014,"6,17"
URBANO,PROMOÇÃO DO DESENVOLVIMENTO ECONÔMICO LOCAL COMPETITIVO SUSTENTÁVEL,MERCADO LABORAL,DESEMPREGO,85,69,89,8.1.2005,SMTDI/FNR,Taxa de desemprego (Fonte: IBGE - ESTATISTICAS - PNAD Contínua),< 7%,7%–12%,> 12%,2014,5
URBANO,PROMOÇÃO DO DESENVOLVIMENTO ECONÔMICO LOCAL COMPETITIVO SUSTENTÁVEL,MERCADO LABORAL,EMPREGO INFORMAL,87,70,91,N/A,SMTDI,Emprego informal como porcentagem do emprego total (Fonte: IBGE - ESTATISTICAS - PNAD Contínua) https://cidades.ibge.gov.br/brasil/sc/florianopolis/panorama,< 20%,20%–35%,> 35%,2014,"42,85"
URBANO,OFERTA DE SERVIÇOS SOCIAIS DE ALTO NÍVEL E PROMOÇÃO DA COESÃO SOCIAL,EDUCAÇÃO,QUALIDADE DO ENSINO,89,76,94,N/A,SME,Taxa de analfabetismo de pessoas acima de 15 anos,"< 0,5%","0,5% - 2%",> 2%,2014,"2,1"
URBANO,OFERTA DE SERVIÇOS SOCIAIS DE ALTO NÍVEL E PROMOÇÃO DA COESÃO SOCIAL,EDUCAÇÃO,QUALIDADE DO ENSINO,90,77,95,N/A,SME,Porcentagem de Estudantes do ensino fundamental com nível satisfatório em provas padronizadas (IDEB) de Leitura,>=70%,69%–50%,> 50%,2014,49
URBANO,OFERTA DE SERVIÇOS SOCIAIS DE ALTO NÍVEL E PROMOÇÃO DA COESÃO SOCIAL,EDUCAÇÃO,QUALIDADE DO ENSINO,91,78,96,N/A,SME,Porcentagem de Estudantes do ensino fundamental com nível satisfatório em provas padronizadas (IDEB) de Matemática,>=70%,69%–50%,> 50%,2014,44
URBANO,OFERTA DE SERVIÇOS SOCIAIS DE ALTO NÍVEL E PROMOÇÃO DA COESÃO SOCIAL,EDUCAÇÃO,QUALIDADE DO ENSINO,92,79,97,N/A,SME,Quantidade de alunos por professor nas escolas públicas,< 15:1,Entre 15:1 e 25:1,> 25:1,2014,17
URBANO,OFERTA DE SERVIÇOS SOCIAIS DE ALTO NÍVEL E PROMOÇÃO DA COESÃO SOCIAL,EDUCAÇÃO,ASSISTÊNCIA ESCOLAR,93,80,98,N/A,SME,Número de estudantes matriculados na pré-escola e recebem atendimento integral,Não Informado,Não Informado,Não Informado,2014,"71,8"
URBANO,OFERTA DE SERVIÇOS SOCIAIS DE ALTO NÍVEL E PROMOÇÃO DA COESÃO SOCIAL,EDUCAÇÃO,ASSISTÊNCIA ESCOLAR,94,81,99,N/A,SME,Número de estudantes matriculados nos anos iniciais do ensino fundamental (6 a 11 anos),Não Informado,Não Informado,Não Informado,2014,"88,6"
URBANO,OFERTA DE SERVIÇOS SOCIAIS DE ALTO NÍVEL E PROMOÇÃO DA COESÃO SOCIAL,EDUCAÇÃO,ASSISTÊNCIA ESCOLAR,95,82,100,N/A,SME,Número de estudantes matriculados nos anos finais do ensino fundamental (12 a 15 anos),Não Informado,Não Informado,Não Informado,2014,"88,6"
URBANO,OFERTA DE SERVIÇOS SOCIAIS DE ALTO NÍVEL E PROMOÇÃO DA COESÃO SOCIAL,EDUCAÇÃO,ASSISTÊNCIA ESCOLAR,96,83,101,N/A,SEE,Número de estudantes matriculados no ensino médio (16 a 18 anos),Não Informado,Não Informado,Não Informado,2014,"90,9"
URBANO,OFERTA DE SERVIÇOS SOCIAIS DE ALTO NÍVEL E PROMOÇÃO DA COESÃO SOCIAL,SEGURANÇA,VIOLÊNCIA,101,85,104,10.1.2005,SSP/FNR,Quantidade de homicídios por 100 mil habitantes - população projetada pelo IBGE,< 10,10–25,> 25,2014,"11,25"
URBANO,OFERTA DE SERVIÇOS SOCIAIS DE ALTO NÍVEL E PROMOÇÃO DA COESÃO SOCIAL,SEGURANÇA,VIOLÊNCIA,105,88,108,N/A,SSP,Roubos por 100 mil habitantes - população projetada pelo IBGE,< 300,300–1.000,> 1.000,2014,460
URBANO,OFERTA DE SERVIÇOS SOCIAIS DE ALTO NÍVEL E PROMOÇÃO DA COESÃO SOCIAL,SEGURANÇA,VIOLÊNCIA,106,89,109,N/A,SSP,Furtos por 100 mil habitantes - população projetada pelo IBGE,< 3.000,3.000–5.000,> 5.000,2014,"2,914"
URBANO,OFERTA DE SERVIÇOS SOCIAIS DE ALTO NÍVEL E PROMOÇÃO DA COESÃO SOCIAL,SEGURANÇA,VIOLÊNCIA,109,,112,10.1.10,SSP/FNR,Crimes contra a propriedade por 100 000 habitantes,<50,50-75,>75,2014,75
URBANO,OFERTA DE SERVIÇOS SOCIAIS DE ALTO NÍVEL E PROMOÇÃO DA COESÃO SOCIAL,SEGURANÇA,ESTRUTURAS DE SEGURANÇA,110,L 20,113,N/A,SSP,Quantidade de CONSEGs ativos,sem valor de referência,Não Informado,Não Informado,2014,13
URBANO,OFERTA DE SERVIÇOS SOCIAIS DE ALTO NÍVEL E PROMOÇÃO DA COESÃO SOCIAL,SAÚDE,NÍVEL DE SAÚDE,114,95,117,3.1.2004,SMS/FNR,Taxa de mortalidade infantil (crianças menores de 5 anos)por 100.000 habitantes (População projetada IBGE),< 20,20 -30,> 30,2014,"10,6"
URBANO,OFERTA DE SERVIÇOS SOCIAIS DE ALTO NÍVEL E PROMOÇÃO DA COESÃO SOCIAL,SAÚDE,NÍVEL DE SAÚDE,125,L 23,128,3.1.2009,SMS/FNR,"Prevalência de obesidade: Percentual de indivíduos, com Índice de Massa Corporal (IMC) maior ou igual a 25 (População projetada pelo IBGE)",sem valor de referência,Não Informado,Não Informado,2014,14
URBANO,OFERTA DE SERVIÇOS SOCIAIS DE ALTO NÍVEL E PROMOÇÃO DA COESÃO SOCIAL,SAÚDE,OFERTA DE SERVIÇOS DE SAÚDE,127,96,130,3.1.2003,SMS/FNR,Quantidade de médicos por 100 mil habitantes (População projetada pelo IBGE),> 200,75 - 200,< 75,2014,783
URBANO,OFERTA DE SERVIÇOS SOCIAIS DE ALTO NÍVEL E PROMOÇÃO DA COESÃO SOCIAL,SAÚDE,OFERTA DE SERVIÇOS DE SAÚDE,128,97,131,N/A,SMS,"Quantidade de leitos de hospital por 100 mil habitantes, em hospitais públicos e privados",> 100,50 - 100,< 50,2014,430
URBANO,OFERTA DE SERVIÇOS SOCIAIS DE ALTO NÍVEL E PROMOÇÃO DA COESÃO SOCIAL,SAÚDE,OFERTA DE SERVIÇOS DE SAÚDE,135,L 21,138,N/A,SMS,Cobertura de vacinas,sem valor de referência,Não Informado,Não Informado,2014,"75,22"
URBANO,COMPETITIVIDADE,CAPITAL HUMANO,CULTURA,136,L 18,139,N/A,SMF,Investimento em cultura per capita: por habitante (população projetada IBGE),"> R$ 26,83","R$ 17,88  a R$ 26,82","< R$ 17,87",2014,"28,8"
URBANO,COMPETITIVIDADE,CAPITAL HUMANO,CULTURA,137,L 19,140,N/A,SMF,"Investimento em cultura sobre receita corrente líquida: total da receita líquida investida em cultura, no ano.","> R$ 2,47","R$ 1,77 a R$ 2,47","< R$ 1,76",2014,"3,31"
FISCAL,MECANISMOS ADEQUADOS DE GOVERNO,TRANSPARÊNCIA,TRANSPARÊNCIA E AUDITORIA DA GESTÃO PÚBLICA,164,114,,N/A,Controladoria Geral do Município,Índice de transparência: Consultar transparência internacional Brasil,> 6,"3,0 - 6,0",< 3,2014,"6,91"
FISCAL,GESTÃO ADEQUADA DA RECEITA,IMPOSTOS E AUTONOMIA FINANCEIRA,RECEITAS E IMPOSTOS MUNICIPAIS,165,118,168,9.2.2006,SMF/FNR,"Receita própria: Porcentagem da receita do governo municipal proveniente de tributos (tarifas, encargos e impostos) permitidos pela lei em relação à receita total.",Comparar com as metas da PMF,Não Informado,Não Informado,2014,"54,3"
FISCAL,GESTÃO ADEQUADA DA RECEITA,IMPOSTOS E AUTONOMIA FINANCEIRA,RECEITAS E IMPOSTOS MUNICIPAIS,166,119,169,N/A,SMF,Porcentagem das transferências totais recebidas de outros níveis de governo em relação a receita total.,Comparado com diferentes cidades - sem padrão - fazer parâmetro em SC,Não Informado,Não Informado,2014,"42,9"
FISCAL,GESTÃO ADEQUADA DA RECEITA,IMPOSTOS E AUTONOMIA FINANCEIRA,RECEITAS E IMPOSTOS MUNICIPAIS,167,120,170,N/A,SMF,Porcentagem das transferências recebidas destinadas a usos específicos (pré-definidos) em relação as transferências totais,Comparado com diferentes cidades - sem padrão - fazer parâmetro em SC,Não Informado,Não Informado,2014,"0,5"
FISCAL,GESTÃO ADEQUADA DAS DESPESAS,GESTÃO DO GASTO PÚBLICO,QUALIDADE DO GASTO PÚBLICO,176,126,179,N/A,SMF (Siconfi-TCE/SC),Porcentagem dos gastos correntes em relação aos gastos totais,Comparado com diferentes cidades - sem padrão - fazer parâmetro em SC,Não Informado,Não Informado,2014,"86,6"
FISCAL,GESTÃO ADEQUADA DAS DESPESAS,GESTÃO DO GASTO PÚBLICO,QUALIDADE DO GASTO PÚBLICO,177,127,180,9.2.2005,SMF/FNR,Despesas de capital como porcentagem do total de gastos: Percentual de investimentos em ativo fixo (despesas de capital) em relação aos gastos totais,Comparado com diferentes cidades - sem padrão - fazer parâmetro em SC,Não Informado,Não Informado,2014,"13,4"
FISCAL,GESTÃO ADEQUADA DAS DESPESAS,GESTÃO DO GASTO PÚBLICO,QUALIDADE DO GASTO PÚBLICO,178,128,181,N/A,SMF,Taxa média de crescimento anual do gasto corrente: Porcentagem de variação no ano dos gastos correntes,< 0,0 - IPCA,> IPCA,2014,"6,1"
FISCAL,GESTÃO ADEQUADA DAS DESPESAS,GESTÃO DO GASTO PÚBLICO,QUALIDADE DO GASTO PÚBLICO,179,L 1,182,N/A,SMF,Despesa de pessoal/Receita corrente líquida: percentual da depesas totais (salário + engargos + vales transporte e alimentação + plano de saúde) e de pessoal em relação a receita corrente líquida,"< 51,3%","51,3% a 54%",> 54%,2014,"53,9"
FISCAL,Gestao Adequada da Divida,Divida,SUSTENTABILIDADE DA DÍVIDA,181,131,184,9.2.2004,SMF/FNR,Crescimento do serviço da dívida: Porcentagem dos juros da dívida em relação a receita própria,< 5%,5% - 10%,> 10%,2014,"7,9"
FISCAL,Gestao Adequada da Divida,Divida,SUSTENTABILIDADE DA DÍVIDA,182,132,185,N/A,SMF,Crescimento da dívida: Porcentagem de crescimento da dívida (Emprestimos de curto e longo prazo),A taxa de crescimento real anual é negativa,A taxa de crescimento real anual está entre 0% e 2%,A taxa de crescimento real anual é superior a 2%,2014,"11,8"
FISCAL,Gestao Adequada da Divida,Divida,LEI DE RESPONSABILIDADE FISCAL,183,L 2,186,N/A,SMF,Dívida consolidada líquida/Receita corrente líquida: Porcentagem da dívida consolidada líquida em relação a receita corrente líquida,< 50%,50% a 60%,> 60%,2014,"33,9"
FISCAL,Gestao Adequada da Divida,Divida,LEI DE RESPONSABILIDADE FISCAL,184,L 3,187,N/A,SMF,Operação de Crédito/Receita Corrente Líquida:Porcentagem do valor das operações de crédito contratadas no ano em relação a receita corrente líquida,Menor 10%,Entre 10 e 16%,Acima 16%,2014,"2,45"
AMBIENTAL,MANEJO AMBIENTAL E CONSUMO DOS RECURSOS NATURAIS,ÁGUA,COBERTURA DE ÁGUA,1,1,1,7.1.2001,CASAN/FNR,Porcentagem de pessoas com serviço de abastecimento de água potável em relação à população total do município,> 90%–100%,75%–90%,< 75%,2015,100
AMBIENTAL,MANEJO AMBIENTAL E CONSUMO DOS RECURSOS NATURAIS,ÁGUA,EFICIÊNCIA NO USO DA ÁGUA,2,2,2,7.1.2005,CASAN/FNR,Quantidade total do consumo de água em litros por dia dividida pelo total da população. Inclui uso não doméstico.,120–200,80–120 ou 200–250,< 80 ou > 250,2015,"160,23"
AMBIENTAL,MANEJO AMBIENTAL E CONSUMO DOS RECURSOS NATURAIS,ÁGUA,EFICIÊNCIA NO SERVIÇO DE ABASTECIMENTO DE ÁGUA,4,4,4,7.1.2004,CASAN/FNR,Qualidade da água: Porcentagem do número total de testes conformes em relação ao número total de testes de qualidade de água tratada realizados.,> 97%,90%–97%,< 90%,2015,"90,46"
AMBIENTAL,MANEJO AMBIENTAL E CONSUMO DOS RECURSOS NATURAIS,ÁGUA,EFICIÊNCIA NO SERVIÇO DE ABASTECIMENTO DE ÁGUA,5,5,5,7.1.2006,CASAN/FNR,Água não contabilizada = Índice de perdas na distribuição de água.,0%–30%,30%–45%,> 45%,2015,"29,3"
AMBIENTAL,MANEJO AMBIENTAL E CONSUMO DOS RECURSOS NATURAIS,ÁGUA,EFICIÊNCIA NO SERVIÇO DE ABASTECIMENTO DE ÁGUA,6,6,6,N/A,SDE/SEMA,Número remanescente de anos de saldo hídrico positivo (volume de água disponível dividido pelo consumo anual real (faturado + perdido).,> 10,5–10,< 5,2015,"3,11"
AMBIENTAL,MANEJO AMBIENTAL E CONSUMO DOS RECURSOS NATURAIS,SANEAMENTO E DRENAGEM,COBERTURA DE SANEAMENTO,7,7,7,N/A,CASAN,Porcentagem de moradias com ligação ao sistema de esgoto,> 75%,75%–60%,< 60%,2015,"57,55"
AMBIENTAL,MANEJO AMBIENTAL E CONSUMO DOS RECURSOS NATURAIS,SANEAMENTO E DRENAGEM,TRATAMENTO DE ÁGUA RESIDUÁRIAS,8,8,8,N/A,CASAN,Porcentagem de águas residuais ou efluente (águas de esgoto) tratadas: total de m³ de águas residuais que entram anualmente nas estações de tratamento dividido pelo total de m³ de água faturadas.,> 60%,40%–60%,< 40%,2015,"57,55"
AMBIENTAL,MANEJO AMBIENTAL E CONSUMO DOS RECURSOS NATURAIS,GESTÃO DE RESÍDUOS  SÓLIDOS,COBERTURA COLETA DE RESÍDUOS SÓLIDOS,10,10,10,N/A,COMCAP,Porcentagem das moradias com coleta regular de resíduos sólidos.,90%–100%,80%–90%,< 80%,2015,100
AMBIENTAL,MANEJO AMBIENTAL E CONSUMO DOS RECURSOS NATURAIS,GESTÃO DE RESÍDUOS  SÓLIDOS,VOLUME DE RESIDUOS SÓLIDOS,11,L 5,11,N/A,COMCAP,"Toneladas totais de resíduos sólidos recolhidos (lixo convencional, coleta seletiva, lixo hospitalar, lixo pesado).",Sem valor de referência,Não Informado,Não Informado,2015,"185,353"
AMBIENTAL,MANEJO AMBIENTAL E CONSUMO DOS RECURSOS NATURAIS,GESTÃO DE RESÍDUOS  SÓLIDOS,DISPOSIÇÃO FINAL DOS RESÍDUOS SÓLIDOS,13,11,13,7.3.2005,COMCAP/FNR,Porcentagem de resíduos sólidos municipais depositados em aterros sanitários,<35%,36%- 50%,> 50%,2015,"93,1"
AMBIENTAL,MANEJO AMBIENTAL E CONSUMO DOS RECURSOS NATURAIS,GESTÃO DE RESÍDUOS  SÓLIDOS,TRATAMENTO DOS                                                                    RESÍDUOS SÓLIDOS,15,14,15,N/A,COMCAP,Porcentagem de resíduos sólidos municipais compostados pela Prefeitura,> 20%,5%–20%,< 5%,2015,"0,35"
AMBIENTAL,MANEJO AMBIENTAL E CONSUMO DOS RECURSOS NATURAIS,GESTÃO DE RESÍDUOS  SÓLIDOS,TRATAMENTO DOS                                                                    RESÍDUOS SÓLIDOS,16,15,16,7.3.2004,COMCAP/FNR,Porcentagem de resíduos sólidos separados e classificados para reciclagem,> 25%,15%–25%,< 15%,2015,"6,92"
AMBIENTAL,MANEJO AMBIENTAL E CONSUMO DOS RECURSOS NATURAIS,GESTÃO DE RESÍDUOS  SÓLIDOS,TRATAMENTO DOS                                                                    RESÍDUOS SÓLIDOS,17,16,17,7.3.2006,COMCAP/FNR,Porcentagem de resíduos sólidos tratados em usinas de geração de energia a partir de resíduos em relação ao total de resíduos sólidos produzidos.,> 20 %,10%- 19%,< 10%,2015,0
AMBIENTAL,MANEJO AMBIENTAL E CONSUMO DOS RECURSOS NATURAIS,ENERGIA,COBERTURA ENERGÉTICA,18,17,18,N/A,CELESC,Porcentagem de domicílios(residenciais) com ligação autorizada à energia elétrica,90%–100%,70%–90%,< 70%,2015,"203,94"
AMBIENTAL,MANEJO AMBIENTAL E CONSUMO DOS RECURSOS NATURAIS,ENERGIA,COBERTURA ENERGÉTICA,20,19,21,7.4.2007,CELESC /FNR,"Média de interrupção do fornecimento de energia elétrica por domicílio/ano, expresso em h/domicílio/ano",< 7h,7–10h,> 10h,2015,"7,99"
AMBIENTAL,MANEJO AMBIENTAL E CONSUMO DOS RECURSOS NATURAIS,ENERGIA,EFICIÊNCIA ENERGÉTICA,21,21,22,N/A,CELESC,Consumo anual de eletricidade por cliente residencial em Kw/h,1500–3500 kWh/por domicílio/ano,"900–1500 kWh/por domicílio/ano
3500–5000 kWh/por domicílio/ano","< 900 kWh/por domicílio/ano
> 5000 kWh/por domicílio/ano",2015,"2,705"
AMBIENTAL,MANEJO AMBIENTAL E CONSUMO DOS RECURSOS NATURAIS,ENERGIA,ENERGIA ALTERNATIVA E RENOVÁVEL,23,,25,7.4.2004,CELESC /FNR,Energia proveniente de fontes renováveis (porcentagem),> 50%,20%–50%,< 20%,2015,"75,5"
AMBIENTAL,MITIGAÇÃO DOS GASES DE EFEITO ESTUFA E OUTRAS FORMAS DE CONTAMINAÇÃO,MITIGAÇÃO DA MUDANÇA CLIMÁTICA,EMISSÕES TOTAIS DE GEE,26,29,28,6.3.2003,FLORAM/FNR,Emissões de GEE -Toneladas per capita (População projetada do IBGE),< 5,5–10,> 10,2015,"2,17"
URBANO,CONTROLE DO CRESCIMENTO E MELHORIA DO HABITAT URBANO,USO DO SOLO / ORDENAMENTO TERRITORIAL,DENSIDADE,35,L 8,38,N/A,IPUF,Porcentagem de crescimento demográfico,<1%,"1% - 1,5%","> 1,5%",2015,"1,7"
URBANO,CONTROLE DO CRESCIMENTO E MELHORIA DO HABITAT URBANO,USO DO SOLO / ORDENAMENTO TERRITORIAL,ÁREAS VERDE E DE RECREAÇÃO,38,45,41,N/A,IPUF,Quantidade de hectares de áreas verdes permanentes de lazer (de acordo com o Plano Diretor) para cada 100.000 habitantes (população projetada IBGE),> 50,20–50,< 20,2015,"7,438"
URBANO,CONTROLE DO CRESCIMENTO E MELHORIA DO HABITAT URBANO,DESIGUALDADE URBANA,DESIGUALDADE DE RENDA,52,L 17,56,N/A,SMTTDE,Remuneração média dos trabalhadores formais (Fonte: Secretaria do Trabalho - RAIS),Acima de R$ 3.280,R$ 2.569 a R$ 3.280,R$ 788  a R$ 2.568,2015,"3,906"
URBANO,PROMOÇÃO DO TRANSPORTE URBANO SUSTENTÁVEL,MOBILIDADE / TRANSPORTE,INFRAESTRUTURA DE TRANSPORTE EQUILIBRADA,53,52,57,N/A,SMPIU,Quilômetros de vias públicas por 100 mil habitantes (População projetada do IBGE),< 300,300–400,> 400,2015,"800,07"
URBANO,PROMOÇÃO DO TRANSPORTE URBANO SUSTENTÁVEL,MOBILIDADE / TRANSPORTE,INFRAESTRUTURA DE TRANSPORTE EQUILIBRADA,56,53,60,2.1.2004,SMTI,Quilômetros de vias dedicadas exclusivamente ao  transporte público por 100 mil habitantes (população projetada do IBGE),> 40,10–40,< 10,2015,0
URBANO,PROMOÇÃO DO TRANSPORTE URBANO SUSTENTÁVEL,MOBILIDADE / TRANSPORTE,INFRAESTRUTURA DE TRANSPORTE EQUILIBRADA,57,54,61,somar: 2.2.2 + 2.2.3 + 2.2.4,SMTI/FNR,"Quilômetros de ciclovias, ciclofaixas e ciclorotas por 100 mil habitantes (população projetada IBGE)",> 25,15–25,< 15,2015,"12,5"
URBANO,PROMOÇÃO DO TRANSPORTE URBANO SUSTENTÁVEL,MOBILIDADE / TRANSPORTE,TRANSPORTE LIMPO,70,57,74,N/A,SMTI,Idade média da frota do transporte público,< 6,6–12,> 12,2015,"5,1"
URBANO,PROMOÇÃO DO TRANSPORTE URBANO SUSTENTÁVEL,MOBILIDADE / TRANSPORTE,TRANSPORTE SEGURO,71,58,75,10.2.2001,SSP/FNR,Vítimas mortais de acidentes de trânsito por 100 mil habitantes,< 10,10–20,> 20,2015,"13,41"
URBANO,PROMOÇÃO DO TRANSPORTE URBANO SUSTENTÁVEL,MOBILIDADE / TRANSPORTE,TRANSPORTE SEGURO,72,NOVO,76,N/A,SMS,Quantidade anual de pessoas hospitalizadas por acidentes de trânsito por 100.000 habitantes (população projetada IBGE),sem valor de referência,Não Informado,Não Informado,2015,"29,03"
URBANO,PROMOÇÃO DO TRANSPORTE URBANO SUSTENTÁVEL,MOBILIDADE / TRANSPORTE,MENOS CONGESTIONAMENTO,73,59,77,N/A,SMTI,Velocidade média de viagem (transporte público e privado) nas principais vias públicas durante os horários de pico,> 30,15–30,< 15,2015,"22,22"
URBANO,PROMOÇÃO DO TRANSPORTE URBANO SUSTENTÁVEL,MOBILIDADE / TRANSPORTE,MENOS CONGESTIONAMENTO,74,60,78,2.4.2001,SMTI/FNR,"Número de veículos de uso pessoal (automóveis, SUV's, etc) registrados no DETRAN local (exceto táxis) per capita (população projetada IBGE)","< 0,3","0,3–0,4","> 0,4",2015,"0,45"
URBANO,PROMOÇÃO DO DESENVOLVIMENTO ECONÔMICO LOCAL COMPETITIVO SUSTENTÁVEL,AMBIENTE DE NEGÓCIOS,REG. NEGÓCIOS E INVESTIMENTOS,76,65,80,N/A,SMDECT,Quantidade de dias para abrir uma empresa,< 12,12–20,> 20,2015,3
URBANO,PROMOÇÃO DO DESENVOLVIMENTO ECONÔMICO LOCAL COMPETITIVO SUSTENTÁVEL,TECIDO PRODUTIVO,CRESCIMENTO PRODUTIVO,81,67,85,8.2.2001,SMDECT/SIE/FRN,PIB per capita da cidade (Fonte IBGE - Estatisticas),>US$ 9.000,US$ 3.000–US$ 9.000,< US$ 3.000,2015,"37,514"
URBANO,PROMOÇÃO DO DESENVOLVIMENTO ECONÔMICO LOCAL COMPETITIVO SUSTENTÁVEL,MERCADO LABORAL,DESEMPREGO,85,69,89,8.1.2005,SMTDI/FNR,Taxa de desemprego (Fonte: IBGE - ESTATISTICAS - PNAD Contínua),< 7%,7%–12%,> 12%,2015,"5,9"
URBANO,OFERTA DE SERVIÇOS SOCIAIS DE ALTO NÍVEL E PROMOÇÃO DA COESÃO SOCIAL,EDUCAÇÃO,QUALIDADE DO ENSINO,90,77,95,N/A,SME,Porcentagem de Estudantes do ensino fundamental com nível satisfatório em provas padronizadas (IDEB) de Leitura,>=70%,69%–50%,> 50%,2015,59
URBANO,OFERTA DE SERVIÇOS SOCIAIS DE ALTO NÍVEL E PROMOÇÃO DA COESÃO SOCIAL,EDUCAÇÃO,QUALIDADE DO ENSINO,91,78,96,N/A,SME,Porcentagem de Estudantes do ensino fundamental com nível satisfatório em provas padronizadas (IDEB) de Matemática,>=70%,69%–50%,> 50%,2015,45
URBANO,OFERTA DE SERVIÇOS SOCIAIS DE ALTO NÍVEL E PROMOÇÃO DA COESÃO SOCIAL,EDUCAÇÃO,QUALIDADE DO ENSINO,92,79,97,N/A,SME,Quantidade de alunos por professor nas escolas públicas,< 15:1,Entre 15:1 e 25:1,> 25:1,2015,17
URBANO,OFERTA DE SERVIÇOS SOCIAIS DE ALTO NÍVEL E PROMOÇÃO DA COESÃO SOCIAL,SEGURANÇA,VIOLÊNCIA,101,85,104,10.1.2005,SSP/FNR,Quantidade de homicídios por 100 mil habitantes - população projetada pelo IBGE,< 10,10–25,> 25,2015,"10,87"
URBANO,OFERTA DE SERVIÇOS SOCIAIS DE ALTO NÍVEL E PROMOÇÃO DA COESÃO SOCIAL,SEGURANÇA,VIOLÊNCIA,105,88,108,N/A,SSP,Roubos por 100 mil habitantes - população projetada pelo IBGE,< 300,300–1.000,> 1.000,2015,700
URBANO,OFERTA DE SERVIÇOS SOCIAIS DE ALTO NÍVEL E PROMOÇÃO DA COESÃO SOCIAL,SEGURANÇA,VIOLÊNCIA,106,89,109,N/A,SSP,Furtos por 100 mil habitantes - população projetada pelo IBGE,< 3.000,3.000–5.000,> 5.000,2015,"2,712"
URBANO,OFERTA DE SERVIÇOS SOCIAIS DE ALTO NÍVEL E PROMOÇÃO DA COESÃO SOCIAL,SEGURANÇA,ESTRUTURAS DE SEGURANÇA,110,L 20,113,N/A,SSP,Quantidade de CONSEGs ativos,sem valor de referência,Não Informado,Não Informado,2015,12
URBANO,OFERTA DE SERVIÇOS SOCIAIS DE ALTO NÍVEL E PROMOÇÃO DA COESÃO SOCIAL,SAÚDE,NÍVEL DE SAÚDE,111,NOVO,114,N/A,SMS,Taxa Geral de mortalidade por 100.000 habitantes (População projetada IBGE),sem valor de referência,Não Informado,Não Informado,2015,"479,1"
URBANO,OFERTA DE SERVIÇOS SOCIAIS DE ALTO NÍVEL E PROMOÇÃO DA COESÃO SOCIAL,SAÚDE,NÍVEL DE SAÚDE,112,NOVO,115,N/A,SMS,Taxa Geral de mortalidade de homens por 100.000 habitantes (População projetada IBGE),sem valor de referência,Não Informado,Não Informado,2015,"531,53"
URBANO,OFERTA DE SERVIÇOS SOCIAIS DE ALTO NÍVEL E PROMOÇÃO DA COESÃO SOCIAL,SAÚDE,NÍVEL DE SAÚDE,113,NOVO,116,N/A,SMS,Taxa Geral de mortalidade de mulheres por 100.000 habitantes (População projetada IBGE),sem valor de referência,Não Informado,Não Informado,2015,"430,38"
URBANO,OFERTA DE SERVIÇOS SOCIAIS DE ALTO NÍVEL E PROMOÇÃO DA COESÃO SOCIAL,SAÚDE,NÍVEL DE SAÚDE,114,95,117,3.1.2004,SMS/FNR,Taxa de mortalidade infantil (crianças menores de 5 anos)por 100.000 habitantes (População projetada IBGE),< 20,20 -30,> 30,2015,"6,84"
URBANO,OFERTA DE SERVIÇOS SOCIAIS DE ALTO NÍVEL E PROMOÇÃO DA COESÃO SOCIAL,SAÚDE,NÍVEL DE SAÚDE,115,NOVO,118,N/A,SMS,Taxa de mortalidade Precoce (Anos potenciais de vida perdido - APVP) por 100.000 habitantes (População projetada IBGE),sem valor de referência,Não Informado,Não Informado,2015,"4758,04"
URBANO,OFERTA DE SERVIÇOS SOCIAIS DE ALTO NÍVEL E PROMOÇÃO DA COESÃO SOCIAL,SAÚDE,NÍVEL DE SAÚDE,116,NOVO,119,N/A,SMS,Taxa de mortalidade por doenças cardovasculares por 100.000 habitantes (População projetada IBGE),sem valor de referência,Não Informado,Não Informado,2015,"140,14"
URBANO,OFERTA DE SERVIÇOS SOCIAIS DE ALTO NÍVEL E PROMOÇÃO DA COESÃO SOCIAL,SAÚDE,NÍVEL DE SAÚDE,117,NOVO,120,N/A,SMS,Taxa de mortalidade por neoplasias por 100.000 habitantes (População projetada IBGE),sem valor de referência,Não Informado,Não Informado,2015,"133,45"
URBANO,OFERTA DE SERVIÇOS SOCIAIS DE ALTO NÍVEL E PROMOÇÃO DA COESÃO SOCIAL,SAÚDE,NÍVEL DE SAÚDE,118,NOVO,121,N/A,SMS,"Taxa de mortalidade por causas externas (acidentes, crimes, etc.) por 100.000 habitantes (População projetada IBGE)",sem valor de referência,Não Informado,Não Informado,2015,"34,67"
URBANO,OFERTA DE SERVIÇOS SOCIAIS DE ALTO NÍVEL E PROMOÇÃO DA COESÃO SOCIAL,SAÚDE,NÍVEL DE SAÚDE,119,NOVO,122,N/A,SMS,Taxa de internação de adultos por 100.000 habitantes (População projetada IBGE),sem valor de referência,Não Informado,Não Informado,2015,"5121,77"
URBANO,OFERTA DE SERVIÇOS SOCIAIS DE ALTO NÍVEL E PROMOÇÃO DA COESÃO SOCIAL,SAÚDE,NÍVEL DE SAÚDE,120,NOVO,123,N/A,SMS,Taxa de internação de crianças por 100.000 habitantes (População projetada IBGE),sem valor de referência,Não Informado,Não Informado,2015,"3554,02"
URBANO,OFERTA DE SERVIÇOS SOCIAIS DE ALTO NÍVEL E PROMOÇÃO DA COESÃO SOCIAL,SAÚDE,NÍVEL DE SAÚDE,121,NOVO,124,N/A,SMS,"Taxa de internação por causas externas (acidentes, crimes, etc. ) por 100.000 habitantes (População projetada IBGE)",sem valor de referência,Não Informado,Não Informado,2015,"507,3"
URBANO,OFERTA DE SERVIÇOS SOCIAIS DE ALTO NÍVEL E PROMOÇÃO DA COESÃO SOCIAL,SAÚDE,NÍVEL DE SAÚDE,122,NOVO,125,N/A,SMS,Taxa de internação por doenças cardiovasculares por 100.000 habitantes (População projetada IBGE),sem valor de referência,Não Informado,Não Informado,2015,"424,38"
URBANO,OFERTA DE SERVIÇOS SOCIAIS DE ALTO NÍVEL E PROMOÇÃO DA COESÃO SOCIAL,SAÚDE,NÍVEL DE SAÚDE,123,NOVO,126,N/A,SMS,Taxa de internação por neoplasias por 100.000 habitantes (População projetada IBGE),sem valor de referência,Não Informado,Não Informado,2015,"510,85"
URBANO,OFERTA DE SERVIÇOS SOCIAIS DE ALTO NÍVEL E PROMOÇÃO DA COESÃO SOCIAL,SAÚDE,NÍVEL DE SAÚDE,124,L 22,127,N/A,SMS,Prevalência de Diabetes Millitus: Percentual da população atendida nos hospitais e postos de Saúde pública que tem diabetes - População projetada pelo IBGE,sem valor de referência,Não Informado,Não Informado,2015,"6,73"
URBANO,OFERTA DE SERVIÇOS SOCIAIS DE ALTO NÍVEL E PROMOÇÃO DA COESÃO SOCIAL,SAÚDE,NÍVEL DE SAÚDE,125,L 23,128,3.1.2009,SMS/FNR,"Prevalência de obesidade: Percentual de indivíduos, com Índice de Massa Corporal (IMC) maior ou igual a 25 (População projetada pelo IBGE)",sem valor de referência,Não Informado,Não Informado,2015,"15,06"
URBANO,OFERTA DE SERVIÇOS SOCIAIS DE ALTO NÍVEL E PROMOÇÃO DA COESÃO SOCIAL,SAÚDE,NÍVEL DE SAÚDE,126,L 24,129,N/A,SMS,Prevalência de Hipertensão: Percentual de pessoas com  diagnóstico de hipertensão (População projetada pelo IBGE),"Abaixo de 5,7%","5,7% a 7,14%",Acima de 10%,2015,"21,27"
URBANO,OFERTA DE SERVIÇOS SOCIAIS DE ALTO NÍVEL E PROMOÇÃO DA COESÃO SOCIAL,SAÚDE,OFERTA DE SERVIÇOS DE SAÚDE,127,96,130,3.1.2003,SMS/FNR,Quantidade de médicos por 100 mil habitantes (População projetada pelo IBGE),> 200,75 - 200,< 75,2015,"1686,99"
URBANO,OFERTA DE SERVIÇOS SOCIAIS DE ALTO NÍVEL E PROMOÇÃO DA COESÃO SOCIAL,SAÚDE,OFERTA DE SERVIÇOS DE SAÚDE,128,97,131,N/A,SMS,"Quantidade de leitos de hospital por 100 mil habitantes, em hospitais públicos e privados",> 100,50 - 100,< 50,2015,"328,31"
URBANO,OFERTA DE SERVIÇOS SOCIAIS DE ALTO NÍVEL E PROMOÇÃO DA COESÃO SOCIAL,SAÚDE,OFERTA DE SERVIÇOS DE SAÚDE,129,NOVO,132,N/A,SMS,Quantidade de leitos de UTI em hospitais públicos e privados,sem valor de referência,Não Informado,Não Informado,2015,"38,22"
URBANO,OFERTA DE SERVIÇOS SOCIAIS DE ALTO NÍVEL E PROMOÇÃO DA COESÃO SOCIAL,SAÚDE,OFERTA DE SERVIÇOS DE SAÚDE,132,NOVO,135,N/A,SMS,Cobertura de saúde da família: Média/mês de residências atendidas na modalidade de saúde da família,Sem valor de referência,Não Informado,Não Informado,2015,100
URBANO,OFERTA DE SERVIÇOS SOCIAIS DE ALTO NÍVEL E PROMOÇÃO DA COESÃO SOCIAL,SAÚDE,OFERTA DE SERVIÇOS DE SAÚDE,135,L 21,138,N/A,SMS,Cobertura de vacinas,sem valor de referência,Não Informado,Não Informado,2015,"84,23"
URBANO,COMPETITIVIDADE,CAPITAL HUMANO,CULTURA,136,L 18,139,N/A,SMF,Investimento em cultura per capita: por habitante (população projetada IBGE),"> R$ 26,83","R$ 17,88  a R$ 26,82","< R$ 17,87",2015,"35,57"
URBANO,COMPETITIVIDADE,CAPITAL HUMANO,CULTURA,137,L 19,140,N/A,SMF,"Investimento em cultura sobre receita corrente líquida: total da receita líquida investida em cultura, no ano.","> R$ 2,47","R$ 1,77 a R$ 2,47","< R$ 1,76",2015,"1,19"
FISCAL,MECANISMOS ADEQUADOS DE GOVERNO,TRANSPARÊNCIA,TRANSPARÊNCIA E AUDITORIA DA GESTÃO PÚBLICA,164,114,,N/A,Controladoria Geral do Município,Índice de transparência: Consultar transparência internacional Brasil,> 6,"3,0 - 6,0",< 3,2015,"8,75"
FISCAL,GESTÃO ADEQUADA DA RECEITA,IMPOSTOS E AUTONOMIA FINANCEIRA,RECEITAS E IMPOSTOS MUNICIPAIS,165,118,168,9.2.2006,SMF/FNR,"Receita própria: Porcentagem da receita do governo municipal proveniente de tributos (tarifas, encargos e impostos) permitidos pela lei em relação à receita total.",Comparar com as metas da PMF,Não Informado,Não Informado,2015,"66,31"
FISCAL,GESTÃO ADEQUADA DA RECEITA,IMPOSTOS E AUTONOMIA FINANCEIRA,RECEITAS E IMPOSTOS MUNICIPAIS,166,119,169,N/A,SMF,Porcentagem das transferências totais recebidas de outros níveis de governo em relação a receita total.,Comparado com diferentes cidades - sem padrão - fazer parâmetro em SC,Não Informado,Não Informado,2015,"37,04"
FISCAL,GESTÃO ADEQUADA DA RECEITA,IMPOSTOS E AUTONOMIA FINANCEIRA,RECEITAS E IMPOSTOS MUNICIPAIS,167,120,170,N/A,SMF,Porcentagem das transferências recebidas destinadas a usos específicos (pré-definidos) em relação as transferências totais,Comparado com diferentes cidades - sem padrão - fazer parâmetro em SC,Não Informado,Não Informado,2015,"19,25"
FISCAL,GESTÃO ADEQUADA DA RECEITA,IMPOSTOS E AUTONOMIA FINANCEIRA,RECEITAS E IMPOSTOS MUNICIPAIS,168,121,171,N/A,SMF,Porcentagem das receitas de fontes externas ao governo municipal (excluindo-se receita própria e transferências) em relação a receita total,Comparado com diferentes cidades - sem padrão - fazer parâmetro em SC,Não Informado,Não Informado,2015,"33,69"
FISCAL,GESTÃO ADEQUADA DAS DESPESAS,GESTÃO DO GASTO PÚBLICO,QUALIDADE DO GASTO PÚBLICO,176,126,179,N/A,SMF (Siconfi-TCE/SC),Porcentagem dos gastos correntes em relação aos gastos totais,Comparado com diferentes cidades - sem padrão - fazer parâmetro em SC,Não Informado,Não Informado,2015,"105,73"
FISCAL,GESTÃO ADEQUADA DAS DESPESAS,GESTÃO DO GASTO PÚBLICO,QUALIDADE DO GASTO PÚBLICO,177,127,180,9.2.2005,SMF/FNR,Despesas de capital como porcentagem do total de gastos: Percentual de investimentos em ativo fixo (despesas de capital) em relação aos gastos totais,Comparado com diferentes cidades - sem padrão - fazer parâmetro em SC,Não Informado,Não Informado,2015,"10,51"
FISCAL,GESTÃO ADEQUADA DAS DESPESAS,GESTÃO DO GASTO PÚBLICO,QUALIDADE DO GASTO PÚBLICO,178,128,181,N/A,SMF,Taxa média de crescimento anual do gasto corrente: Porcentagem de variação no ano dos gastos correntes,< 0,0 - IPCA,> IPCA,2015,"06,06"
FISCAL,GESTÃO ADEQUADA DAS DESPESAS,GESTÃO DO GASTO PÚBLICO,QUALIDADE DO GASTO PÚBLICO,179,L 1,182,N/A,SMF,Despesa de pessoal/Receita corrente líquida: percentual da depesas totais (salário + engargos + vales transporte e alimentação + plano de saúde) e de pessoal em relação a receita corrente líquida,"< 51,3%","51,3% a 54%",> 54%,2015,"56,85"
FISCAL,Gestao Adequada da Divida,Divida,SUSTENTABILIDADE DA DÍVIDA,181,131,184,9.2.2004,SMF/FNR,Crescimento do serviço da dívida: Porcentagem dos juros da dívida em relação a receita própria,< 5%,5% - 10%,> 10%,2015,"4,71"
FISCAL,Gestao Adequada da Divida,Divida,SUSTENTABILIDADE DA DÍVIDA,182,132,185,N/A,SMF,Crescimento da dívida: Porcentagem de crescimento da dívida (Emprestimos de curto e longo prazo),A taxa de crescimento real anual é negativa,A taxa de crescimento real anual está entre 0% e 2%,A taxa de crescimento real anual é superior a 2%,2015,"4,38"
FISCAL,Gestao Adequada da Divida,Divida,LEI DE RESPONSABILIDADE FISCAL,183,L 2,186,N/A,SMF,Dívida consolidada líquida/Receita corrente líquida: Porcentagem da dívida consolidada líquida em relação a receita corrente líquida,< 50%,50% a 60%,> 60%,2015,"4,72"
FISCAL,Gestao Adequada da Divida,Divida,LEI DE RESPONSABILIDADE FISCAL,184,L 3,187,N/A,SMF,Operação de Crédito/Receita Corrente Líquida:Porcentagem do valor das operações de crédito contratadas no ano em relação a receita corrente líquida,Menor 10%,Entre 10 e 16%,Acima 16%,2015,"0,39"
AMBIENTAL,MANEJO AMBIENTAL E CONSUMO DOS RECURSOS NATURAIS,ÁGUA,COBERTURA DE ÁGUA,1,1,1,7.1.2001,CASAN/FNR,Porcentagem de pessoas com serviço de abastecimento de água potável em relação à população total do município,> 90%–100%,75%–90%,< 75%,2016,100
AMBIENTAL,MANEJO AMBIENTAL E CONSUMO DOS RECURSOS NATURAIS,ÁGUA,EFICIÊNCIA NO USO DA ÁGUA,2,2,2,7.1.2005,CASAN/FNR,Quantidade total do consumo de água em litros por dia dividida pelo total da população. Inclui uso não doméstico.,120–200,80–120 ou 200–250,< 80 ou > 250,2016,"167,89"
AMBIENTAL,MANEJO AMBIENTAL E CONSUMO DOS RECURSOS NATURAIS,ÁGUA,EFICIÊNCIA NO SERVIÇO DE ABASTECIMENTO DE ÁGUA,3,3,3,N/A,CASAN,Média anual de horas/dia em que há o fornecimento contínuo de água.,> 20 h/dia,12–20 h/dia,< 12 h/dia,2016,"19,9"
AMBIENTAL,MANEJO AMBIENTAL E CONSUMO DOS RECURSOS NATURAIS,ÁGUA,EFICIÊNCIA NO SERVIÇO DE ABASTECIMENTO DE ÁGUA,4,4,4,7.1.2004,CASAN/FNR,Qualidade da água: Porcentagem do número total de testes conformes em relação ao número total de testes de qualidade de água tratada realizados.,> 97%,90%–97%,< 90%,2016,"94,82"
AMBIENTAL,MANEJO AMBIENTAL E CONSUMO DOS RECURSOS NATURAIS,ÁGUA,EFICIÊNCIA NO SERVIÇO DE ABASTECIMENTO DE ÁGUA,5,5,5,7.1.2006,CASAN/FNR,Água não contabilizada = Índice de perdas na distribuição de água.,0%–30%,30%–45%,> 45%,2016,"38,92"
AMBIENTAL,MANEJO AMBIENTAL E CONSUMO DOS RECURSOS NATURAIS,ÁGUA,EFICIÊNCIA NO SERVIÇO DE ABASTECIMENTO DE ÁGUA,6,6,6,N/A,SDE/SEMA,Número remanescente de anos de saldo hídrico positivo (volume de água disponível dividido pelo consumo anual real (faturado + perdido).,> 10,5–10,< 5,2016,"2,7"
AMBIENTAL,MANEJO AMBIENTAL E CONSUMO DOS RECURSOS NATURAIS,SANEAMENTO E DRENAGEM,COBERTURA DE SANEAMENTO,7,7,7,N/A,CASAN,Porcentagem de moradias com ligação ao sistema de esgoto,> 75%,75%–60%,< 60%,2016,"60,19"
AMBIENTAL,MANEJO AMBIENTAL E CONSUMO DOS RECURSOS NATURAIS,SANEAMENTO E DRENAGEM,TRATAMENTO DE ÁGUA RESIDUÁRIAS,8,8,8,N/A,CASAN,Porcentagem de águas residuais ou efluente (águas de esgoto) tratadas: total de m³ de águas residuais que entram anualmente nas estações de tratamento dividido pelo total de m³ de água faturadas.,> 60%,40%–60%,< 40%,2016,"60,19"
AMBIENTAL,MANEJO AMBIENTAL E CONSUMO DOS RECURSOS NATURAIS,GESTÃO DE RESÍDUOS  SÓLIDOS,COBERTURA COLETA DE RESÍDUOS SÓLIDOS,10,10,10,N/A,COMCAP,Porcentagem das moradias com coleta regular de resíduos sólidos.,90%–100%,80%–90%,< 80%,2016,100
AMBIENTAL,MANEJO AMBIENTAL E CONSUMO DOS RECURSOS NATURAIS,GESTÃO DE RESÍDUOS  SÓLIDOS,VOLUME DE RESIDUOS SÓLIDOS,11,L 5,11,N/A,COMCAP,"Toneladas totais de resíduos sólidos recolhidos (lixo convencional, coleta seletiva, lixo hospitalar, lixo pesado).",Sem valor de referência,Não Informado,Não Informado,2016,"183,345"
AMBIENTAL,MANEJO AMBIENTAL E CONSUMO DOS RECURSOS NATURAIS,GESTÃO DE RESÍDUOS  SÓLIDOS,DISPOSIÇÃO FINAL DOS RESÍDUOS SÓLIDOS,13,11,13,7.3.2005,COMCAP/FNR,Porcentagem de resíduos sólidos municipais depositados em aterros sanitários,<35%,36%- 50%,> 50%,2016,"93,15"
AMBIENTAL,MANEJO AMBIENTAL E CONSUMO DOS RECURSOS NATURAIS,GESTÃO DE RESÍDUOS  SÓLIDOS,DISPOSIÇÃO FINAL DOS RESÍDUOS SÓLIDOS,14,12,14,N/A,COMCAP,Vida remanescente útil das instalações de aterro sanitário,> 8,5–8,< 5,2016,1
AMBIENTAL,MANEJO AMBIENTAL E CONSUMO DOS RECURSOS NATURAIS,GESTÃO DE RESÍDUOS  SÓLIDOS,TRATAMENTO DOS                                                                    RESÍDUOS SÓLIDOS,15,14,15,N/A,COMCAP,Porcentagem de resíduos sólidos municipais compostados pela Prefeitura,> 20%,5%–20%,< 5%,2016,"0,33"
AMBIENTAL,MANEJO AMBIENTAL E CONSUMO DOS RECURSOS NATURAIS,GESTÃO DE RESÍDUOS  SÓLIDOS,TRATAMENTO DOS                                                                    RESÍDUOS SÓLIDOS,16,15,16,7.3.2004,COMCAP/FNR,Porcentagem de resíduos sólidos separados e classificados para reciclagem,> 25%,15%–25%,< 15%,2016,"6,85"
AMBIENTAL,MANEJO AMBIENTAL E CONSUMO DOS RECURSOS NATURAIS,GESTÃO DE RESÍDUOS  SÓLIDOS,TRATAMENTO DOS                                                                    RESÍDUOS SÓLIDOS,17,16,17,7.3.2006,COMCAP/FNR,Porcentagem de resíduos sólidos tratados em usinas de geração de energia a partir de resíduos em relação ao total de resíduos sólidos produzidos.,> 20 %,10%- 19%,< 10%,2016,0
AMBIENTAL,MANEJO AMBIENTAL E CONSUMO DOS RECURSOS NATURAIS,ENERGIA,COBERTURA ENERGÉTICA,18,17,18,N/A,CELESC,Porcentagem de domicílios(residenciais) com ligação autorizada à energia elétrica,90%–100%,70%–90%,< 70%,2016,"209,174"
AMBIENTAL,MANEJO AMBIENTAL E CONSUMO DOS RECURSOS NATURAIS,ENERGIA,COBERTURA ENERGÉTICA,20,19,21,7.4.2007,CELESC /FNR,"Média de interrupção do fornecimento de energia elétrica por domicílio/ano, expresso em h/domicílio/ano",< 7h,7–10h,> 10h,2016,"5,72"
AMBIENTAL,MANEJO AMBIENTAL E CONSUMO DOS RECURSOS NATURAIS,ENERGIA,EFICIÊNCIA ENERGÉTICA,21,21,22,N/A,CELESC,Consumo anual de eletricidade por cliente residencial em Kw/h,1500–3500 kWh/por domicílio/ano,"900–1500 kWh/por domicílio/ano
3500–5000 kWh/por domicílio/ano","< 900 kWh/por domicílio/ano
> 5000 kWh/por domicílio/ano",2016,"2,783"
AMBIENTAL,MANEJO AMBIENTAL E CONSUMO DOS RECURSOS NATURAIS,ENERGIA,ENERGIA ALTERNATIVA E RENOVÁVEL,23,,25,7.4.2004,CELESC /FNR,Energia proveniente de fontes renováveis (porcentagem),> 50%,20%–50%,< 20%,2016,"81,7"
AMBIENTAL,MITIGAÇÃO DOS GASES DE EFEITO ESTUFA E OUTRAS FORMAS DE CONTAMINAÇÃO,MITIGAÇÃO DA MUDANÇA CLIMÁTICA,EMISSÕES TOTAIS DE GEE,26,29,28,6.3.2003,FLORAM/FNR,Emissões de GEE -Toneladas per capita (População projetada do IBGE),< 5,5–10,> 10,2016,"2,17"
AMBIENTAL,REDUÇÃO DA VULNERABILIDADE DIANTE DE DESASTRES NATURAIS E ADAPTAÇÃO À MUDANÇA DO CLIMA,VULNERABILIDADE FRENTE A DESASTRES NATURAIS NO CONTEXTO DA MUDANÇA CLIMÁTICA,CAPACIDADE DE ADAPTAÇÃO À MUDANÇA CLIMÁTICA E A EVENTOS NATURAIS EXTREMOS,29,34,31,N/A,SMSP,"Porcentagem das áreas de risco e vulnerabilidades da cidade (áreas de risco de deslizamento, de inundação costeira e pluvial, de vulnerabilidade social, de interrupções das pontes, de secas com comprometimento de abastecimento de água, apagões e de congestionamento viário extremo) que possuem planos de contingência adequados e atualizados.",acima de 90%,"de 60 a 89,99%",abaixo de 60%,2016,12
URBANO,CONTROLE DO CRESCIMENTO E MELHORIA DO HABITAT URBANO,USO DO SOLO / ORDENAMENTO TERRITORIAL,DENSIDADE,33,41,36,N/A,IPUF,Porcentagem de crescimento anual da quilometragem da malha urbana,< 3%,3%–5%,> 5%,2016,"01,09"
URBANO,CONTROLE DO CRESCIMENTO E MELHORIA DO HABITAT URBANO,USO DO SOLO / ORDENAMENTO TERRITORIAL,DENSIDADE,34,42,37,N/A,IPUF,Quantidade de população por km² de área urbanizada (exclui-se as áreas de agricultura e açudes de mais de 5 km),7.000 - 20.000,4.000–7.000; 20.000–25.000,< 4.000;                                         > 25.000,2016,"5,134"
URBANO,CONTROLE DO CRESCIMENTO E MELHORIA DO HABITAT URBANO,USO DO SOLO / ORDENAMENTO TERRITORIAL,DENSIDADE,35,L 8,38,N/A,IPUF,Porcentagem de crescimento demográfico,<1%,"1% - 1,5%","> 1,5%",2016,"1,7"
URBANO,CONTROLE DO CRESCIMENTO E MELHORIA DO HABITAT URBANO,USO DO SOLO / ORDENAMENTO TERRITORIAL,ÁREAS VERDE E DE RECREAÇÃO,38,45,41,N/A,IPUF,Quantidade de hectares de áreas verdes permanentes de lazer (de acordo com o Plano Diretor) para cada 100.000 habitantes (população projetada IBGE),> 50,20–50,< 20,2016,"7,313"
URBANO,PROMOÇÃO DO TRANSPORTE URBANO SUSTENTÁVEL,MOBILIDADE / TRANSPORTE,INFRAESTRUTURA DE TRANSPORTE EQUILIBRADA,53,52,57,N/A,SMPIU,Quilômetros de vias públicas por 100 mil habitantes (População projetada do IBGE),< 300,300–400,> 400,2016,"786,65"
URBANO,PROMOÇÃO DO TRANSPORTE URBANO SUSTENTÁVEL,MOBILIDADE / TRANSPORTE,INFRAESTRUTURA DE TRANSPORTE EQUILIBRADA,56,53,60,2.1.2004,SMTI,Quilômetros de vias dedicadas exclusivamente ao  transporte público por 100 mil habitantes (população projetada do IBGE),> 40,10–40,< 10,2016,0
URBANO,PROMOÇÃO DO TRANSPORTE URBANO SUSTENTÁVEL,MOBILIDADE / TRANSPORTE,INFRAESTRUTURA DE TRANSPORTE EQUILIBRADA,57,54,61,somar: 2.2.2 + 2.2.3 + 2.2.4,SMTI/FNR,"Quilômetros de ciclovias, ciclofaixas e ciclorotas por 100 mil habitantes (população projetada IBGE)",> 25,15–25,< 15,2016,"18,2"
URBANO,PROMOÇÃO DO TRANSPORTE URBANO SUSTENTÁVEL,MOBILIDADE / TRANSPORTE,TRANSPORTE LIMPO,70,57,74,N/A,SMTI,Idade média da frota do transporte público,< 6,6–12,> 12,2016,"5,32"
URBANO,PROMOÇÃO DO TRANSPORTE URBANO SUSTENTÁVEL,MOBILIDADE / TRANSPORTE,TRANSPORTE SEGURO,71,58,75,10.2.2001,SSP/FNR,Vítimas mortais de acidentes de trânsito por 100 mil habitantes,< 10,10–20,> 20,2016,"17,16"
URBANO,PROMOÇÃO DO TRANSPORTE URBANO SUSTENTÁVEL,MOBILIDADE / TRANSPORTE,TRANSPORTE SEGURO,72,NOVO,76,N/A,SMS,Quantidade anual de pessoas hospitalizadas por acidentes de trânsito por 100.000 habitantes (população projetada IBGE),sem valor de referência,Não Informado,Não Informado,2016,"28,18"
URBANO,PROMOÇÃO DO TRANSPORTE URBANO SUSTENTÁVEL,MOBILIDADE / TRANSPORTE,MENOS CONGESTIONAMENTO,74,60,78,2.4.2001,SMTI/FNR,"Número de veículos de uso pessoal (automóveis, SUV's, etc) registrados no DETRAN local (exceto táxis) per capita (população projetada IBGE)","< 0,3","0,3–0,4","> 0,4",2016,"0,45"
URBANO,PROMOÇÃO DO DESENVOLVIMENTO ECONÔMICO LOCAL COMPETITIVO SUSTENTÁVEL,AMBIENTE DE NEGÓCIOS,REG. NEGÓCIOS E INVESTIMENTOS,76,65,80,N/A,SMDECT,Quantidade de dias para abrir uma empresa,< 12,12–20,> 20,2016,3
URBANO,PROMOÇÃO DO DESENVOLVIMENTO ECONÔMICO LOCAL COMPETITIVO SUSTENTÁVEL,TECIDO PRODUTIVO,CRESCIMENTO PRODUTIVO,81,67,85,8.2.2001,SMDECT/SIE/FRN,PIB per capita da cidade (Fonte IBGE - Estatisticas),>US$ 9.000,US$ 3.000–US$ 9.000,< US$ 3.000,2016,"39,056"
URBANO,PROMOÇÃO DO DESENVOLVIMENTO ECONÔMICO LOCAL COMPETITIVO SUSTENTÁVEL,MERCADO LABORAL,DESEMPREGO,85,69,89,8.1.2005,SMTDI/FNR,Taxa de desemprego (Fonte: IBGE - ESTATISTICAS - PNAD Contínua),< 7%,7%–12%,> 12%,2016,"6,4"
URBANO,OFERTA DE SERVIÇOS SOCIAIS DE ALTO NÍVEL E PROMOÇÃO DA COESÃO SOCIAL,EDUCAÇÃO,QUALIDADE DO ENSINO,92,79,97,N/A,SME,Quantidade de alunos por professor nas escolas públicas,< 15:1,Entre 15:1 e 25:1,> 25:1,2016,17
URBANO,OFERTA DE SERVIÇOS SOCIAIS DE ALTO NÍVEL E PROMOÇÃO DA COESÃO SOCIAL,SEGURANÇA,VIOLÊNCIA,101,85,104,10.1.2005,SSP/FNR,Quantidade de homicídios por 100 mil habitantes - população projetada pelo IBGE,< 10,10–25,> 25,2016,"16,56"
URBANO,OFERTA DE SERVIÇOS SOCIAIS DE ALTO NÍVEL E PROMOÇÃO DA COESÃO SOCIAL,SEGURANÇA,VIOLÊNCIA,105,88,108,N/A,SSP,Roubos por 100 mil habitantes - população projetada pelo IBGE,< 300,300–1.000,> 1.000,2016,696
URBANO,OFERTA DE SERVIÇOS SOCIAIS DE ALTO NÍVEL E PROMOÇÃO DA COESÃO SOCIAL,SEGURANÇA,VIOLÊNCIA,106,89,109,N/A,SSP,Furtos por 100 mil habitantes - população projetada pelo IBGE,< 3.000,3.000–5.000,> 5.000,2016,"2,872"
URBANO,OFERTA DE SERVIÇOS SOCIAIS DE ALTO NÍVEL E PROMOÇÃO DA COESÃO SOCIAL,SEGURANÇA,ESTRUTURAS DE SEGURANÇA,110,L 20,113,N/A,SSP,Quantidade de CONSEGs ativos,sem valor de referência,Não Informado,Não Informado,2016,14
URBANO,OFERTA DE SERVIÇOS SOCIAIS DE ALTO NÍVEL E PROMOÇÃO DA COESÃO SOCIAL,SAÚDE,NÍVEL DE SAÚDE,111,NOVO,114,N/A,SMS,Taxa Geral de mortalidade por 100.000 habitantes (População projetada IBGE),sem valor de referência,Não Informado,Não Informado,2016,"504,25"
URBANO,OFERTA DE SERVIÇOS SOCIAIS DE ALTO NÍVEL E PROMOÇÃO DA COESÃO SOCIAL,SAÚDE,NÍVEL DE SAÚDE,112,NOVO,115,N/A,SMS,Taxa Geral de mortalidade de homens por 100.000 habitantes (População projetada IBGE),sem valor de referência,Não Informado,Não Informado,2016,"548,27"
URBANO,OFERTA DE SERVIÇOS SOCIAIS DE ALTO NÍVEL E PROMOÇÃO DA COESÃO SOCIAL,SAÚDE,NÍVEL DE SAÚDE,113,NOVO,116,N/A,SMS,Taxa Geral de mortalidade de mulheres por 100.000 habitantes (População projetada IBGE),sem valor de referência,Não Informado,Não Informado,2016,"462,95"
URBANO,OFERTA DE SERVIÇOS SOCIAIS DE ALTO NÍVEL E PROMOÇÃO DA COESÃO SOCIAL,SAÚDE,NÍVEL DE SAÚDE,114,95,117,3.1.2004,SMS/FNR,Taxa de mortalidade infantil (crianças menores de 5 anos)por 100.000 habitantes (População projetada IBGE),< 20,20 -30,> 30,2016,"06,09"
URBANO,OFERTA DE SERVIÇOS SOCIAIS DE ALTO NÍVEL E PROMOÇÃO DA COESÃO SOCIAL,SAÚDE,NÍVEL DE SAÚDE,115,NOVO,118,N/A,SMS,Taxa de mortalidade Precoce (Anos potenciais de vida perdido - APVP) por 100.000 habitantes (População projetada IBGE),sem valor de referência,Não Informado,Não Informado,2016,"4769,21"
URBANO,OFERTA DE SERVIÇOS SOCIAIS DE ALTO NÍVEL E PROMOÇÃO DA COESÃO SOCIAL,SAÚDE,NÍVEL DE SAÚDE,116,NOVO,119,N/A,SMS,Taxa de mortalidade por doenças cardovasculares por 100.000 habitantes (População projetada IBGE),sem valor de referência,Não Informado,Não Informado,2016,"157,67"
URBANO,OFERTA DE SERVIÇOS SOCIAIS DE ALTO NÍVEL E PROMOÇÃO DA COESÃO SOCIAL,SAÚDE,NÍVEL DE SAÚDE,117,NOVO,120,N/A,SMS,Taxa de mortalidade por neoplasias por 100.000 habitantes (População projetada IBGE),sem valor de referência,Não Informado,Não Informado,2016,"125,4"
URBANO,OFERTA DE SERVIÇOS SOCIAIS DE ALTO NÍVEL E PROMOÇÃO DA COESÃO SOCIAL,SAÚDE,NÍVEL DE SAÚDE,118,NOVO,121,N/A,SMS,"Taxa de mortalidade por causas externas (acidentes, crimes, etc.) por 100.000 habitantes (População projetada IBGE)",sem valor de referência,Não Informado,Não Informado,2016,"42,89"
URBANO,OFERTA DE SERVIÇOS SOCIAIS DE ALTO NÍVEL E PROMOÇÃO DA COESÃO SOCIAL,SAÚDE,NÍVEL DE SAÚDE,119,NOVO,122,N/A,SMS,Taxa de internação de adultos por 100.000 habitantes (População projetada IBGE),sem valor de referência,Não Informado,Não Informado,2016,"5507,94"
URBANO,OFERTA DE SERVIÇOS SOCIAIS DE ALTO NÍVEL E PROMOÇÃO DA COESÃO SOCIAL,SAÚDE,NÍVEL DE SAÚDE,120,NOVO,123,N/A,SMS,Taxa de internação de crianças por 100.000 habitantes (População projetada IBGE),sem valor de referência,Não Informado,Não Informado,2016,"3603,77"
URBANO,OFERTA DE SERVIÇOS SOCIAIS DE ALTO NÍVEL E PROMOÇÃO DA COESÃO SOCIAL,SAÚDE,NÍVEL DE SAÚDE,121,NOVO,124,N/A,SMS,"Taxa de internação por causas externas (acidentes, crimes, etc. ) por 100.000 habitantes (População projetada IBGE)",sem valor de referência,Não Informado,Não Informado,2016,"547,54"
URBANO,OFERTA DE SERVIÇOS SOCIAIS DE ALTO NÍVEL E PROMOÇÃO DA COESÃO SOCIAL,SAÚDE,NÍVEL DE SAÚDE,122,NOVO,125,N/A,SMS,Taxa de internação por doenças cardiovasculares por 100.000 habitantes (População projetada IBGE),sem valor de referência,Não Informado,Não Informado,2016,"540,12"
URBANO,OFERTA DE SERVIÇOS SOCIAIS DE ALTO NÍVEL E PROMOÇÃO DA COESÃO SOCIAL,SAÚDE,NÍVEL DE SAÚDE,123,NOVO,126,N/A,SMS,Taxa de internação por neoplasias por 100.000 habitantes (População projetada IBGE),sem valor de referência,Não Informado,Não Informado,2016,"469,28"
URBANO,OFERTA DE SERVIÇOS SOCIAIS DE ALTO NÍVEL E PROMOÇÃO DA COESÃO SOCIAL,SAÚDE,NÍVEL DE SAÚDE,124,L 22,127,N/A,SMS,Prevalência de Diabetes Millitus: Percentual da população atendida nos hospitais e postos de Saúde pública que tem diabetes - População projetada pelo IBGE,sem valor de referência,Não Informado,Não Informado,2016,"6,71"
URBANO,OFERTA DE SERVIÇOS SOCIAIS DE ALTO NÍVEL E PROMOÇÃO DA COESÃO SOCIAL,SAÚDE,NÍVEL DE SAÚDE,125,L 23,128,3.1.2009,SMS/FNR,"Prevalência de obesidade: Percentual de indivíduos, com Índice de Massa Corporal (IMC) maior ou igual a 25 (População projetada pelo IBGE)",sem valor de referência,Não Informado,Não Informado,2016,"13,52"
URBANO,OFERTA DE SERVIÇOS SOCIAIS DE ALTO NÍVEL E PROMOÇÃO DA COESÃO SOCIAL,SAÚDE,NÍVEL DE SAÚDE,126,L 24,129,N/A,SMS,Prevalência de Hipertensão: Percentual de pessoas com  diagnóstico de hipertensão (População projetada pelo IBGE),"Abaixo de 5,7%","5,7% a 7,14%",Acima de 10%,2016,"22,2"
URBANO,OFERTA DE SERVIÇOS SOCIAIS DE ALTO NÍVEL E PROMOÇÃO DA COESÃO SOCIAL,SAÚDE,OFERTA DE SERVIÇOS DE SAÚDE,127,96,130,3.1.2003,SMS/FNR,Quantidade de médicos por 100 mil habitantes (População projetada pelo IBGE),> 200,75 - 200,< 75,2016,"1719,12"
URBANO,OFERTA DE SERVIÇOS SOCIAIS DE ALTO NÍVEL E PROMOÇÃO DA COESÃO SOCIAL,SAÚDE,OFERTA DE SERVIÇOS DE SAÚDE,128,97,131,N/A,SMS,"Quantidade de leitos de hospital por 100 mil habitantes, em hospitais públicos e privados",> 100,50 - 100,< 50,2016,"318,14"
URBANO,OFERTA DE SERVIÇOS SOCIAIS DE ALTO NÍVEL E PROMOÇÃO DA COESÃO SOCIAL,SAÚDE,OFERTA DE SERVIÇOS DE SAÚDE,129,NOVO,132,N/A,SMS,Quantidade de leitos de UTI em hospitais públicos e privados,sem valor de referência,Não Informado,Não Informado,2016,"40,42"
URBANO,OFERTA DE SERVIÇOS SOCIAIS DE ALTO NÍVEL E PROMOÇÃO DA COESÃO SOCIAL,SAÚDE,OFERTA DE SERVIÇOS DE SAÚDE,132,NOVO,135,N/A,SMS,Cobertura de saúde da família: Média/mês de residências atendidas na modalidade de saúde da família,Sem valor de referência,Não Informado,Não Informado,2016,100
URBANO,OFERTA DE SERVIÇOS SOCIAIS DE ALTO NÍVEL E PROMOÇÃO DA COESÃO SOCIAL,SAÚDE,OFERTA DE SERVIÇOS DE SAÚDE,135,L 21,138,N/A,SMS,Cobertura de vacinas,sem valor de referência,Não Informado,Não Informado,2016,"53,83"
FISCAL,MECANISMOS ADEQUADOS DE GOVERNO,TRANSPARÊNCIA,TRANSPARÊNCIA E AUDITORIA DA GESTÃO PÚBLICA,164,114,,N/A,Controladoria Geral do Município,Índice de transparência: Consultar transparência internacional Brasil,> 6,"3,0 - 6,0",< 3,2016,"02,08"
FISCAL,GESTÃO ADEQUADA DA RECEITA,IMPOSTOS E AUTONOMIA FINANCEIRA,RECEITAS E IMPOSTOS MUNICIPAIS,165,118,168,9.2.2006,SMF/FNR,"Receita própria: Porcentagem da receita do governo municipal proveniente de tributos (tarifas, encargos e impostos) permitidos pela lei em relação à receita total.",Comparar com as metas da PMF,Não Informado,Não Informado,2016,"64,79"
FISCAL,GESTÃO ADEQUADA DA RECEITA,IMPOSTOS E AUTONOMIA FINANCEIRA,RECEITAS E IMPOSTOS MUNICIPAIS,166,119,169,N/A,SMF,Porcentagem das transferências totais recebidas de outros níveis de governo em relação a receita total.,Comparado com diferentes cidades - sem padrão - fazer parâmetro em SC,Não Informado,Não Informado,2016,"36,4"
FISCAL,GESTÃO ADEQUADA DA RECEITA,IMPOSTOS E AUTONOMIA FINANCEIRA,RECEITAS E IMPOSTOS MUNICIPAIS,167,120,170,N/A,SMF,Porcentagem das transferências recebidas destinadas a usos específicos (pré-definidos) em relação as transferências totais,Comparado com diferentes cidades - sem padrão - fazer parâmetro em SC,Não Informado,Não Informado,2016,"26,64"
FISCAL,GESTÃO ADEQUADA DA RECEITA,IMPOSTOS E AUTONOMIA FINANCEIRA,RECEITAS E IMPOSTOS MUNICIPAIS,168,121,171,N/A,SMF,Porcentagem das receitas de fontes externas ao governo municipal (excluindo-se receita própria e transferências) em relação a receita total,Comparado com diferentes cidades - sem padrão - fazer parâmetro em SC,Não Informado,Não Informado,2016,"35,2"
FISCAL,GESTÃO ADEQUADA DAS DESPESAS,GESTÃO DO GASTO PÚBLICO,QUALIDADE DO GASTO PÚBLICO,176,126,179,N/A,SMF (Siconfi-TCE/SC),Porcentagem dos gastos correntes em relação aos gastos totais,Comparado com diferentes cidades - sem padrão - fazer parâmetro em SC,Não Informado,Não Informado,2016,"103,7"
FISCAL,GESTÃO ADEQUADA DAS DESPESAS,GESTÃO DO GASTO PÚBLICO,QUALIDADE DO GASTO PÚBLICO,177,127,180,9.2.2005,SMF/FNR,Despesas de capital como porcentagem do total de gastos: Percentual de investimentos em ativo fixo (despesas de capital) em relação aos gastos totais,Comparado com diferentes cidades - sem padrão - fazer parâmetro em SC,Não Informado,Não Informado,2016,10
FISCAL,GESTÃO ADEQUADA DAS DESPESAS,GESTÃO DO GASTO PÚBLICO,QUALIDADE DO GASTO PÚBLICO,178,128,181,N/A,SMF,Taxa média de crescimento anual do gasto corrente: Porcentagem de variação no ano dos gastos correntes,< 0,0 - IPCA,> IPCA,2016,"5,99"
FISCAL,GESTÃO ADEQUADA DAS DESPESAS,GESTÃO DO GASTO PÚBLICO,QUALIDADE DO GASTO PÚBLICO,179,L 1,182,N/A,SMF,Despesa de pessoal/Receita corrente líquida: percentual da depesas totais (salário + engargos + vales transporte e alimentação + plano de saúde) e de pessoal em relação a receita corrente líquida,"< 51,3%","51,3% a 54%",> 54%,2016,"57,19"
FISCAL,Gestao Adequada da Divida,Divida,SUSTENTABILIDADE DA DÍVIDA,181,131,184,9.2.2004,SMF/FNR,Crescimento do serviço da dívida: Porcentagem dos juros da dívida em relação a receita própria,< 5%,5% - 10%,> 10%,2016,"6,89"
FISCAL,Gestao Adequada da Divida,Divida,SUSTENTABILIDADE DA DÍVIDA,182,132,185,N/A,SMF,Crescimento da dívida: Porcentagem de crescimento da dívida (Emprestimos de curto e longo prazo),A taxa de crescimento real anual é negativa,A taxa de crescimento real anual está entre 0% e 2%,A taxa de crescimento real anual é superior a 2%,2016,"4,35"
FISCAL,Gestao Adequada da Divida,Divida,LEI DE RESPONSABILIDADE FISCAL,183,L 2,186,N/A,SMF,Dívida consolidada líquida/Receita corrente líquida: Porcentagem da dívida consolidada líquida em relação a receita corrente líquida,< 50%,50% a 60%,> 60%,2016,"6,89"
FISCAL,Gestao Adequada da Divida,Divida,LEI DE RESPONSABILIDADE FISCAL,184,L 3,187,N/A,SMF,Operação de Crédito/Receita Corrente Líquida:Porcentagem do valor das operações de crédito contratadas no ano em relação a receita corrente líquida,Menor 10%,Entre 10 e 16%,Acima 16%,2016,"0,36"
AMBIENTAL,MANEJO AMBIENTAL E CONSUMO DOS RECURSOS NATURAIS,ÁGUA,COBERTURA DE ÁGUA,1,1,1,7.1.2001,CASAN/FNR,Porcentagem de pessoas com serviço de abastecimento de água potável em relação à população total do município,> 90%–100%,75%–90%,< 75%,2017,100
AMBIENTAL,MANEJO AMBIENTAL E CONSUMO DOS RECURSOS NATURAIS,ÁGUA,EFICIÊNCIA NO USO DA ÁGUA,2,2,2,7.1.2005,CASAN/FNR,Quantidade total do consumo de água em litros por dia dividida pelo total da população. Inclui uso não doméstico.,120–200,80–120 ou 200–250,< 80 ou > 250,2017,"167,61"
AMBIENTAL,MANEJO AMBIENTAL E CONSUMO DOS RECURSOS NATURAIS,ÁGUA,EFICIÊNCIA NO SERVIÇO DE ABASTECIMENTO DE ÁGUA,3,3,3,N/A,CASAN,Média anual de horas/dia em que há o fornecimento contínuo de água.,> 20 h/dia,12–20 h/dia,< 12 h/dia,2017,"23,44"
AMBIENTAL,MANEJO AMBIENTAL E CONSUMO DOS RECURSOS NATURAIS,ÁGUA,EFICIÊNCIA NO SERVIÇO DE ABASTECIMENTO DE ÁGUA,4,4,4,7.1.2004,CASAN/FNR,Qualidade da água: Porcentagem do número total de testes conformes em relação ao número total de testes de qualidade de água tratada realizados.,> 97%,90%–97%,< 90%,2017,"94,75"
AMBIENTAL,MANEJO AMBIENTAL E CONSUMO DOS RECURSOS NATURAIS,ÁGUA,EFICIÊNCIA NO SERVIÇO DE ABASTECIMENTO DE ÁGUA,5,5,5,7.1.2006,CASAN/FNR,Água não contabilizada = Índice de perdas na distribuição de água.,0%–30%,30%–45%,> 45%,2017,"31,92"
AMBIENTAL,MANEJO AMBIENTAL E CONSUMO DOS RECURSOS NATURAIS,ÁGUA,EFICIÊNCIA NO SERVIÇO DE ABASTECIMENTO DE ÁGUA,6,6,6,N/A,SDE/SEMA,Número remanescente de anos de saldo hídrico positivo (volume de água disponível dividido pelo consumo anual real (faturado + perdido).,> 10,5–10,< 5,2017,3
AMBIENTAL,MANEJO AMBIENTAL E CONSUMO DOS RECURSOS NATURAIS,SANEAMENTO E DRENAGEM,COBERTURA DE SANEAMENTO,7,7,7,N/A,CASAN,Porcentagem de moradias com ligação ao sistema de esgoto,> 75%,75%–60%,< 60%,2017,"55,13"
AMBIENTAL,MANEJO AMBIENTAL E CONSUMO DOS RECURSOS NATURAIS,SANEAMENTO E DRENAGEM,TRATAMENTO DE ÁGUA RESIDUÁRIAS,8,8,8,N/A,CASAN,Porcentagem de águas residuais ou efluente (águas de esgoto) tratadas: total de m³ de águas residuais que entram anualmente nas estações de tratamento dividido pelo total de m³ de água faturadas.,> 60%,40%–60%,< 40%,2017,"55,13"
AMBIENTAL,MANEJO AMBIENTAL E CONSUMO DOS RECURSOS NATURAIS,GESTÃO DE RESÍDUOS  SÓLIDOS,COBERTURA COLETA DE RESÍDUOS SÓLIDOS,10,10,10,N/A,COMCAP,Porcentagem das moradias com coleta regular de resíduos sólidos.,90%–100%,80%–90%,< 80%,2017,100
AMBIENTAL,MANEJO AMBIENTAL E CONSUMO DOS RECURSOS NATURAIS,GESTÃO DE RESÍDUOS  SÓLIDOS,VOLUME DE RESIDUOS SÓLIDOS,11,L 5,11,N/A,COMCAP,"Toneladas totais de resíduos sólidos recolhidos (lixo convencional, coleta seletiva, lixo hospitalar, lixo pesado).",Sem valor de referência,Não Informado,Não Informado,2017,"203,262"
AMBIENTAL,MANEJO AMBIENTAL E CONSUMO DOS RECURSOS NATURAIS,GESTÃO DE RESÍDUOS  SÓLIDOS,DISPOSIÇÃO FINAL DOS RESÍDUOS SÓLIDOS,13,11,13,7.3.2005,COMCAP/FNR,Porcentagem de resíduos sólidos municipais depositados em aterros sanitários,<35%,36%- 50%,> 50%,2017,"93,83"
AMBIENTAL,MANEJO AMBIENTAL E CONSUMO DOS RECURSOS NATURAIS,GESTÃO DE RESÍDUOS  SÓLIDOS,DISPOSIÇÃO FINAL DOS RESÍDUOS SÓLIDOS,14,12,14,N/A,COMCAP,Vida remanescente útil das instalações de aterro sanitário,> 8,5–8,< 5,2017,4
AMBIENTAL,MANEJO AMBIENTAL E CONSUMO DOS RECURSOS NATURAIS,GESTÃO DE RESÍDUOS  SÓLIDOS,TRATAMENTO DOS                                                                    RESÍDUOS SÓLIDOS,15,14,15,N/A,COMCAP,Porcentagem de resíduos sólidos municipais compostados pela Prefeitura,> 20%,5%–20%,< 5%,2017,16
AMBIENTAL,MANEJO AMBIENTAL E CONSUMO DOS RECURSOS NATURAIS,GESTÃO DE RESÍDUOS  SÓLIDOS,TRATAMENTO DOS                                                                    RESÍDUOS SÓLIDOS,16,15,16,7.3.2004,COMCAP/FNR,Porcentagem de resíduos sólidos separados e classificados para reciclagem,> 25%,15%–25%,< 15%,2017,"6,17"
AMBIENTAL,MANEJO AMBIENTAL E CONSUMO DOS RECURSOS NATURAIS,GESTÃO DE RESÍDUOS  SÓLIDOS,TRATAMENTO DOS                                                                    RESÍDUOS SÓLIDOS,17,16,17,7.3.2006,COMCAP/FNR,Porcentagem de resíduos sólidos tratados em usinas de geração de energia a partir de resíduos em relação ao total de resíduos sólidos produzidos.,> 20 %,10%- 19%,< 10%,2017,0
AMBIENTAL,MANEJO AMBIENTAL E CONSUMO DOS RECURSOS NATURAIS,ENERGIA,COBERTURA ENERGÉTICA,18,17,18,N/A,CELESC,Porcentagem de domicílios(residenciais) com ligação autorizada à energia elétrica,90%–100%,70%–90%,< 70%,2017,"210,707"
AMBIENTAL,MANEJO AMBIENTAL E CONSUMO DOS RECURSOS NATURAIS,ENERGIA,EFICIÊNCIA ENERGÉTICA,21,21,22,N/A,CELESC,Consumo anual de eletricidade por cliente residencial em Kw/h,1500–3500 kWh/por domicílio/ano,"900–1500 kWh/por domicílio/ano
3500–5000 kWh/por domicílio/ano","< 900 kWh/por domicílio/ano
> 5000 kWh/por domicílio/ano",2017,"2,726"
AMBIENTAL,MANEJO AMBIENTAL E CONSUMO DOS RECURSOS NATURAIS,ENERGIA,ENERGIA ALTERNATIVA E RENOVÁVEL,23,,25,7.4.2004,CELESC /FNR,Energia proveniente de fontes renováveis (porcentagem),> 50%,20%–50%,< 20%,2017,"80,4"
AMBIENTAL,MITIGAÇÃO DOS GASES DE EFEITO ESTUFA E OUTRAS FORMAS DE CONTAMINAÇÃO,MITIGAÇÃO DA MUDANÇA CLIMÁTICA,EMISSÕES TOTAIS DE GEE,26,29,28,6.3.2003,FLORAM/FNR,Emissões de GEE -Toneladas per capita (População projetada do IBGE),< 5,5–10,> 10,2017,"2,17"
AMBIENTAL,REDUÇÃO DA VULNERABILIDADE DIANTE DE DESASTRES NATURAIS E ADAPTAÇÃO À MUDANÇA DO CLIMA,VULNERABILIDADE FRENTE A DESASTRES NATURAIS NO CONTEXTO DA MUDANÇA CLIMÁTICA,CAPACIDADE DE ADAPTAÇÃO À MUDANÇA CLIMÁTICA E A EVENTOS NATURAIS EXTREMOS,29,34,31,N/A,SMSP,"Porcentagem das áreas de risco e vulnerabilidades da cidade (áreas de risco de deslizamento, de inundação costeira e pluvial, de vulnerabilidade social, de interrupções das pontes, de secas com comprometimento de abastecimento de água, apagões e de congestionamento viário extremo) que possuem planos de contingência adequados e atualizados.",acima de 90%,"de 60 a 89,99%",abaixo de 60%,2017,12
AMBIENTAL,REDUÇÃO DA VULNERABILIDADE DIANTE DE DESASTRES NATURAIS E ADAPTAÇÃO À MUDANÇA DO CLIMA,VULNERABILIDADE FRENTE A DESASTRES NATURAIS NO CONTEXTO DA MUDANÇA CLIMÁTICA,CAPACIDADE DE ADAPTAÇÃO À MUDANÇA CLIMÁTICA E A EVENTOS NATURAIS EXTREMOS,30,35,32,N/A,SMSP,Porcentagem dos planos de contingência de riscos que possui alerta precoce,acima de 90%,"de 60 a 89,99%",abaixo de 60%,2017,3
URBANO,CONTROLE DO CRESCIMENTO E MELHORIA DO HABITAT URBANO,USO DO SOLO / ORDENAMENTO TERRITORIAL,DENSIDADE,33,41,36,N/A,IPUF,Porcentagem de crescimento anual da quilometragem da malha urbana,< 3%,3%–5%,> 5%,2017,"0,16"
URBANO,CONTROLE DO CRESCIMENTO E MELHORIA DO HABITAT URBANO,USO DO SOLO / ORDENAMENTO TERRITORIAL,DENSIDADE,34,42,37,N/A,IPUF,Quantidade de população por km² de área urbanizada (exclui-se as áreas de agricultura e açudes de mais de 5 km),7.000 - 20.000,4.000–7.000; 20.000–25.000,< 4.000;                                         > 25.000,2017,"4,957"
URBANO,CONTROLE DO CRESCIMENTO E MELHORIA DO HABITAT URBANO,USO DO SOLO / ORDENAMENTO TERRITORIAL,DENSIDADE,35,L 8,38,N/A,IPUF,Porcentagem de crescimento demográfico,<1%,"1% - 1,5%","> 1,5%",2017,"1,68"
URBANO,CONTROLE DO CRESCIMENTO E MELHORIA DO HABITAT URBANO,USO DO SOLO / ORDENAMENTO TERRITORIAL,Não Informado,37,44,40,N/A,SMDU,Déficit de moradias quantitativo,< 10%,10%–25%,> 20%,2017,"7,6"
URBANO,CONTROLE DO CRESCIMENTO E MELHORIA DO HABITAT URBANO,USO DO SOLO / ORDENAMENTO TERRITORIAL,ÁREAS VERDE E DE RECREAÇÃO,38,45,41,N/A,IPUF,Quantidade de hectares de áreas verdes permanentes de lazer (de acordo com o Plano Diretor) para cada 100.000 habitantes (população projetada IBGE),> 50,20–50,< 20,2017,"6,74"
URBANO,CONTROLE DO CRESCIMENTO E MELHORIA DO HABITAT URBANO,USO DO SOLO / ORDENAMENTO TERRITORIAL,Não Informado,41,L 10,44,6.1.2001,FLORAM,Áreas naturais protegidas: porcentagem de Unidades de Conservação (UC) com plano de manejo.,acima de 90%,"de 60 a 89,99%",abaixo de 60%,2017,56
URBANO,CONTROLE DO CRESCIMENTO E MELHORIA DO HABITAT URBANO,USO DO SOLO / ORDENAMENTO TERRITORIAL,PLANEJAMENTO DO SOLO,43,L 4,46,1.9.2001,SMPIU,Porcentagem de área parcelada irregularmente sobre área urbanizável. (Floripa em Números = Núcelos Urbanos informais),< 10%,10% - 25%,> 25%,2017,"50,39"
URBANO,CONTROLE DO CRESCIMENTO E MELHORIA DO HABITAT URBANO,DESIGUALDADE URBANA,POBREZA,46,L 11,49,5.1.2001,IPUF,Porcentagem de Áreas Especiais de Interesse Social (AEIS) e Zonas Especiais de Interesse Social (ZEIS) em relação à Macro área de Uso Urbano definida pelo Plano Diretor.,sem valor de referência,Não Informado,Não Informado,2017,64
URBANO,CONTROLE DO CRESCIMENTO E MELHORIA DO HABITAT URBANO,DESIGUALDADE URBANA,POBREZA,47,L 12,50,N/A,SMDU,"Porcentagem de Domicílios em Áreas Especiais de Interesse Social (AEIS) e nas Zonas Especial de Interesse Social (ZEIS), em relação aos domicílios municipais",sem valor de referência,Não Informado,Não Informado,2017,"16,244"
URBANO,CONTROLE DO CRESCIMENTO E MELHORIA DO HABITAT URBANO,DESIGUALDADE URBANA,DESIGUALDADE DE RENDA,51,51,55,5.2.10,SEMAS/FRN,Coeficiente de Gini da renda (Fonte: PENAD Contínua do IBGE),"< 0,40","0,40–0,49","> 0,49",2017,"0,54"
URBANO,CONTROLE DO CRESCIMENTO E MELHORIA DO HABITAT URBANO,DESIGUALDADE URBANA,DESIGUALDADE DE RENDA,52,L 17,56,N/A,SMTTDE,Remuneração média dos trabalhadores formais (Fonte: Secretaria do Trabalho - RAIS),Acima de R$ 3.280,R$ 2.569 a R$ 3.280,R$ 788  a R$ 2.568,2017,"4,497"
URBANO,PROMOÇÃO DO TRANSPORTE URBANO SUSTENTÁVEL,MOBILIDADE / TRANSPORTE,INFRAESTRUTURA DE TRANSPORTE EQUILIBRADA,53,52,57,N/A,SMPIU,Quilômetros de vias públicas por 100 mil habitantes (População projetada do IBGE),< 300,300–400,> 400,2017,"772,35"
URBANO,PROMOÇÃO DO TRANSPORTE URBANO SUSTENTÁVEL,MOBILIDADE / TRANSPORTE,INFRAESTRUTURA DE TRANSPORTE EQUILIBRADA,56,53,60,2.1.2004,SMTI,Quilômetros de vias dedicadas exclusivamente ao  transporte público por 100 mil habitantes (população projetada do IBGE),> 40,10–40,< 10,2017,0
URBANO,PROMOÇÃO DO TRANSPORTE URBANO SUSTENTÁVEL,MOBILIDADE / TRANSPORTE,INFRAESTRUTURA DE TRANSPORTE EQUILIBRADA,57,54,61,somar: 2.2.2 + 2.2.3 + 2.2.4,SMTI/FNR,"Quilômetros de ciclovias, ciclofaixas e ciclorotas por 100 mil habitantes (população projetada IBGE)",> 25,15–25,< 15,2017,"19,35"
URBANO,PROMOÇÃO DO TRANSPORTE URBANO SUSTENTÁVEL,MOBILIDADE / TRANSPORTE,TRANSPORTE LIMPO,70,57,74,N/A,SMTI,Idade média da frota do transporte público,< 6,6–12,> 12,2017,"6,71"
URBANO,PROMOÇÃO DO TRANSPORTE URBANO SUSTENTÁVEL,MOBILIDADE / TRANSPORTE,TRANSPORTE SEGURO,71,58,75,10.2.2001,SSP/FNR,Vítimas mortais de acidentes de trânsito por 100 mil habitantes,< 10,10–20,> 20,2017,"12,56"
URBANO,PROMOÇÃO DO TRANSPORTE URBANO SUSTENTÁVEL,MOBILIDADE / TRANSPORTE,TRANSPORTE SEGURO,72,NOVO,76,N/A,SMS,Quantidade anual de pessoas hospitalizadas por acidentes de trânsito por 100.000 habitantes (população projetada IBGE),sem valor de referência,Não Informado,Não Informado,2017,"23,18"
URBANO,PROMOÇÃO DO TRANSPORTE URBANO SUSTENTÁVEL,MOBILIDADE / TRANSPORTE,MENOS CONGESTIONAMENTO,74,60,78,2.4.2001,SMTI/FNR,"Número de veículos de uso pessoal (automóveis, SUV's, etc) registrados no DETRAN local (exceto táxis) per capita (população projetada IBGE)","< 0,3","0,3–0,4","> 0,4",2017,"0,46"
URBANO,PROMOÇÃO DO TRANSPORTE URBANO SUSTENTÁVEL,MOBILIDADE / TRANSPORTE,TRANSPORTE ECONÔMICO,75,62,79,N/A,SMTI,Índice de acessibilidade (Salário Mínimo Nacional/(44 viagens mês* valor da tarifa em dinheiro)),Até 5%,5%–10%,> 10%,2017,"33,24"
URBANO,PROMOÇÃO DO DESENVOLVIMENTO ECONÔMICO LOCAL COMPETITIVO SUSTENTÁVEL,AMBIENTE DE NEGÓCIOS,REG. NEGÓCIOS E INVESTIMENTOS,76,65,80,N/A,SMDECT,Quantidade de dias para abrir uma empresa,< 12,12–20,> 20,2017,7
URBANO,PROMOÇÃO DO DESENVOLVIMENTO ECONÔMICO LOCAL COMPETITIVO SUSTENTÁVEL,TECIDO PRODUTIVO,CRESCIMENTO PRODUTIVO,81,67,85,8.2.2001,SMDECT/SIE/FRN,PIB per capita da cidade (Fonte IBGE - Estatisticas),>US$ 9.000,US$ 3.000–US$ 9.000,< US$ 3.000,2017,"40,171"
URBANO,PROMOÇÃO DO DESENVOLVIMENTO ECONÔMICO LOCAL COMPETITIVO SUSTENTÁVEL,MERCADO LABORAL,DESEMPREGO,85,69,89,8.1.2005,SMTDI/FNR,Taxa de desemprego (Fonte: IBGE - ESTATISTICAS - PNAD Contínua),< 7%,7%–12%,> 12%,2017,"6,4"
URBANO,OFERTA DE SERVIÇOS SOCIAIS DE ALTO NÍVEL E PROMOÇÃO DA COESÃO SOCIAL,EDUCAÇÃO,QUALIDADE DO ENSINO,89,76,94,N/A,SME,Taxa de analfabetismo de pessoas acima de 15 anos,"< 0,5%","0,5% - 2%",> 2%,2017,"0,8"
URBANO,OFERTA DE SERVIÇOS SOCIAIS DE ALTO NÍVEL E PROMOÇÃO DA COESÃO SOCIAL,EDUCAÇÃO,ASSISTÊNCIA ESCOLAR,93,80,98,N/A,SME,Número de estudantes matriculados na pré-escola e recebem atendimento integral,Não Informado,Não Informado,Não Informado,2017,70
URBANO,OFERTA DE SERVIÇOS SOCIAIS DE ALTO NÍVEL E PROMOÇÃO DA COESÃO SOCIAL,EDUCAÇÃO,ASSISTÊNCIA ESCOLAR,94,81,99,N/A,SME,Número de estudantes matriculados nos anos iniciais do ensino fundamental (6 a 11 anos),Não Informado,Não Informado,Não Informado,2017,79
URBANO,OFERTA DE SERVIÇOS SOCIAIS DE ALTO NÍVEL E PROMOÇÃO DA COESÃO SOCIAL,EDUCAÇÃO,ASSISTÊNCIA ESCOLAR,95,82,100,N/A,SME,Número de estudantes matriculados nos anos finais do ensino fundamental (12 a 15 anos),Não Informado,Não Informado,Não Informado,2017,83
URBANO,OFERTA DE SERVIÇOS SOCIAIS DE ALTO NÍVEL E PROMOÇÃO DA COESÃO SOCIAL,EDUCAÇÃO,ASSISTÊNCIA ESCOLAR,96,83,101,N/A,SEE,Número de estudantes matriculados no ensino médio (16 a 18 anos),Não Informado,Não Informado,Não Informado,2017,74
URBANO,OFERTA DE SERVIÇOS SOCIAIS DE ALTO NÍVEL E PROMOÇÃO DA COESÃO SOCIAL,SEGURANÇA,VIOLÊNCIA,101,85,104,10.1.2005,SSP/FNR,Quantidade de homicídios por 100 mil habitantes - população projetada pelo IBGE,< 10,10–25,> 25,2017,"41,21"
URBANO,OFERTA DE SERVIÇOS SOCIAIS DE ALTO NÍVEL E PROMOÇÃO DA COESÃO SOCIAL,SEGURANÇA,VIOLÊNCIA,105,88,108,N/A,SSP,Roubos por 100 mil habitantes - população projetada pelo IBGE,< 300,300–1.000,> 1.000,2017,584
URBANO,OFERTA DE SERVIÇOS SOCIAIS DE ALTO NÍVEL E PROMOÇÃO DA COESÃO SOCIAL,SEGURANÇA,VIOLÊNCIA,106,89,109,N/A,SSP,Furtos por 100 mil habitantes - população projetada pelo IBGE,< 3.000,3.000–5.000,> 5.000,2017,"3,21"
URBANO,OFERTA DE SERVIÇOS SOCIAIS DE ALTO NÍVEL E PROMOÇÃO DA COESÃO SOCIAL,SEGURANÇA,ESTRUTURAS DE SEGURANÇA,110,L 20,113,N/A,SSP,Quantidade de CONSEGs ativos,sem valor de referência,Não Informado,Não Informado,2017,6
URBANO,OFERTA DE SERVIÇOS SOCIAIS DE ALTO NÍVEL E PROMOÇÃO DA COESÃO SOCIAL,SAÚDE,NÍVEL DE SAÚDE,111,NOVO,114,N/A,SMS,Taxa Geral de mortalidade por 100.000 habitantes (População projetada IBGE),sem valor de referência,Não Informado,Não Informado,2017,"522,02"
URBANO,OFERTA DE SERVIÇOS SOCIAIS DE ALTO NÍVEL E PROMOÇÃO DA COESÃO SOCIAL,SAÚDE,NÍVEL DE SAÚDE,112,NOVO,115,N/A,SMS,Taxa Geral de mortalidade de homens por 100.000 habitantes (População projetada IBGE),sem valor de referência,Não Informado,Não Informado,2017,"606,73"
URBANO,OFERTA DE SERVIÇOS SOCIAIS DE ALTO NÍVEL E PROMOÇÃO DA COESÃO SOCIAL,SAÚDE,NÍVEL DE SAÚDE,113,NOVO,116,N/A,SMS,Taxa Geral de mortalidade de mulheres por 100.000 habitantes (População projetada IBGE),sem valor de referência,Não Informado,Não Informado,2017,"443,33"
URBANO,OFERTA DE SERVIÇOS SOCIAIS DE ALTO NÍVEL E PROMOÇÃO DA COESÃO SOCIAL,SAÚDE,NÍVEL DE SAÚDE,114,95,117,3.1.2004,SMS/FNR,Taxa de mortalidade infantil (crianças menores de 5 anos)por 100.000 habitantes (População projetada IBGE),< 20,20 -30,> 30,2017,"7,71"
URBANO,OFERTA DE SERVIÇOS SOCIAIS DE ALTO NÍVEL E PROMOÇÃO DA COESÃO SOCIAL,SAÚDE,NÍVEL DE SAÚDE,115,NOVO,118,N/A,SMS,Taxa de mortalidade Precoce (Anos potenciais de vida perdido - APVP) por 100.000 habitantes (População projetada IBGE),sem valor de referência,Não Informado,Não Informado,2017,"5745,83"
URBANO,OFERTA DE SERVIÇOS SOCIAIS DE ALTO NÍVEL E PROMOÇÃO DA COESÃO SOCIAL,SAÚDE,NÍVEL DE SAÚDE,116,NOVO,119,N/A,SMS,Taxa de mortalidade por doenças cardovasculares por 100.000 habitantes (População projetada IBGE),sem valor de referência,Não Informado,Não Informado,2017,"147,89"
URBANO,OFERTA DE SERVIÇOS SOCIAIS DE ALTO NÍVEL E PROMOÇÃO DA COESÃO SOCIAL,SAÚDE,NÍVEL DE SAÚDE,117,NOVO,120,N/A,SMS,Taxa de mortalidade por neoplasias por 100.000 habitantes (População projetada IBGE),sem valor de referência,Não Informado,Não Informado,2017,"138,9"
URBANO,OFERTA DE SERVIÇOS SOCIAIS DE ALTO NÍVEL E PROMOÇÃO DA COESÃO SOCIAL,SAÚDE,NÍVEL DE SAÚDE,118,NOVO,121,N/A,SMS,"Taxa de mortalidade por causas externas (acidentes, crimes, etc.) por 100.000 habitantes (População projetada IBGE)",sem valor de referência,Não Informado,Não Informado,2017,"48,76"
URBANO,OFERTA DE SERVIÇOS SOCIAIS DE ALTO NÍVEL E PROMOÇÃO DA COESÃO SOCIAL,SAÚDE,NÍVEL DE SAÚDE,119,NOVO,122,N/A,SMS,Taxa de internação de adultos por 100.000 habitantes (População projetada IBGE),sem valor de referência,Não Informado,Não Informado,2017,"5146,79"
URBANO,OFERTA DE SERVIÇOS SOCIAIS DE ALTO NÍVEL E PROMOÇÃO DA COESÃO SOCIAL,SAÚDE,NÍVEL DE SAÚDE,120,NOVO,123,N/A,SMS,Taxa de internação de crianças por 100.000 habitantes (População projetada IBGE),sem valor de referência,Não Informado,Não Informado,2017,"3894,7"
URBANO,OFERTA DE SERVIÇOS SOCIAIS DE ALTO NÍVEL E PROMOÇÃO DA COESÃO SOCIAL,SAÚDE,NÍVEL DE SAÚDE,121,NOVO,124,N/A,SMS,"Taxa de internação por causas externas (acidentes, crimes, etc. ) por 100.000 habitantes (População projetada IBGE)",sem valor de referência,Não Informado,Não Informado,2017,"587,97"
URBANO,OFERTA DE SERVIÇOS SOCIAIS DE ALTO NÍVEL E PROMOÇÃO DA COESÃO SOCIAL,SAÚDE,NÍVEL DE SAÚDE,122,NOVO,125,N/A,SMS,Taxa de internação por doenças cardiovasculares por 100.000 habitantes (População projetada IBGE),sem valor de referência,Não Informado,Não Informado,2017,"415,3"
URBANO,OFERTA DE SERVIÇOS SOCIAIS DE ALTO NÍVEL E PROMOÇÃO DA COESÃO SOCIAL,SAÚDE,NÍVEL DE SAÚDE,123,NOVO,126,N/A,SMS,Taxa de internação por neoplasias por 100.000 habitantes (População projetada IBGE),sem valor de referência,Não Informado,Não Informado,2017,"528,42"
URBANO,OFERTA DE SERVIÇOS SOCIAIS DE ALTO NÍVEL E PROMOÇÃO DA COESÃO SOCIAL,SAÚDE,NÍVEL DE SAÚDE,124,L 22,127,N/A,SMS,Prevalência de Diabetes Millitus: Percentual da população atendida nos hospitais e postos de Saúde pública que tem diabetes - População projetada pelo IBGE,sem valor de referência,Não Informado,Não Informado,2017,"5,43"
URBANO,OFERTA DE SERVIÇOS SOCIAIS DE ALTO NÍVEL E PROMOÇÃO DA COESÃO SOCIAL,SAÚDE,NÍVEL DE SAÚDE,125,L 23,128,3.1.2009,SMS/FNR,"Prevalência de obesidade: Percentual de indivíduos, com Índice de Massa Corporal (IMC) maior ou igual a 25 (População projetada pelo IBGE)",sem valor de referência,Não Informado,Não Informado,2017,"14,93"
URBANO,OFERTA DE SERVIÇOS SOCIAIS DE ALTO NÍVEL E PROMOÇÃO DA COESÃO SOCIAL,SAÚDE,NÍVEL DE SAÚDE,126,L 24,129,N/A,SMS,Prevalência de Hipertensão: Percentual de pessoas com  diagnóstico de hipertensão (População projetada pelo IBGE),"Abaixo de 5,7%","5,7% a 7,14%",Acima de 10%,2017,"21,55"
URBANO,OFERTA DE SERVIÇOS SOCIAIS DE ALTO NÍVEL E PROMOÇÃO DA COESÃO SOCIAL,SAÚDE,OFERTA DE SERVIÇOS DE SAÚDE,127,96,130,3.1.2003,SMS/FNR,Quantidade de médicos por 100 mil habitantes (População projetada pelo IBGE),> 200,75 - 200,< 75,2017,"1758,06"
URBANO,OFERTA DE SERVIÇOS SOCIAIS DE ALTO NÍVEL E PROMOÇÃO DA COESÃO SOCIAL,SAÚDE,OFERTA DE SERVIÇOS DE SAÚDE,128,97,131,N/A,SMS,"Quantidade de leitos de hospital por 100 mil habitantes, em hospitais públicos e privados",> 100,50 - 100,< 50,2017,"321,22"
URBANO,OFERTA DE SERVIÇOS SOCIAIS DE ALTO NÍVEL E PROMOÇÃO DA COESÃO SOCIAL,SAÚDE,OFERTA DE SERVIÇOS DE SAÚDE,129,NOVO,132,N/A,SMS,Quantidade de leitos de UTI em hospitais públicos e privados,sem valor de referência,Não Informado,Não Informado,2017,"41,77"
URBANO,OFERTA DE SERVIÇOS SOCIAIS DE ALTO NÍVEL E PROMOÇÃO DA COESÃO SOCIAL,SAÚDE,OFERTA DE SERVIÇOS DE SAÚDE,132,NOVO,135,N/A,SMS,Cobertura de saúde da família: Média/mês de residências atendidas na modalidade de saúde da família,Sem valor de referência,Não Informado,Não Informado,2017,100
URBANO,OFERTA DE SERVIÇOS SOCIAIS DE ALTO NÍVEL E PROMOÇÃO DA COESÃO SOCIAL,SAÚDE,OFERTA DE SERVIÇOS DE SAÚDE,135,L 21,138,N/A,SMS,Cobertura de vacinas,sem valor de referência,Não Informado,Não Informado,2017,"79,9"
URBANO,COMPETITIVIDADE,CAPITAL HUMANO,CULTURA,136,L 18,139,N/A,SMF,Investimento em cultura per capita: por habitante (população projetada IBGE),"> R$ 26,83","R$ 17,88  a R$ 26,82","< R$ 17,87",2017,"16,53"
URBANO,COMPETITIVIDADE,CAPITAL HUMANO,CULTURA,137,L 19,140,N/A,SMF,"Investimento em cultura sobre receita corrente líquida: total da receita líquida investida em cultura, no ano.","> R$ 2,47","R$ 1,77 a R$ 2,47","< R$ 1,76",2017,"0,01"
FISCAL,MECANISMOS ADEQUADOS DE GOVERNO,GESTÃO PÚBLICA MODERNA,PROCESSOS MODERNOS DE GESTÃO PÚBLICA DO ORÇAMENTO MUNICIPAL,155,NOVO,158,N/A,SMF,Porcentagem do gasto com pessoal em relação ao gasto total  (conforme conta 3.1.1.00.00.00 conforme dados do SICONFI do TCE-SC),sem valor de referência,Não Informado,Não Informado,2017,"59,14"
FISCAL,GESTÃO ADEQUADA DA RECEITA,IMPOSTOS E AUTONOMIA FINANCEIRA,RECEITAS E IMPOSTOS MUNICIPAIS,165,118,168,9.2.2006,SMF/FNR,"Receita própria: Porcentagem da receita do governo municipal proveniente de tributos (tarifas, encargos e impostos) permitidos pela lei em relação à receita total.",Comparar com as metas da PMF,Não Informado,Não Informado,2017,"56,72"
FISCAL,GESTÃO ADEQUADA DA RECEITA,IMPOSTOS E AUTONOMIA FINANCEIRA,RECEITAS E IMPOSTOS MUNICIPAIS,166,119,169,N/A,SMF,Porcentagem das transferências totais recebidas de outros níveis de governo em relação a receita total.,Comparado com diferentes cidades - sem padrão - fazer parâmetro em SC,Não Informado,Não Informado,2017,"24,46"
FISCAL,GESTÃO ADEQUADA DA RECEITA,IMPOSTOS E AUTONOMIA FINANCEIRA,RECEITAS E IMPOSTOS MUNICIPAIS,167,120,170,N/A,SMF,Porcentagem das transferências recebidas destinadas a usos específicos (pré-definidos) em relação as transferências totais,Comparado com diferentes cidades - sem padrão - fazer parâmetro em SC,Não Informado,Não Informado,2017,"29,1"
FISCAL,GESTÃO ADEQUADA DA RECEITA,IMPOSTOS E AUTONOMIA FINANCEIRA,RECEITAS E IMPOSTOS MUNICIPAIS,168,121,171,N/A,SMF,Porcentagem das receitas de fontes externas ao governo municipal (excluindo-se receita própria e transferências) em relação a receita total,Comparado com diferentes cidades - sem padrão - fazer parâmetro em SC,Não Informado,Não Informado,2017,"43,28"
FISCAL,GESTÃO ADEQUADA DAS DESPESAS,GESTÃO DO GASTO PÚBLICO,QUALIDADE DO GASTO PÚBLICO,176,126,179,N/A,SMF (Siconfi-TCE/SC),Porcentagem dos gastos correntes em relação aos gastos totais,Comparado com diferentes cidades - sem padrão - fazer parâmetro em SC,Não Informado,Não Informado,2017,"90,48"
FISCAL,GESTÃO ADEQUADA DAS DESPESAS,GESTÃO DO GASTO PÚBLICO,QUALIDADE DO GASTO PÚBLICO,177,127,180,9.2.2005,SMF/FNR,Despesas de capital como porcentagem do total de gastos: Percentual de investimentos em ativo fixo (despesas de capital) em relação aos gastos totais,Comparado com diferentes cidades - sem padrão - fazer parâmetro em SC,Não Informado,Não Informado,2017,"9,53"
FISCAL,GESTÃO ADEQUADA DAS DESPESAS,GESTÃO DO GASTO PÚBLICO,QUALIDADE DO GASTO PÚBLICO,178,128,181,N/A,SMF,Taxa média de crescimento anual do gasto corrente: Porcentagem de variação no ano dos gastos correntes,< 0,0 - IPCA,> IPCA,2017,"9,97"
FISCAL,GESTÃO ADEQUADA DAS DESPESAS,GESTÃO DO GASTO PÚBLICO,QUALIDADE DO GASTO PÚBLICO,179,L 1,182,N/A,SMF,Despesa de pessoal/Receita corrente líquida: percentual da depesas totais (salário + engargos + vales transporte e alimentação + plano de saúde) e de pessoal em relação a receita corrente líquida,"< 51,3%","51,3% a 54%",> 54%,2017,"51,77"
FISCAL,Gestao Adequada da Divida,Divida,SUSTENTABILIDADE DA DÍVIDA,181,131,184,9.2.2004,SMF/FNR,Crescimento do serviço da dívida: Porcentagem dos juros da dívida em relação a receita própria,< 5%,5% - 10%,> 10%,2017,"11,78"
FISCAL,Gestao Adequada da Divida,Divida,SUSTENTABILIDADE DA DÍVIDA,182,132,185,N/A,SMF,Crescimento da dívida: Porcentagem de crescimento da dívida (Emprestimos de curto e longo prazo),A taxa de crescimento real anual é negativa,A taxa de crescimento real anual está entre 0% e 2%,A taxa de crescimento real anual é superior a 2%,2017,"21,48"
FISCAL,Gestao Adequada da Divida,Divida,LEI DE RESPONSABILIDADE FISCAL,183,L 2,186,N/A,SMF,Dívida consolidada líquida/Receita corrente líquida: Porcentagem da dívida consolidada líquida em relação a receita corrente líquida,< 50%,50% a 60%,> 60%,2017,"06,03"
FISCAL,Gestao Adequada da Divida,Divida,LEI DE RESPONSABILIDADE FISCAL,184,L 3,187,N/A,SMF,Operação de Crédito/Receita Corrente Líquida:Porcentagem do valor das operações de crédito contratadas no ano em relação a receita corrente líquida,Menor 10%,Entre 10 e 16%,Acima 16%,2017,"2,55"
AMBIENTAL,MANEJO AMBIENTAL E CONSUMO DOS RECURSOS NATURAIS,ÁGUA,COBERTURA DE ÁGUA,1,1,1,7.1.2001,CASAN/FNR,Porcentagem de pessoas com serviço de abastecimento de água potável em relação à população total do município,> 90%–100%,75%–90%,< 75%,2018,100
AMBIENTAL,MANEJO AMBIENTAL E CONSUMO DOS RECURSOS NATURAIS,ÁGUA,EFICIÊNCIA NO USO DA ÁGUA,2,2,2,7.1.2005,CASAN/FNR,Quantidade total do consumo de água em litros por dia dividida pelo total da população. Inclui uso não doméstico.,120–200,80–120 ou 200–250,< 80 ou > 250,2018,163
AMBIENTAL,MANEJO AMBIENTAL E CONSUMO DOS RECURSOS NATURAIS,ÁGUA,EFICIÊNCIA NO SERVIÇO DE ABASTECIMENTO DE ÁGUA,3,3,3,N/A,CASAN,Média anual de horas/dia em que há o fornecimento contínuo de água.,> 20 h/dia,12–20 h/dia,< 12 h/dia,2018,24
AMBIENTAL,MANEJO AMBIENTAL E CONSUMO DOS RECURSOS NATURAIS,ÁGUA,EFICIÊNCIA NO SERVIÇO DE ABASTECIMENTO DE ÁGUA,4,4,4,7.1.2004,CASAN/FNR,Qualidade da água: Porcentagem do número total de testes conformes em relação ao número total de testes de qualidade de água tratada realizados.,> 97%,90%–97%,< 90%,2018,95
AMBIENTAL,MANEJO AMBIENTAL E CONSUMO DOS RECURSOS NATURAIS,ÁGUA,EFICIÊNCIA NO SERVIÇO DE ABASTECIMENTO DE ÁGUA,5,5,5,7.1.2006,CASAN/FNR,Água não contabilizada = Índice de perdas na distribuição de água.,0%–30%,30%–45%,> 45%,2018,31
AMBIENTAL,MANEJO AMBIENTAL E CONSUMO DOS RECURSOS NATURAIS,ÁGUA,EFICIÊNCIA NO SERVIÇO DE ABASTECIMENTO DE ÁGUA,6,6,6,N/A,SDE/SEMA,Número remanescente de anos de saldo hídrico positivo (volume de água disponível dividido pelo consumo anual real (faturado + perdido).,> 10,5–10,< 5,2018,6
AMBIENTAL,MANEJO AMBIENTAL E CONSUMO DOS RECURSOS NATURAIS,SANEAMENTO E DRENAGEM,COBERTURA DE SANEAMENTO,7,7,7,N/A,CASAN,Porcentagem de moradias com ligação ao sistema de esgoto,> 75%,75%–60%,< 60%,2018,64
AMBIENTAL,MANEJO AMBIENTAL E CONSUMO DOS RECURSOS NATURAIS,SANEAMENTO E DRENAGEM,TRATAMENTO DE ÁGUA RESIDUÁRIAS,8,8,8,N/A,CASAN,Porcentagem de águas residuais ou efluente (águas de esgoto) tratadas: total de m³ de águas residuais que entram anualmente nas estações de tratamento dividido pelo total de m³ de água faturadas.,> 60%,40%–60%,< 40%,2018,64
AMBIENTAL,MANEJO AMBIENTAL E CONSUMO DOS RECURSOS NATURAIS,SANEAMENTO E DRENAGEM,EFETIVIDADE DA DRENAGEM,9,9,9,N/A,SMSP,Porcentagem anual de moradias afetadas por inundações intensas decorrentes de transbordamentos dos sistemas de drenagem e esgoto e de inundações causadas por rios e marés.,"< 0,5%","0,5–3",> 3%,2018,"0,5"
AMBIENTAL,MANEJO AMBIENTAL E CONSUMO DOS RECURSOS NATURAIS,GESTÃO DE RESÍDUOS  SÓLIDOS,COBERTURA COLETA DE RESÍDUOS SÓLIDOS,10,10,10,N/A,COMCAP,Porcentagem das moradias com coleta regular de resíduos sólidos.,90%–100%,80%–90%,< 80%,2018,100
AMBIENTAL,MANEJO AMBIENTAL E CONSUMO DOS RECURSOS NATURAIS,GESTÃO DE RESÍDUOS  SÓLIDOS,VOLUME DE RESIDUOS SÓLIDOS,11,L 5,11,N/A,COMCAP,"Toneladas totais de resíduos sólidos recolhidos (lixo convencional, coleta seletiva, lixo hospitalar, lixo pesado).",Sem valor de referência,Não Informado,Não Informado,2018,"209,610"
AMBIENTAL,MANEJO AMBIENTAL E CONSUMO DOS RECURSOS NATURAIS,GESTÃO DE RESÍDUOS  SÓLIDOS,VOLUME DE RESIDUOS SÓLIDOS,12,NOVO,12,N/A,COMCAP,"Quantidade (kg) de resíduos sólidos coletados por habitante, por dia (população projetada IBGE)","≤ 1,0","1,01 - 1,5",">1,5",2018,"2,32"
AMBIENTAL,MANEJO AMBIENTAL E CONSUMO DOS RECURSOS NATURAIS,GESTÃO DE RESÍDUOS  SÓLIDOS,DISPOSIÇÃO FINAL DOS RESÍDUOS SÓLIDOS,13,11,13,7.3.2005,COMCAP/FNR,Porcentagem de resíduos sólidos municipais depositados em aterros sanitários,<35%,36%- 50%,> 50%,2018,"94,01"
AMBIENTAL,MANEJO AMBIENTAL E CONSUMO DOS RECURSOS NATURAIS,GESTÃO DE RESÍDUOS  SÓLIDOS,DISPOSIÇÃO FINAL DOS RESÍDUOS SÓLIDOS,14,12,14,N/A,COMCAP,Vida remanescente útil das instalações de aterro sanitário,> 8,5–8,< 5,2018,25
AMBIENTAL,MANEJO AMBIENTAL E CONSUMO DOS RECURSOS NATURAIS,GESTÃO DE RESÍDUOS  SÓLIDOS,TRATAMENTO DOS                                                                    RESÍDUOS SÓLIDOS,15,14,15,N/A,COMCAP,Porcentagem de resíduos sólidos municipais compostados pela Prefeitura,> 20%,5%–20%,< 5%,2018,"0,29"
AMBIENTAL,MANEJO AMBIENTAL E CONSUMO DOS RECURSOS NATURAIS,GESTÃO DE RESÍDUOS  SÓLIDOS,TRATAMENTO DOS                                                                    RESÍDUOS SÓLIDOS,16,15,16,7.3.2004,COMCAP/FNR,Porcentagem de resíduos sólidos separados e classificados para reciclagem,> 25%,15%–25%,< 15%,2018,"5,99"
AMBIENTAL,MANEJO AMBIENTAL E CONSUMO DOS RECURSOS NATURAIS,GESTÃO DE RESÍDUOS  SÓLIDOS,TRATAMENTO DOS                                                                    RESÍDUOS SÓLIDOS,17,16,17,7.3.2006,COMCAP/FNR,Porcentagem de resíduos sólidos tratados em usinas de geração de energia a partir de resíduos em relação ao total de resíduos sólidos produzidos.,> 20 %,10%- 19%,< 10%,2018,0
AMBIENTAL,REDUÇÃO DA VULNERABILIDADE DIANTE DE DESASTRES NATURAIS E ADAPTAÇÃO À MUDANÇA DO CLIMA,VULNERABILIDADE FRENTE A DESASTRES NATURAIS NO CONTEXTO DA MUDANÇA CLIMÁTICA,CAPACIDADE DE ADAPTAÇÃO À MUDANÇA CLIMÁTICA E A EVENTOS NATURAIS EXTREMOS,29,34,31,N/A,SMSP,"Porcentagem das áreas de risco e vulnerabilidades da cidade (áreas de risco de deslizamento, de inundação costeira e pluvial, de vulnerabilidade social, de interrupções das pontes, de secas com comprometimento de abastecimento de água, apagões e de congestionamento viário extremo) que possuem planos de contingência adequados e atualizados.",acima de 90%,"de 60 a 89,99%",abaixo de 60%,2018,2017
URBANO,CONTROLE DO CRESCIMENTO E MELHORIA DO HABITAT URBANO,USO DO SOLO / ORDENAMENTO TERRITORIAL,DENSIDADE,33,41,36,N/A,IPUF,Porcentagem de crescimento anual da quilometragem da malha urbana,< 3%,3%–5%,> 5%,2018,"0,84"
URBANO,CONTROLE DO CRESCIMENTO E MELHORIA DO HABITAT URBANO,USO DO SOLO / ORDENAMENTO TERRITORIAL,DENSIDADE,34,42,37,N/A,IPUF,Quantidade de população por km² de área urbanizada (exclui-se as áreas de agricultura e açudes de mais de 5 km),7.000 - 20.000,4.000–7.000; 20.000–25.000,< 4.000;                                         > 25.000,2018,"4,788"
URBANO,CONTROLE DO CRESCIMENTO E MELHORIA DO HABITAT URBANO,USO DO SOLO / ORDENAMENTO TERRITORIAL,DENSIDADE,35,L 8,38,N/A,IPUF,Porcentagem de crescimento demográfico,<1%,"1% - 1,5%","> 1,5%",2018,"1,47"
URBANO,CONTROLE DO CRESCIMENTO E MELHORIA DO HABITAT URBANO,USO DO SOLO / ORDENAMENTO TERRITORIAL,ÁREAS VERDE E DE RECREAÇÃO,38,45,41,N/A,IPUF,Quantidade de hectares de áreas verdes permanentes de lazer (de acordo com o Plano Diretor) para cada 100.000 habitantes (população projetada IBGE),> 50,20–50,< 20,2018,"6,123"
URBANO,CONTROLE DO CRESCIMENTO E MELHORIA DO HABITAT URBANO,USO DO SOLO / ORDENAMENTO TERRITORIAL,Não Informado,41,L 10,44,6.1.2001,FLORAM,Áreas naturais protegidas: porcentagem de Unidades de Conservação (UC) com plano de manejo.,acima de 90%,"de 60 a 89,99%",abaixo de 60%,2018,"12,107"
URBANO,CONTROLE DO CRESCIMENTO E MELHORIA DO HABITAT URBANO,USO DO SOLO / ORDENAMENTO TERRITORIAL,PLANEJAMENTO DO SOLO,43,L 4,46,1.9.2001,SMPIU,Porcentagem de área parcelada irregularmente sobre área urbanizável. (Floripa em Números = Núcelos Urbanos informais),< 10%,10% - 25%,> 25%,2018,"1,48"
URBANO,CONTROLE DO CRESCIMENTO E MELHORIA DO HABITAT URBANO,DESIGUALDADE URBANA,POBREZA,46,L 11,49,5.1.2001,IPUF,Porcentagem de Áreas Especiais de Interesse Social (AEIS) e Zonas Especiais de Interesse Social (ZEIS) em relação à Macro área de Uso Urbano definida pelo Plano Diretor.,sem valor de referência,Não Informado,Não Informado,2018,"895,16"
URBANO,CONTROLE DO CRESCIMENTO E MELHORIA DO HABITAT URBANO,DESIGUALDADE URBANA,POBREZA,47,L 12,50,N/A,SMDU,"Porcentagem de Domicílios em Áreas Especiais de Interesse Social (AEIS) e nas Zonas Especial de Interesse Social (ZEIS), em relação aos domicílios municipais",sem valor de referência,Não Informado,Não Informado,2018,"18,842"
URBANO,CONTROLE DO CRESCIMENTO E MELHORIA DO HABITAT URBANO,DESIGUALDADE URBANA,DESIGUALDADE DE RENDA,51,51,55,5.2.10,SEMAS/FRN,Coeficiente de Gini da renda (Fonte: PENAD Contínua do IBGE),"< 0,40","0,40–0,49","> 0,49",2018,"0,54"
URBANO,CONTROLE DO CRESCIMENTO E MELHORIA DO HABITAT URBANO,DESIGUALDADE URBANA,DESIGUALDADE DE RENDA,52,L 17,56,N/A,SMTTDE,Remuneração média dos trabalhadores formais (Fonte: Secretaria do Trabalho - RAIS),Acima de R$ 3.280,R$ 2.569 a R$ 3.280,R$ 788  a R$ 2.568,2018,"3,153"
URBANO,PROMOÇÃO DO TRANSPORTE URBANO SUSTENTÁVEL,MOBILIDADE / TRANSPORTE,INFRAESTRUTURA DE TRANSPORTE EQUILIBRADA,53,52,57,N/A,SMPIU,Quilômetros de vias públicas por 100 mil habitantes (População projetada do IBGE),< 300,300–400,> 400,2018,"1,172"
URBANO,PROMOÇÃO DO TRANSPORTE URBANO SUSTENTÁVEL,MOBILIDADE / TRANSPORTE,INFRAESTRUTURA DE TRANSPORTE EQUILIBRADA,56,53,60,2.1.2004,SMTI,Quilômetros de vias dedicadas exclusivamente ao  transporte público por 100 mil habitantes (população projetada do IBGE),> 40,10–40,< 10,2018,0
URBANO,PROMOÇÃO DO TRANSPORTE URBANO SUSTENTÁVEL,MOBILIDADE / TRANSPORTE,INFRAESTRUTURA DE TRANSPORTE EQUILIBRADA,57,54,61,somar: 2.2.2 + 2.2.3 + 2.2.4,SMTI/FNR,"Quilômetros de ciclovias, ciclofaixas e ciclorotas por 100 mil habitantes (população projetada IBGE)",> 25,15–25,< 15,2018,"23,74"
URBANO,PROMOÇÃO DO TRANSPORTE URBANO SUSTENTÁVEL,MOBILIDADE / TRANSPORTE,INFRAESTRUTURA DE TRANSPORTE EQUILIBRADA,66,56,70,N/A,SMTI,"Distribuição modal: porcentagem do transporte realizado via bicicleta, barco, taxi, aplicativo, carro particular e ônibus.",> 65%,50%–65%,< 50%,2018,65
URBANO,PROMOÇÃO DO TRANSPORTE URBANO SUSTENTÁVEL,MOBILIDADE / TRANSPORTE,TRANSPORTE LIMPO,70,57,74,N/A,SMTI,Idade média da frota do transporte público,< 6,6–12,> 12,2018,6
URBANO,PROMOÇÃO DO TRANSPORTE URBANO SUSTENTÁVEL,MOBILIDADE / TRANSPORTE,TRANSPORTE SEGURO,71,58,75,10.2.2001,SSP/FNR,Vítimas mortais de acidentes de trânsito por 100 mil habitantes,< 10,10–20,> 20,2018,"12,98"
URBANO,PROMOÇÃO DO TRANSPORTE URBANO SUSTENTÁVEL,MOBILIDADE / TRANSPORTE,TRANSPORTE SEGURO,72,NOVO,76,N/A,SMS,Quantidade anual de pessoas hospitalizadas por acidentes de trânsito por 100.000 habitantes (população projetada IBGE),sem valor de referência,Não Informado,Não Informado,2018,"22,29"
URBANO,PROMOÇÃO DO TRANSPORTE URBANO SUSTENTÁVEL,MOBILIDADE / TRANSPORTE,MENOS CONGESTIONAMENTO,73,59,77,N/A,SMTI,Velocidade média de viagem (transporte público e privado) nas principais vias públicas durante os horários de pico,> 30,15–30,< 15,2018,24
URBANO,PROMOÇÃO DO TRANSPORTE URBANO SUSTENTÁVEL,MOBILIDADE / TRANSPORTE,MENOS CONGESTIONAMENTO,74,60,78,2.4.2001,SMTI/FNR,"Número de veículos de uso pessoal (automóveis, SUV's, etc) registrados no DETRAN local (exceto táxis) per capita (população projetada IBGE)","< 0,3","0,3–0,4","> 0,4",2018,"0,45"
URBANO,PROMOÇÃO DO DESENVOLVIMENTO ECONÔMICO LOCAL COMPETITIVO SUSTENTÁVEL,AMBIENTE DE NEGÓCIOS,REG. NEGÓCIOS E INVESTIMENTOS,76,65,80,N/A,SMDECT,Quantidade de dias para abrir uma empresa,< 12,12–20,> 20,2018,65
URBANO,PROMOÇÃO DO DESENVOLVIMENTO ECONÔMICO LOCAL COMPETITIVO SUSTENTÁVEL,TECIDO PRODUTIVO,CRESCIMENTO PRODUTIVO,81,67,85,8.2.2001,SMDECT/SIE/FRN,PIB per capita da cidade (Fonte IBGE - Estatisticas),>US$ 9.000,US$ 3.000–US$ 9.000,< US$ 3.000,2018,"42,72"
URBANO,PROMOÇÃO DO DESENVOLVIMENTO ECONÔMICO LOCAL COMPETITIVO SUSTENTÁVEL,TECIDO PRODUTIVO,CRESCIMENTO PRODUTIVO,82,68,86,N/A,SMTDI,Taxa de crescimento do PIB per capita da cidade (Fonte: IBGE Estatísticas),"> 2,5%
O crescimento do PIB per capita da cidade é positivo e superior ao crescimento do PIB nacional (2)","2-2,5%
O crescimento do PIB per capita da cidade é positivo e igual ou similar ao crescimento do PIB nacional (1)","<2%
O crescimento do PIB per capita da cidade é positivo e igual ou similar ao ao crescimento do PIB nacional (0)",2018,"5,5"
URBANO,PROMOÇÃO DO DESENVOLVIMENTO ECONÔMICO LOCAL COMPETITIVO SUSTENTÁVEL,TECIDO PRODUTIVO,CRESCIMENTO PRODUTIVO,83,L 13,87,N/A,"Secretaria Executiva de Desenvolvimento Econômico, Ciência e Tecnologia",Porcentagem do PIB de Florianópolis em relação ao PIB de SC,> maior que a inflação,igual a inflação,< que a inflação,2018,"7,26"
URBANO,PROMOÇÃO DO DESENVOLVIMENTO ECONÔMICO LOCAL COMPETITIVO SUSTENTÁVEL,TECIDO PRODUTIVO,CRESCIMENTO PRODUTIVO,84,EBA 1,88,N/A,SMTDI,Taxa de crescimento do PIB da cidade (Fonte: IBGE Estatisticas),">3,5%
O crescimento do PIB da cidade é positivo e superior ao crescimento do PIB nacional (2)","3-3,5%
O crescimento do PIB  da cidade é positivo e igual ou similar ao crescimento do PIB nacional (1)","<3%
O crescimento do PIB da cidade é positivo e igual ou similar ao ao crescimento do PIB nacional (0)",2018,"5,5"
URBANO,PROMOÇÃO DO DESENVOLVIMENTO ECONÔMICO LOCAL COMPETITIVO SUSTENTÁVEL,MERCADO LABORAL,DESEMPREGO,85,69,89,8.1.2005,SMTDI/FNR,Taxa de desemprego (Fonte: IBGE - ESTATISTICAS - PNAD Contínua),< 7%,7%–12%,> 12%,2018,"6,5"
URBANO,PROMOÇÃO DO DESENVOLVIMENTO ECONÔMICO LOCAL COMPETITIVO SUSTENTÁVEL,MERCADO LABORAL,EMPREGO INFORMAL,87,70,91,N/A,SMTDI,Emprego informal como porcentagem do emprego total (Fonte: IBGE - ESTATISTICAS - PNAD Contínua) https://cidades.ibge.gov.br/brasil/sc/florianopolis/panorama,< 20%,20%–35%,> 35%,2018,8
URBANO,OFERTA DE SERVIÇOS SOCIAIS DE ALTO NÍVEL E PROMOÇÃO DA COESÃO SOCIAL,EDUCAÇÃO,QUALIDADE DO ENSINO,89,76,94,N/A,SME,Taxa de analfabetismo de pessoas acima de 15 anos,"< 0,5%","0,5% - 2%",> 2%,2018,"1,6"
URBANO,OFERTA DE SERVIÇOS SOCIAIS DE ALTO NÍVEL E PROMOÇÃO DA COESÃO SOCIAL,EDUCAÇÃO,QUALIDADE DO ENSINO,90,77,95,N/A,SME,Porcentagem de Estudantes do ensino fundamental com nível satisfatório em provas padronizadas (IDEB) de Leitura,>=70%,69%–50%,> 50%,2018,2017
URBANO,OFERTA DE SERVIÇOS SOCIAIS DE ALTO NÍVEL E PROMOÇÃO DA COESÃO SOCIAL,EDUCAÇÃO,QUALIDADE DO ENSINO,91,78,96,N/A,SME,Porcentagem de Estudantes do ensino fundamental com nível satisfatório em provas padronizadas (IDEB) de Matemática,>=70%,69%–50%,> 50%,2018,2017
URBANO,OFERTA DE SERVIÇOS SOCIAIS DE ALTO NÍVEL E PROMOÇÃO DA COESÃO SOCIAL,EDUCAÇÃO,QUALIDADE DO ENSINO,92,79,97,N/A,SME,Quantidade de alunos por professor nas escolas públicas,< 15:1,Entre 15:1 e 25:1,> 25:1,2018,2018
URBANO,OFERTA DE SERVIÇOS SOCIAIS DE ALTO NÍVEL E PROMOÇÃO DA COESÃO SOCIAL,EDUCAÇÃO,ASSISTÊNCIA ESCOLAR,93,80,98,N/A,SME,Número de estudantes matriculados na pré-escola e recebem atendimento integral,Não Informado,Não Informado,Não Informado,2018,"4,701"
URBANO,OFERTA DE SERVIÇOS SOCIAIS DE ALTO NÍVEL E PROMOÇÃO DA COESÃO SOCIAL,EDUCAÇÃO,ASSISTÊNCIA ESCOLAR,94,81,99,N/A,SME,Número de estudantes matriculados nos anos iniciais do ensino fundamental (6 a 11 anos),Não Informado,Não Informado,Não Informado,2018,2018
URBANO,OFERTA DE SERVIÇOS SOCIAIS DE ALTO NÍVEL E PROMOÇÃO DA COESÃO SOCIAL,EDUCAÇÃO,ASSISTÊNCIA ESCOLAR,95,82,100,N/A,SME,Número de estudantes matriculados nos anos finais do ensino fundamental (12 a 15 anos),Não Informado,Não Informado,Não Informado,2018,"22,787"
URBANO,OFERTA DE SERVIÇOS SOCIAIS DE ALTO NÍVEL E PROMOÇÃO DA COESÃO SOCIAL,EDUCAÇÃO,ASSISTÊNCIA ESCOLAR,96,83,101,N/A,SEE,Número de estudantes matriculados no ensino médio (16 a 18 anos),Não Informado,Não Informado,Não Informado,2018,2018
URBANO,OFERTA DE SERVIÇOS SOCIAIS DE ALTO NÍVEL E PROMOÇÃO DA COESÃO SOCIAL,SEGURANÇA,VIOLÊNCIA,101,85,104,10.1.2005,SSP/FNR,Quantidade de homicídios por 100 mil habitantes - população projetada pelo IBGE,< 10,10–25,> 25,2018,"30,6"
URBANO,OFERTA DE SERVIÇOS SOCIAIS DE ALTO NÍVEL E PROMOÇÃO DA COESÃO SOCIAL,SEGURANÇA,VIOLÊNCIA,104,86,107,N/A,SSP,Número de ocorrências de violência doméstica em mulheres,Não Informado,Não Informado,Não Informado,2018,"0,6"
URBANO,OFERTA DE SERVIÇOS SOCIAIS DE ALTO NÍVEL E PROMOÇÃO DA COESÃO SOCIAL,SEGURANÇA,VIOLÊNCIA,105,88,108,N/A,SSP,Roubos por 100 mil habitantes - população projetada pelo IBGE,< 300,300–1.000,> 1.000,2018,"370,8"
URBANO,OFERTA DE SERVIÇOS SOCIAIS DE ALTO NÍVEL E PROMOÇÃO DA COESÃO SOCIAL,SEGURANÇA,VIOLÊNCIA,106,89,109,N/A,SSP,Furtos por 100 mil habitantes - população projetada pelo IBGE,< 3.000,3.000–5.000,> 5.000,2018,"2,301"
URBANO,OFERTA DE SERVIÇOS SOCIAIS DE ALTO NÍVEL E PROMOÇÃO DA COESÃO SOCIAL,SEGURANÇA,ESTRUTURAS DE SEGURANÇA,110,L 20,113,N/A,SSP,Quantidade de CONSEGs ativos,sem valor de referência,Não Informado,Não Informado,2018,8
URBANO,OFERTA DE SERVIÇOS SOCIAIS DE ALTO NÍVEL E PROMOÇÃO DA COESÃO SOCIAL,SAÚDE,NÍVEL DE SAÚDE,111,NOVO,114,N/A,SMS,Taxa Geral de mortalidade por 100.000 habitantes (População projetada IBGE),sem valor de referência,Não Informado,Não Informado,2018,"497,81"
URBANO,OFERTA DE SERVIÇOS SOCIAIS DE ALTO NÍVEL E PROMOÇÃO DA COESÃO SOCIAL,SAÚDE,NÍVEL DE SAÚDE,112,NOVO,115,N/A,SMS,Taxa Geral de mortalidade de homens por 100.000 habitantes (População projetada IBGE),sem valor de referência,Não Informado,Não Informado,2018,"570,04"
URBANO,OFERTA DE SERVIÇOS SOCIAIS DE ALTO NÍVEL E PROMOÇÃO DA COESÃO SOCIAL,SAÚDE,NÍVEL DE SAÚDE,113,NOVO,116,N/A,SMS,Taxa Geral de mortalidade de mulheres por 100.000 habitantes (População projetada IBGE),sem valor de referência,Não Informado,Não Informado,2018,"430,71"
URBANO,OFERTA DE SERVIÇOS SOCIAIS DE ALTO NÍVEL E PROMOÇÃO DA COESÃO SOCIAL,SAÚDE,NÍVEL DE SAÚDE,114,95,117,3.1.2004,SMS/FNR,Taxa de mortalidade infantil (crianças menores de 5 anos)por 100.000 habitantes (População projetada IBGE),< 20,20 -30,> 30,2018,"7,54"
URBANO,OFERTA DE SERVIÇOS SOCIAIS DE ALTO NÍVEL E PROMOÇÃO DA COESÃO SOCIAL,SAÚDE,NÍVEL DE SAÚDE,115,NOVO,118,N/A,SMS,Taxa de mortalidade Precoce (Anos potenciais de vida perdido - APVP) por 100.000 habitantes (População projetada IBGE),sem valor de referência,Não Informado,Não Informado,2018,"4828,12"
URBANO,OFERTA DE SERVIÇOS SOCIAIS DE ALTO NÍVEL E PROMOÇÃO DA COESÃO SOCIAL,SAÚDE,NÍVEL DE SAÚDE,116,NOVO,119,N/A,SMS,Taxa de mortalidade por doenças cardovasculares por 100.000 habitantes (População projetada IBGE),sem valor de referência,Não Informado,Não Informado,2018,"145,27"
URBANO,OFERTA DE SERVIÇOS SOCIAIS DE ALTO NÍVEL E PROMOÇÃO DA COESÃO SOCIAL,SAÚDE,NÍVEL DE SAÚDE,117,NOVO,120,N/A,SMS,Taxa de mortalidade por neoplasias por 100.000 habitantes (População projetada IBGE),sem valor de referência,Não Informado,Não Informado,2018,"130,02"
URBANO,OFERTA DE SERVIÇOS SOCIAIS DE ALTO NÍVEL E PROMOÇÃO DA COESÃO SOCIAL,SAÚDE,NÍVEL DE SAÚDE,118,NOVO,121,N/A,SMS,"Taxa de mortalidade por causas externas (acidentes, crimes, etc.) por 100.000 habitantes (População projetada IBGE)",sem valor de referência,Não Informado,Não Informado,2018,"38,13"
URBANO,OFERTA DE SERVIÇOS SOCIAIS DE ALTO NÍVEL E PROMOÇÃO DA COESÃO SOCIAL,SAÚDE,NÍVEL DE SAÚDE,119,NOVO,122,N/A,SMS,Taxa de internação de adultos por 100.000 habitantes (População projetada IBGE),sem valor de referência,Não Informado,Não Informado,2018,"5190,76"
URBANO,OFERTA DE SERVIÇOS SOCIAIS DE ALTO NÍVEL E PROMOÇÃO DA COESÃO SOCIAL,SAÚDE,NÍVEL DE SAÚDE,120,NOVO,123,N/A,SMS,Taxa de internação de crianças por 100.000 habitantes (População projetada IBGE),sem valor de referência,Não Informado,Não Informado,2018,"4063,42"
URBANO,OFERTA DE SERVIÇOS SOCIAIS DE ALTO NÍVEL E PROMOÇÃO DA COESÃO SOCIAL,SAÚDE,NÍVEL DE SAÚDE,121,NOVO,124,N/A,SMS,"Taxa de internação por causas externas (acidentes, crimes, etc. ) por 100.000 habitantes (População projetada IBGE)",sem valor de referência,Não Informado,Não Informado,2018,"569,18"
URBANO,OFERTA DE SERVIÇOS SOCIAIS DE ALTO NÍVEL E PROMOÇÃO DA COESÃO SOCIAL,SAÚDE,NÍVEL DE SAÚDE,122,NOVO,125,N/A,SMS,Taxa de internação por doenças cardiovasculares por 100.000 habitantes (População projetada IBGE),sem valor de referência,Não Informado,Não Informado,2018,"425,46"
URBANO,OFERTA DE SERVIÇOS SOCIAIS DE ALTO NÍVEL E PROMOÇÃO DA COESÃO SOCIAL,SAÚDE,NÍVEL DE SAÚDE,123,NOVO,126,N/A,SMS,Taxa de internação por neoplasias por 100.000 habitantes (População projetada IBGE),sem valor de referência,Não Informado,Não Informado,2018,"444,04"
URBANO,OFERTA DE SERVIÇOS SOCIAIS DE ALTO NÍVEL E PROMOÇÃO DA COESÃO SOCIAL,SAÚDE,NÍVEL DE SAÚDE,124,L 22,127,N/A,SMS,Prevalência de Diabetes Millitus: Percentual da população atendida nos hospitais e postos de Saúde pública que tem diabetes - População projetada pelo IBGE,sem valor de referência,Não Informado,Não Informado,2018,"6,53"
URBANO,OFERTA DE SERVIÇOS SOCIAIS DE ALTO NÍVEL E PROMOÇÃO DA COESÃO SOCIAL,SAÚDE,NÍVEL DE SAÚDE,125,L 23,128,3.1.2009,SMS/FNR,"Prevalência de obesidade: Percentual de indivíduos, com Índice de Massa Corporal (IMC) maior ou igual a 25 (População projetada pelo IBGE)",sem valor de referência,Não Informado,Não Informado,2018,"17,04"
URBANO,OFERTA DE SERVIÇOS SOCIAIS DE ALTO NÍVEL E PROMOÇÃO DA COESÃO SOCIAL,SAÚDE,NÍVEL DE SAÚDE,126,L 24,129,N/A,SMS,Prevalência de Hipertensão: Percentual de pessoas com  diagnóstico de hipertensão (População projetada pelo IBGE),"Abaixo de 5,7%","5,7% a 7,14%",Acima de 10%,2018,"20,78"
URBANO,OFERTA DE SERVIÇOS SOCIAIS DE ALTO NÍVEL E PROMOÇÃO DA COESÃO SOCIAL,SAÚDE,OFERTA DE SERVIÇOS DE SAÚDE,127,96,130,3.1.2003,SMS/FNR,Quantidade de médicos por 100 mil habitantes (População projetada pelo IBGE),> 200,75 - 200,< 75,2018,"1871,31"
URBANO,OFERTA DE SERVIÇOS SOCIAIS DE ALTO NÍVEL E PROMOÇÃO DA COESÃO SOCIAL,SAÚDE,OFERTA DE SERVIÇOS DE SAÚDE,128,97,131,N/A,SMS,"Quantidade de leitos de hospital por 100 mil habitantes, em hospitais públicos e privados",> 100,50 - 100,< 50,2018,"325,61"
URBANO,OFERTA DE SERVIÇOS SOCIAIS DE ALTO NÍVEL E PROMOÇÃO DA COESÃO SOCIAL,SAÚDE,OFERTA DE SERVIÇOS DE SAÚDE,129,NOVO,132,N/A,SMS,Quantidade de leitos de UTI em hospitais públicos e privados,sem valor de referência,Não Informado,Não Informado,2018,"41,89"
URBANO,OFERTA DE SERVIÇOS SOCIAIS DE ALTO NÍVEL E PROMOÇÃO DA COESÃO SOCIAL,SAÚDE,OFERTA DE SERVIÇOS DE SAÚDE,132,NOVO,135,N/A,SMS,Cobertura de saúde da família: Média/mês de residências atendidas na modalidade de saúde da família,Sem valor de referência,Não Informado,Não Informado,2018,"97,27"
URBANO,OFERTA DE SERVIÇOS SOCIAIS DE ALTO NÍVEL E PROMOÇÃO DA COESÃO SOCIAL,SAÚDE,OFERTA DE SERVIÇOS DE SAÚDE,135,L 21,138,N/A,SMS,Cobertura de vacinas,sem valor de referência,Não Informado,Não Informado,2018,"41,5"
URBANO,COMPETITIVIDADE,CAPITAL HUMANO,CULTURA,136,L 18,139,N/A,SMF,Investimento em cultura per capita: por habitante (população projetada IBGE),"> R$ 26,83","R$ 17,88  a R$ 26,82","< R$ 17,87",2018,"20,75"
URBANO,COMPETITIVIDADE,CAPITAL HUMANO,CULTURA,137,L 19,140,N/A,SMF,"Investimento em cultura sobre receita corrente líquida: total da receita líquida investida em cultura, no ano.","> R$ 2,47","R$ 1,77 a R$ 2,47","< R$ 1,76",2018,"0,62"
FISCAL,MECANISMOS ADEQUADOS DE GOVERNO,GESTÃO PÚBLICA MODERNA,PROCESSOS MODERNOS DE GESTÃO PÚBLICA DO ORÇAMENTO MUNICIPAL,155,NOVO,158,N/A,SMF,Porcentagem do gasto com pessoal em relação ao gasto total  (conforme conta 3.1.1.00.00.00 conforme dados do SICONFI do TCE-SC),sem valor de referência,Não Informado,Não Informado,2018,"60,51"
FISCAL,MECANISMOS ADEQUADOS DE GOVERNO,TRANSPARÊNCIA,TRANSPARÊNCIA E AUDITORIA DA GESTÃO PÚBLICA,164,114,,N/A,Controladoria Geral do Município,Índice de transparência: Consultar transparência internacional Brasil,> 6,"3,0 - 6,0",< 3,2018,"6,87"
FISCAL,GESTÃO ADEQUADA DA RECEITA,IMPOSTOS E AUTONOMIA FINANCEIRA,RECEITAS E IMPOSTOS MUNICIPAIS,165,118,168,9.2.2006,SMF/FNR,"Receita própria: Porcentagem da receita do governo municipal proveniente de tributos (tarifas, encargos e impostos) permitidos pela lei em relação à receita total.",Comparar com as metas da PMF,Não Informado,Não Informado,2018,"67,46"
FISCAL,GESTÃO ADEQUADA DA RECEITA,IMPOSTOS E AUTONOMIA FINANCEIRA,RECEITAS E IMPOSTOS MUNICIPAIS,166,119,169,N/A,SMF,Porcentagem das transferências totais recebidas de outros níveis de governo em relação a receita total.,Comparado com diferentes cidades - sem padrão - fazer parâmetro em SC,Não Informado,Não Informado,2018,"32,8"
FISCAL,GESTÃO ADEQUADA DA RECEITA,IMPOSTOS E AUTONOMIA FINANCEIRA,RECEITAS E IMPOSTOS MUNICIPAIS,167,120,170,N/A,SMF,Porcentagem das transferências recebidas destinadas a usos específicos (pré-definidos) em relação as transferências totais,Comparado com diferentes cidades - sem padrão - fazer parâmetro em SC,Não Informado,Não Informado,2018,"50,99"
FISCAL,GESTÃO ADEQUADA DA RECEITA,IMPOSTOS E AUTONOMIA FINANCEIRA,RECEITAS E IMPOSTOS MUNICIPAIS,168,121,171,N/A,SMF,Porcentagem das receitas de fontes externas ao governo municipal (excluindo-se receita própria e transferências) em relação a receita total,Comparado com diferentes cidades - sem padrão - fazer parâmetro em SC,Não Informado,Não Informado,2018,"32,54"
FISCAL,GESTÃO ADEQUADA DA RECEITA,IMPOSTOS E AUTONOMIA FINANCEIRA,RECEITAS E IMPOSTOS MUNICIPAIS,169,122,172,N/A,SMF,Porcentagem das receitas próprias acrescidas as transferências sem fim definido em relação a receita total,≥ 80%,> 61%  e  < 80%,≤ 61%,2018,"84,8"
FISCAL,GESTÃO ADEQUADA DAS DESPESAS,GESTÃO DO GASTO PÚBLICO,QUALIDADE DO GASTO PÚBLICO,176,126,179,N/A,SMF (Siconfi-TCE/SC),Porcentagem dos gastos correntes em relação aos gastos totais,Comparado com diferentes cidades - sem padrão - fazer parâmetro em SC,Não Informado,Não Informado,2018,"80,67"
FISCAL,GESTÃO ADEQUADA DAS DESPESAS,GESTÃO DO GASTO PÚBLICO,QUALIDADE DO GASTO PÚBLICO,177,127,180,9.2.2005,SMF/FNR,Despesas de capital como porcentagem do total de gastos: Percentual de investimentos em ativo fixo (despesas de capital) em relação aos gastos totais,Comparado com diferentes cidades - sem padrão - fazer parâmetro em SC,Não Informado,Não Informado,2018,"12,39"
FISCAL,GESTÃO ADEQUADA DAS DESPESAS,GESTÃO DO GASTO PÚBLICO,QUALIDADE DO GASTO PÚBLICO,178,128,181,N/A,SMF,Taxa média de crescimento anual do gasto corrente: Porcentagem de variação no ano dos gastos correntes,< 0,0 - IPCA,> IPCA,2018,"14,48"
FISCAL,GESTÃO ADEQUADA DAS DESPESAS,GESTÃO DO GASTO PÚBLICO,QUALIDADE DO GASTO PÚBLICO,179,L 1,182,N/A,SMF,Despesa de pessoal/Receita corrente líquida: percentual da depesas totais (salário + engargos + vales transporte e alimentação + plano de saúde) e de pessoal em relação a receita corrente líquida,"< 51,3%","51,3% a 54%",> 54%,2018,"52,55"
FISCAL,Gestao Adequada da Divida,Divida,SUSTENTABILIDADE DA DÍVIDA,181,131,184,9.2.2004,SMF/FNR,Crescimento do serviço da dívida: Porcentagem dos juros da dívida em relação a receita própria,< 5%,5% - 10%,> 10%,2018,"1,44"
FISCAL,Gestao Adequada da Divida,Divida,SUSTENTABILIDADE DA DÍVIDA,182,132,185,N/A,SMF,Crescimento da dívida: Porcentagem de crescimento da dívida (Emprestimos de curto e longo prazo),A taxa de crescimento real anual é negativa,A taxa de crescimento real anual está entre 0% e 2%,A taxa de crescimento real anual é superior a 2%,2018,"0,93"
FISCAL,Gestao Adequada da Divida,Divida,LEI DE RESPONSABILIDADE FISCAL,183,L 2,186,N/A,SMF,Dívida consolidada líquida/Receita corrente líquida: Porcentagem da dívida consolidada líquida em relação a receita corrente líquida,< 50%,50% a 60%,> 60%,2018,"49,75"
FISCAL,Gestao Adequada da Divida,Divida,LEI DE RESPONSABILIDADE FISCAL,184,L 3,187,N/A,SMF,Operação de Crédito/Receita Corrente Líquida:Porcentagem do valor das operações de crédito contratadas no ano em relação a receita corrente líquida,Menor 10%,Entre 10 e 16%,Acima 16%,2018,"1,36"
AMBIENTAL,MANEJO AMBIENTAL E CONSUMO DOS RECURSOS NATURAIS,ÁGUA,COBERTURA DE ÁGUA,1,1,1,7.1.2001,CASAN/FNR,Porcentagem de pessoas com serviço de abastecimento de água potável em relação à população total do município,> 90%–100%,75%–90%,< 75%,2019,100
AMBIENTAL,MANEJO AMBIENTAL E CONSUMO DOS RECURSOS NATURAIS,ÁGUA,EFICIÊNCIA NO USO DA ÁGUA,2,2,2,7.1.2005,CASAN/FNR,Quantidade total do consumo de água em litros por dia dividida pelo total da população. Inclui uso não doméstico.,120–200,80–120 ou 200–250,< 80 ou > 250,2019,"173,5"
AMBIENTAL,MANEJO AMBIENTAL E CONSUMO DOS RECURSOS NATURAIS,ÁGUA,EFICIÊNCIA NO SERVIÇO DE ABASTECIMENTO DE ÁGUA,3,3,3,N/A,CASAN,Média anual de horas/dia em que há o fornecimento contínuo de água.,> 20 h/dia,12–20 h/dia,< 12 h/dia,2019,24
AMBIENTAL,MANEJO AMBIENTAL E CONSUMO DOS RECURSOS NATURAIS,ÁGUA,EFICIÊNCIA NO SERVIÇO DE ABASTECIMENTO DE ÁGUA,4,4,4,7.1.2004,CASAN/FNR,Qualidade da água: Porcentagem do número total de testes conformes em relação ao número total de testes de qualidade de água tratada realizados.,> 97%,90%–97%,< 90%,2019,"98,53"
AMBIENTAL,MANEJO AMBIENTAL E CONSUMO DOS RECURSOS NATURAIS,ÁGUA,EFICIÊNCIA NO SERVIÇO DE ABASTECIMENTO DE ÁGUA,5,5,5,7.1.2006,CASAN/FNR,Água não contabilizada = Índice de perdas na distribuição de água.,0%–30%,30%–45%,> 45%,2019,"42,41"
AMBIENTAL,MANEJO AMBIENTAL E CONSUMO DOS RECURSOS NATURAIS,SANEAMENTO E DRENAGEM,COBERTURA DE SANEAMENTO,7,7,7,N/A,CASAN,Porcentagem de moradias com ligação ao sistema de esgoto,> 75%,75%–60%,< 60%,2019,"66,9"
AMBIENTAL,MANEJO AMBIENTAL E CONSUMO DOS RECURSOS NATURAIS,SANEAMENTO E DRENAGEM,TRATAMENTO DE ÁGUA RESIDUÁRIAS,8,8,8,N/A,CASAN,Porcentagem de águas residuais ou efluente (águas de esgoto) tratadas: total de m³ de águas residuais que entram anualmente nas estações de tratamento dividido pelo total de m³ de água faturadas.,> 60%,40%–60%,< 40%,2019,"58,58"
AMBIENTAL,MANEJO AMBIENTAL E CONSUMO DOS RECURSOS NATURAIS,SANEAMENTO E DRENAGEM,EFETIVIDADE DA DRENAGEM,9,9,9,N/A,SMSP,Porcentagem anual de moradias afetadas por inundações intensas decorrentes de transbordamentos dos sistemas de drenagem e esgoto e de inundações causadas por rios e marés.,"< 0,5%","0,5–3",> 3%,2019,"0,5"
AMBIENTAL,MANEJO AMBIENTAL E CONSUMO DOS RECURSOS NATURAIS,GESTÃO DE RESÍDUOS  SÓLIDOS,COBERTURA COLETA DE RESÍDUOS SÓLIDOS,10,10,10,N/A,COMCAP,Porcentagem das moradias com coleta regular de resíduos sólidos.,90%–100%,80%–90%,< 80%,2019,100
AMBIENTAL,MANEJO AMBIENTAL E CONSUMO DOS RECURSOS NATURAIS,GESTÃO DE RESÍDUOS  SÓLIDOS,VOLUME DE RESIDUOS SÓLIDOS,11,L 5,11,N/A,COMCAP,"Toneladas totais de resíduos sólidos recolhidos (lixo convencional, coleta seletiva, lixo hospitalar, lixo pesado).",Sem valor de referência,Não Informado,Não Informado,2019,"212,303"
AMBIENTAL,MANEJO AMBIENTAL E CONSUMO DOS RECURSOS NATURAIS,GESTÃO DE RESÍDUOS  SÓLIDOS,VOLUME DE RESIDUOS SÓLIDOS,12,NOVO,12,N/A,COMCAP,"Quantidade (kg) de resíduos sólidos coletados por habitante, por dia (população projetada IBGE)","≤ 1,0","1,01 - 1,5",">1,5",2019,"1,16"
AMBIENTAL,MANEJO AMBIENTAL E CONSUMO DOS RECURSOS NATURAIS,GESTÃO DE RESÍDUOS  SÓLIDOS,DISPOSIÇÃO FINAL DOS RESÍDUOS SÓLIDOS,13,11,13,7.3.2005,COMCAP/FNR,Porcentagem de resíduos sólidos municipais depositados em aterros sanitários,<35%,36%- 50%,> 50%,2019,"92,85"
AMBIENTAL,MANEJO AMBIENTAL E CONSUMO DOS RECURSOS NATURAIS,GESTÃO DE RESÍDUOS  SÓLIDOS,TRATAMENTO DOS                                                                    RESÍDUOS SÓLIDOS,15,14,15,N/A,COMCAP,Porcentagem de resíduos sólidos municipais compostados pela Prefeitura,> 20%,5%–20%,< 5%,2019,"1,93"
AMBIENTAL,MANEJO AMBIENTAL E CONSUMO DOS RECURSOS NATURAIS,GESTÃO DE RESÍDUOS  SÓLIDOS,TRATAMENTO DOS                                                                    RESÍDUOS SÓLIDOS,16,15,16,7.3.2004,COMCAP/FNR,Porcentagem de resíduos sólidos separados e classificados para reciclagem,> 25%,15%–25%,< 15%,2019,"5,22"
AMBIENTAL,MANEJO AMBIENTAL E CONSUMO DOS RECURSOS NATURAIS,GESTÃO DE RESÍDUOS  SÓLIDOS,TRATAMENTO DOS                                                                    RESÍDUOS SÓLIDOS,17,16,17,7.3.2006,COMCAP/FNR,Porcentagem de resíduos sólidos tratados em usinas de geração de energia a partir de resíduos em relação ao total de resíduos sólidos produzidos.,> 20 %,10%- 19%,< 10%,2019,0
AMBIENTAL,MANEJO AMBIENTAL E CONSUMO DOS RECURSOS NATURAIS,ENERGIA,COBERTURA ENERGÉTICA,20,19,21,7.4.2007,CELESC /FNR,"Média de interrupção do fornecimento de energia elétrica por domicílio/ano, expresso em h/domicílio/ano",< 7h,7–10h,> 10h,2019,"5,42"
AMBIENTAL,MANEJO AMBIENTAL E CONSUMO DOS RECURSOS NATURAIS,ENERGIA,EFICIÊNCIA ENERGÉTICA,21,21,22,N/A,CELESC,Consumo anual de eletricidade por cliente residencial em Kw/h,1500–3500 kWh/por domicílio/ano,"900–1500 kWh/por domicílio/ano
3500–5000 kWh/por domicílio/ano","< 900 kWh/por domicílio/ano
> 5000 kWh/por domicílio/ano",2019,"2,536"
AMBIENTAL,MANEJO AMBIENTAL E CONSUMO DOS RECURSOS NATURAIS,ENERGIA,EFICIÊNCIA ENERGÉTICA,22,NOVO,23,N/A,COSIP,Porcentagem da iluminação pública que utiliza a tecnologia LED,50%,50% - 30%,< 30%,2019,"13,2"
AMBIENTAL,MITIGAÇÃO DOS GASES DE EFEITO ESTUFA E OUTRAS FORMAS DE CONTAMINAÇÃO,MITIGAÇÃO DA MUDANÇA CLIMÁTICA,EMISSÕES TOTAIS DE GEE,26,29,28,6.3.2003,FLORAM/FNR,Emissões de GEE -Toneladas per capita (População projetada do IBGE),< 5,5–10,> 10,2019,"2,17"
AMBIENTAL,MITIGAÇÃO DOS GASES DE EFEITO ESTUFA E OUTRAS FORMAS DE CONTAMINAÇÃO,Ruido,CONTROLE DE RUIDOS,27,NOVO,29,N/A,FLORAM,Média anual (em decibéis) de ruído nos 5 principais pontos críticos da cidade,< 70 decibéis,70 - 80 decibéis,> 80 decibéis,2019,"22,8"
AMBIENTAL,REDUÇÃO DA VULNERABILIDADE DIANTE DE DESASTRES NATURAIS E ADAPTAÇÃO À MUDANÇA DO CLIMA,VULNERABILIDADE FRENTE A DESASTRES NATURAIS NO CONTEXTO DA MUDANÇA CLIMÁTICA,CAPACIDADE DE ADAPTAÇÃO À MUDANÇA CLIMÁTICA E A EVENTOS NATURAIS EXTREMOS,28,30,30,N/A,SMSP/Defesa Civil,"Mapas de risco: porcentagem das áreas sujeitas a riscos decorrentes de deslizamentos, inundações costeiras e fluviais, mapeadas na escala 1:10.000, com grau de risco alto, médio ou baixo risco.",acima de 90%,"de 60 a 89,99%",abaixo de 60%,2019,100
AMBIENTAL,REDUÇÃO DA VULNERABILIDADE DIANTE DE DESASTRES NATURAIS E ADAPTAÇÃO À MUDANÇA DO CLIMA,VULNERABILIDADE FRENTE A DESASTRES NATURAIS NO CONTEXTO DA MUDANÇA CLIMÁTICA,CAPACIDADE DE ADAPTAÇÃO À MUDANÇA CLIMÁTICA E A EVENTOS NATURAIS EXTREMOS,29,34,31,N/A,SMSP,"Porcentagem das áreas de risco e vulnerabilidades da cidade (áreas de risco de deslizamento, de inundação costeira e pluvial, de vulnerabilidade social, de interrupções das pontes, de secas com comprometimento de abastecimento de água, apagões e de congestionamento viário extremo) que possuem planos de contingência adequados e atualizados.",acima de 90%,"de 60 a 89,99%",abaixo de 60%,2019,100
AMBIENTAL,REDUÇÃO DA VULNERABILIDADE DIANTE DE DESASTRES NATURAIS E ADAPTAÇÃO À MUDANÇA DO CLIMA,VULNERABILIDADE FRENTE A DESASTRES NATURAIS NO CONTEXTO DA MUDANÇA CLIMÁTICA,CAPACIDADE DE ADAPTAÇÃO À MUDANÇA CLIMÁTICA E A EVENTOS NATURAIS EXTREMOS,30,35,32,N/A,SMSP,Porcentagem dos planos de contingência de riscos que possui alerta precoce,acima de 90%,"de 60 a 89,99%",abaixo de 60%,2019,100
AMBIENTAL,REDUÇÃO DA VULNERABILIDADE DIANTE DE DESASTRES NATURAIS E ADAPTAÇÃO À MUDANÇA DO CLIMA,VULNERABILIDADE FRENTE A DESASTRES NATURAIS NO CONTEXTO DA MUDANÇA CLIMÁTICA,CAPACIDADE DE ADAPTAÇÃO À MUDANÇA CLIMÁTICA E A EVENTOS NATURAIS EXTREMOS,31,38,33,N/A,SMSP,Porcentagem da Lei Orçamentária Anual (LOA) planejados para mitigação dos riscos de desastres naturais e mudanças climáticas,"acima de 0,5%","0,5 a 0,3%","abaixo de 0,3%",2019,"0,42"
URBANO,CONTROLE DO CRESCIMENTO E MELHORIA DO HABITAT URBANO,USO DO SOLO / ORDENAMENTO TERRITORIAL,DENSIDADE,33,41,36,N/A,IPUF,Porcentagem de crescimento anual da quilometragem da malha urbana,< 3%,3%–5%,> 5%,2019,"0,86"
URBANO,CONTROLE DO CRESCIMENTO E MELHORIA DO HABITAT URBANO,USO DO SOLO / ORDENAMENTO TERRITORIAL,DENSIDADE,34,42,37,N/A,IPUF,Quantidade de população por km² de área urbanizada (exclui-se as áreas de agricultura e açudes de mais de 5 km),7.000 - 20.000,4.000–7.000; 20.000–25.000,< 4.000;                                         > 25.000,2019,"4,977"
URBANO,CONTROLE DO CRESCIMENTO E MELHORIA DO HABITAT URBANO,USO DO SOLO / ORDENAMENTO TERRITORIAL,DENSIDADE,35,L 8,38,N/A,IPUF,Porcentagem de crescimento demográfico,<1%,"1% - 1,5%","> 1,5%",2019,"1,62"
URBANO,CONTROLE DO CRESCIMENTO E MELHORIA DO HABITAT URBANO,USO DO SOLO / ORDENAMENTO TERRITORIAL,Não Informado,36,,39,5.1.2004,IPUF/FNR,Porcentagem de pessoas vivendo em moradias inadequadas em relação à população total.,Não Informado,Não Informado,Não Informado,2019,"2,52"
URBANO,CONTROLE DO CRESCIMENTO E MELHORIA DO HABITAT URBANO,USO DO SOLO / ORDENAMENTO TERRITORIAL,Não Informado,37,44,40,N/A,SMDU,Déficit de moradias quantitativo,< 10%,10%–25%,> 20%,2019,"7,872"
URBANO,CONTROLE DO CRESCIMENTO E MELHORIA DO HABITAT URBANO,USO DO SOLO / ORDENAMENTO TERRITORIAL,ÁREAS VERDE E DE RECREAÇÃO,38,45,41,N/A,IPUF,Quantidade de hectares de áreas verdes permanentes de lazer (de acordo com o Plano Diretor) para cada 100.000 habitantes (população projetada IBGE),> 50,20–50,< 20,2019,"5786,66"
URBANO,CONTROLE DO CRESCIMENTO E MELHORIA DO HABITAT URBANO,USO DO SOLO / ORDENAMENTO TERRITORIAL,Não Informado,40,NOVO,43,N/A,IPUF,Porcentagem das edificações em áreas de conflito ambiental: quantidade de edificações irregulares dividido pelo total das edificações.,"< 0,5%","0,6% - 2%",> 2 %,2019,"9,28"
URBANO,CONTROLE DO CRESCIMENTO E MELHORIA DO HABITAT URBANO,USO DO SOLO / ORDENAMENTO TERRITORIAL,Não Informado,41,L 10,44,6.1.2001,FLORAM,Áreas naturais protegidas: porcentagem de Unidades de Conservação (UC) com plano de manejo.,acima de 90%,"de 60 a 89,99%",abaixo de 60%,2019,"27,95"
URBANO,CONTROLE DO CRESCIMENTO E MELHORIA DO HABITAT URBANO,USO DO SOLO / ORDENAMENTO TERRITORIAL,PLANEJAMENTO DO SOLO,43,L 4,46,1.9.2001,SMPIU,Porcentagem de área parcelada irregularmente sobre área urbanizável. (Floripa em Números = Núcelos Urbanos informais),< 10%,10% - 25%,> 25%,2019,36
URBANO,CONTROLE DO CRESCIMENTO E MELHORIA DO HABITAT URBANO,DESIGUALDADE URBANA,POBREZA,46,L 11,49,5.1.2001,IPUF,Porcentagem de Áreas Especiais de Interesse Social (AEIS) e Zonas Especiais de Interesse Social (ZEIS) em relação à Macro área de Uso Urbano definida pelo Plano Diretor.,sem valor de referência,Não Informado,Não Informado,2019,"22,89"
URBANO,CONTROLE DO CRESCIMENTO E MELHORIA DO HABITAT URBANO,DESIGUALDADE URBANA,SEGREGAÇÃO SOCIOESPACIAL,49,,53,5.1.2004,SMDU/FNR,Percentual de pessoas vivendo em moradias inadequadas em relação à população total.,Não Informado,Não Informado,Não Informado,2019,"2,52"
URBANO,CONTROLE DO CRESCIMENTO E MELHORIA DO HABITAT URBANO,DESIGUALDADE URBANA,DESIGUALDADE DE RENDA,51,51,55,5.2.10,SEMAS/FRN,Coeficiente de Gini da renda (Fonte: PENAD Contínua do IBGE),"< 0,40","0,40–0,49","> 0,49",2019,"0,54"
URBANO,PROMOÇÃO DO TRANSPORTE URBANO SUSTENTÁVEL,MOBILIDADE / TRANSPORTE,INFRAESTRUTURA DE TRANSPORTE EQUILIBRADA,53,52,57,N/A,SMPIU,Quilômetros de vias públicas por 100 mil habitantes (População projetada do IBGE),< 300,300–400,> 400,2019,"357,49"
URBANO,PROMOÇÃO DO TRANSPORTE URBANO SUSTENTÁVEL,MOBILIDADE / TRANSPORTE,INFRAESTRUTURA DE TRANSPORTE EQUILIBRADA,54,NOVO,58,2.5.2003,SMPU,Porcentagem de vias públicas não pavimentadas em relação ao total de quilômetros de vias públicas,< 5%,5%-10%,> 10%,2019,"40,39"
URBANO,PROMOÇÃO DO TRANSPORTE URBANO SUSTENTÁVEL,MOBILIDADE / TRANSPORTE,INFRAESTRUTURA DE TRANSPORTE EQUILIBRADA,56,53,60,2.1.2004,SMTI,Quilômetros de vias dedicadas exclusivamente ao  transporte público por 100 mil habitantes (população projetada do IBGE),> 40,10–40,< 10,2019,0
URBANO,PROMOÇÃO DO TRANSPORTE URBANO SUSTENTÁVEL,MOBILIDADE / TRANSPORTE,INFRAESTRUTURA DE TRANSPORTE EQUILIBRADA,57,54,61,somar: 2.2.2 + 2.2.3 + 2.2.4,SMTI/FNR,"Quilômetros de ciclovias, ciclofaixas e ciclorotas por 100 mil habitantes (população projetada IBGE)",> 25,15–25,< 15,2019,"25,01"
URBANO,PROMOÇÃO DO TRANSPORTE URBANO SUSTENTÁVEL,MOBILIDADE / TRANSPORTE,INFRAESTRUTURA DE TRANSPORTE EQUILIBRADA,58,NOVO,62,N/A,SMTI,"Porcentagem de km de ciclovias, ciclofaixas e ciclorotas em relação ao total de km de vias  da cidade",>25%,25%-15%,<15%,2019,"1,51"
URBANO,PROMOÇÃO DO TRANSPORTE URBANO SUSTENTÁVEL,MOBILIDADE / TRANSPORTE,INFRAESTRUTURA DE TRANSPORTE EQUILIBRADA,61,NOVO,65,N/A,SMTI,Quilometragem média/mês rodada pela frota de transporte público,sem valor de referência,Não Informado,Não Informado,2019,"2,862"
URBANO,PROMOÇÃO DO TRANSPORTE URBANO SUSTENTÁVEL,MOBILIDADE / TRANSPORTE,INFRAESTRUTURA DE TRANSPORTE EQUILIBRADA,62,NOVO,66,N/A,SMTI,Quantidade média/mês de pessoas transportadas pelo transporte público,sem valor de referência,Não Informado,Não Informado,2019,"175,378"
URBANO,PROMOÇÃO DO TRANSPORTE URBANO SUSTENTÁVEL,MOBILIDADE / TRANSPORTE,INFRAESTRUTURA DE TRANSPORTE EQUILIBRADA,63,NOVO,67,N/A,SMTI,Custo anual do sistema de transporte público (subsídio + custo do consórcio) por pessoa transportada,sem valor de referência,Não Informado,Não Informado,2019,"4,25"
URBANO,PROMOÇÃO DO TRANSPORTE URBANO SUSTENTÁVEL,MOBILIDADE / TRANSPORTE,INFRAESTRUTURA DE TRANSPORTE EQUILIBRADA,64,NOVO,68,N/A,SMTI,Velocidade média/mês da frota de transporte público,>30%,30%–15%,< 15%,2019,23
URBANO,PROMOÇÃO DO TRANSPORTE URBANO SUSTENTÁVEL,MOBILIDADE / TRANSPORTE,INFRAESTRUTURA DE TRANSPORTE EQUILIBRADA,67,NOVO,71,N/A,SMTI,Média/litros/mês do consumo de óleo diesel da frota de transporte público (Fonte: Consórcio Fênix),sem valor de referência,Não Informado,Não Informado,2019,"3,438"
URBANO,PROMOÇÃO DO TRANSPORTE URBANO SUSTENTÁVEL,MOBILIDADE / TRANSPORTE,TRANSPORTE LIMPO,68,NOVO,72,N/A,SMTI,Porcentagem da frota de transporte público movida a energia elétrica,> 20%,20%–10%,< 10%,2019,0
URBANO,PROMOÇÃO DO TRANSPORTE URBANO SUSTENTÁVEL,MOBILIDADE / TRANSPORTE,TRANSPORTE LIMPO,69,NOVO,73,N/A,SMTI,Porcentagem da frota de transporte público com ar condicionado,> 70%,70%–50%,< 50%,2019,"18,5"
URBANO,PROMOÇÃO DO TRANSPORTE URBANO SUSTENTÁVEL,MOBILIDADE / TRANSPORTE,TRANSPORTE LIMPO,70,57,74,N/A,SMTI,Idade média da frota do transporte público,< 6,6–12,> 12,2019,"5,9"
URBANO,PROMOÇÃO DO TRANSPORTE URBANO SUSTENTÁVEL,MOBILIDADE / TRANSPORTE,TRANSPORTE SEGURO,71,58,75,10.2.2001,SSP/FNR,Vítimas mortais de acidentes de trânsito por 100 mil habitantes,< 10,10–20,> 20,2019,"10,18"
URBANO,PROMOÇÃO DO TRANSPORTE URBANO SUSTENTÁVEL,MOBILIDADE / TRANSPORTE,TRANSPORTE SEGURO,72,NOVO,76,N/A,SMS,Quantidade anual de pessoas hospitalizadas por acidentes de trânsito por 100.000 habitantes (população projetada IBGE),sem valor de referência,Não Informado,Não Informado,2019,"23,15"
URBANO,PROMOÇÃO DO TRANSPORTE URBANO SUSTENTÁVEL,MOBILIDADE / TRANSPORTE,MENOS CONGESTIONAMENTO,73,59,77,N/A,SMTI,Velocidade média de viagem (transporte público e privado) nas principais vias públicas durante os horários de pico,> 30,15–30,< 15,2019,17
URBANO,PROMOÇÃO DO TRANSPORTE URBANO SUSTENTÁVEL,MOBILIDADE / TRANSPORTE,MENOS CONGESTIONAMENTO,74,60,78,2.4.2001,SMTI/FNR,"Número de veículos de uso pessoal (automóveis, SUV's, etc) registrados no DETRAN local (exceto táxis) per capita (população projetada IBGE)","< 0,3","0,3–0,4","> 0,4",2019,"0,63"
URBANO,PROMOÇÃO DO TRANSPORTE URBANO SUSTENTÁVEL,MOBILIDADE / TRANSPORTE,TRANSPORTE ECONÔMICO,75,62,79,N/A,SMTI,Índice de acessibilidade (Salário Mínimo Nacional/(44 viagens mês* valor da tarifa em dinheiro)),Até 5%,5%–10%,> 10%,2019,"5,15"
URBANO,PROMOÇÃO DO DESENVOLVIMENTO ECONÔMICO LOCAL COMPETITIVO SUSTENTÁVEL,AMBIENTE DE NEGÓCIOS,REG. NEGÓCIOS E INVESTIMENTOS,76,65,80,N/A,SMDECT,Quantidade de dias para abrir uma empresa,< 12,12–20,> 20,2019,4
URBANO,PROMOÇÃO DO DESENVOLVIMENTO ECONÔMICO LOCAL COMPETITIVO SUSTENTÁVEL,TECIDO PRODUTIVO,CRESCIMENTO PRODUTIVO,81,67,85,8.2.2001,SMDECT/SIE/FRN,PIB per capita da cidade (Fonte IBGE - Estatisticas),>US$ 9.000,US$ 3.000–US$ 9.000,< US$ 3.000,2019,"43,847"
URBANO,PROMOÇÃO DO DESENVOLVIMENTO ECONÔMICO LOCAL COMPETITIVO SUSTENTÁVEL,TECIDO PRODUTIVO,CRESCIMENTO PRODUTIVO,82,68,86,N/A,SMTDI,Taxa de crescimento do PIB per capita da cidade (Fonte: IBGE Estatísticas),"> 2,5%
O crescimento do PIB per capita da cidade é positivo e superior ao crescimento do PIB nacional (2)","2-2,5%
O crescimento do PIB per capita da cidade é positivo e igual ou similar ao crescimento do PIB nacional (1)","<2%
O crescimento do PIB per capita da cidade é positivo e igual ou similar ao ao crescimento do PIB nacional (0)",2019,"2,85"
URBANO,PROMOÇÃO DO DESENVOLVIMENTO ECONÔMICO LOCAL COMPETITIVO SUSTENTÁVEL,MERCADO LABORAL,DESEMPREGO,85,69,89,8.1.2005,SMTDI/FNR,Taxa de desemprego (Fonte: IBGE - ESTATISTICAS - PNAD Contínua),< 7%,7%–12%,> 12%,2019,"8,3"
URBANO,PROMOÇÃO DO DESENVOLVIMENTO ECONÔMICO LOCAL COMPETITIVO SUSTENTÁVEL,MERCADO LABORAL,EMPREGO FORMAL,86,NOVO,90,8.1.2007,SMTDI/FNR,Porcentagem da população ocupada - Formal (Fonte: IBGE - ESTATISTICAS - PNAD Contínua) https://cidades.ibge.gov.br/brasil/sc/florianopolis/panorama,> 75%,75% - 65%,< 65%,2019,"63,9"
URBANO,OFERTA DE SERVIÇOS SOCIAIS DE ALTO NÍVEL E PROMOÇÃO DA COESÃO SOCIAL,EDUCAÇÃO,QUALIDADE DO ENSINO,89,76,94,N/A,SME,Taxa de analfabetismo de pessoas acima de 15 anos,"< 0,5%","0,5% - 2%",> 2%,2019,"1,6"
URBANO,OFERTA DE SERVIÇOS SOCIAIS DE ALTO NÍVEL E PROMOÇÃO DA COESÃO SOCIAL,EDUCAÇÃO,QUALIDADE DO ENSINO,90,77,95,N/A,SME,Porcentagem de Estudantes do ensino fundamental com nível satisfatório em provas padronizadas (IDEB) de Leitura,>=70%,69%–50%,> 50%,2019,35
URBANO,OFERTA DE SERVIÇOS SOCIAIS DE ALTO NÍVEL E PROMOÇÃO DA COESÃO SOCIAL,EDUCAÇÃO,QUALIDADE DO ENSINO,91,78,96,N/A,SME,Porcentagem de Estudantes do ensino fundamental com nível satisfatório em provas padronizadas (IDEB) de Matemática,>=70%,69%–50%,> 50%,2019,19
URBANO,OFERTA DE SERVIÇOS SOCIAIS DE ALTO NÍVEL E PROMOÇÃO DA COESÃO SOCIAL,EDUCAÇÃO,QUALIDADE DO ENSINO,92,79,97,N/A,SME,Quantidade de alunos por professor nas escolas públicas,< 15:1,Entre 15:1 e 25:1,> 25:1,2019,12
URBANO,OFERTA DE SERVIÇOS SOCIAIS DE ALTO NÍVEL E PROMOÇÃO DA COESÃO SOCIAL,EDUCAÇÃO,ASSISTÊNCIA ESCOLAR,93,80,98,N/A,SME,Número de estudantes matriculados na pré-escola e recebem atendimento integral,Não Informado,Não Informado,Não Informado,2019,"3,255"
URBANO,OFERTA DE SERVIÇOS SOCIAIS DE ALTO NÍVEL E PROMOÇÃO DA COESÃO SOCIAL,EDUCAÇÃO,ASSISTÊNCIA ESCOLAR,94,81,99,N/A,SME,Número de estudantes matriculados nos anos iniciais do ensino fundamental (6 a 11 anos),Não Informado,Não Informado,Não Informado,2019,"29,562"
URBANO,OFERTA DE SERVIÇOS SOCIAIS DE ALTO NÍVEL E PROMOÇÃO DA COESÃO SOCIAL,EDUCAÇÃO,ASSISTÊNCIA ESCOLAR,95,82,100,N/A,SME,Número de estudantes matriculados nos anos finais do ensino fundamental (12 a 15 anos),Não Informado,Não Informado,Não Informado,2019,"23,081"
URBANO,OFERTA DE SERVIÇOS SOCIAIS DE ALTO NÍVEL E PROMOÇÃO DA COESÃO SOCIAL,EDUCAÇÃO,ASSISTÊNCIA ESCOLAR,96,83,101,N/A,SEE,Número de estudantes matriculados no ensino médio (16 a 18 anos),Não Informado,Não Informado,Não Informado,2019,"16,999"
URBANO,OFERTA DE SERVIÇOS SOCIAIS DE ALTO NÍVEL E PROMOÇÃO DA COESÃO SOCIAL,EDUCAÇÃO,ASSISTÊNCIA ESCOLAR,98,NOVO,103,N/A,SME,Número de crianças com necessidades especiais matriculadas na Educação Básica (4 a 17 anos),sem valor de referência,Não Informado,Não Informado,2019,841
URBANO,OFERTA DE SERVIÇOS SOCIAIS DE ALTO NÍVEL E PROMOÇÃO DA COESÃO SOCIAL,SEGURANÇA,VIOLÊNCIA,101,85,104,10.1.2005,SSP/FNR,Quantidade de homicídios por 100 mil habitantes - população projetada pelo IBGE,< 10,10–25,> 25,2019,"12,2"
URBANO,OFERTA DE SERVIÇOS SOCIAIS DE ALTO NÍVEL E PROMOÇÃO DA COESÃO SOCIAL,SEGURANÇA,VIOLÊNCIA,102,NOVO,105,N/A,SSP,Quantidade de latrocínios por 100.000 habitantes - população projetada pelo IBGE,<5,5-10,>10,2019,0
URBANO,OFERTA DE SERVIÇOS SOCIAIS DE ALTO NÍVEL E PROMOÇÃO DA COESÃO SOCIAL,SEGURANÇA,VIOLÊNCIA,103,NOVO,106,N/A,SSP,Quantidade de feminicídios por 100.000 habitantes mulheres - população projetada pelo IBGE,<5,5-10,>10,2019,1
URBANO,OFERTA DE SERVIÇOS SOCIAIS DE ALTO NÍVEL E PROMOÇÃO DA COESÃO SOCIAL,SEGURANÇA,VIOLÊNCIA,104,86,107,N/A,SSP,Número de ocorrências de violência doméstica em mulheres,Não Informado,Não Informado,Não Informado,2019,154
URBANO,OFERTA DE SERVIÇOS SOCIAIS DE ALTO NÍVEL E PROMOÇÃO DA COESÃO SOCIAL,SEGURANÇA,VIOLÊNCIA,105,88,108,N/A,SSP,Roubos por 100 mil habitantes - população projetada pelo IBGE,< 300,300–1.000,> 1.000,2019,"324,2"
URBANO,OFERTA DE SERVIÇOS SOCIAIS DE ALTO NÍVEL E PROMOÇÃO DA COESÃO SOCIAL,SEGURANÇA,VIOLÊNCIA,106,89,109,N/A,SSP,Furtos por 100 mil habitantes - população projetada pelo IBGE,< 3.000,3.000–5.000,> 5.000,2019,"2326,3"
URBANO,OFERTA DE SERVIÇOS SOCIAIS DE ALTO NÍVEL E PROMOÇÃO DA COESÃO SOCIAL,SEGURANÇA,VIOLÊNCIA,107,NOVO,110,N/A,SSP,Furtos de veículos por 100 mil habitantes - população projetada pelo IBGE,<100,100-150,>150,2019,92
URBANO,OFERTA DE SERVIÇOS SOCIAIS DE ALTO NÍVEL E PROMOÇÃO DA COESÃO SOCIAL,SEGURANÇA,VIOLÊNCIA,108,NOVO,111,N/A,SSP,Roubos de veículos por 100 mil habitantes - população projetada pelo IBGE,<50,50-75,>75,2019,"40,5"
URBANO,OFERTA DE SERVIÇOS SOCIAIS DE ALTO NÍVEL E PROMOÇÃO DA COESÃO SOCIAL,SAÚDE,NÍVEL DE SAÚDE,111,NOVO,114,N/A,SMS,Taxa Geral de mortalidade por 100.000 habitantes (População projetada IBGE),sem valor de referência,Não Informado,Não Informado,2019,"476,98"
URBANO,OFERTA DE SERVIÇOS SOCIAIS DE ALTO NÍVEL E PROMOÇÃO DA COESÃO SOCIAL,SAÚDE,NÍVEL DE SAÚDE,112,NOVO,115,N/A,SMS,Taxa Geral de mortalidade de homens por 100.000 habitantes (População projetada IBGE),sem valor de referência,Não Informado,Não Informado,2019,"520,16"
URBANO,OFERTA DE SERVIÇOS SOCIAIS DE ALTO NÍVEL E PROMOÇÃO DA COESÃO SOCIAL,SAÚDE,NÍVEL DE SAÚDE,113,NOVO,116,N/A,SMS,Taxa Geral de mortalidade de mulheres por 100.000 habitantes (População projetada IBGE),sem valor de referência,Não Informado,Não Informado,2019,"436,52"
URBANO,OFERTA DE SERVIÇOS SOCIAIS DE ALTO NÍVEL E PROMOÇÃO DA COESÃO SOCIAL,SAÚDE,NÍVEL DE SAÚDE,114,95,117,3.1.2004,SMS/FNR,Taxa de mortalidade infantil (crianças menores de 5 anos)por 100.000 habitantes (População projetada IBGE),< 20,20 -30,> 30,2019,"5,22"
URBANO,OFERTA DE SERVIÇOS SOCIAIS DE ALTO NÍVEL E PROMOÇÃO DA COESÃO SOCIAL,SAÚDE,NÍVEL DE SAÚDE,115,NOVO,118,N/A,SMS,Taxa de mortalidade Precoce (Anos potenciais de vida perdido - APVP) por 100.000 habitantes (População projetada IBGE),sem valor de referência,Não Informado,Não Informado,2019,"4113,4"
URBANO,OFERTA DE SERVIÇOS SOCIAIS DE ALTO NÍVEL E PROMOÇÃO DA COESÃO SOCIAL,SAÚDE,NÍVEL DE SAÚDE,116,NOVO,119,N/A,SMS,Taxa de mortalidade por doenças cardovasculares por 100.000 habitantes (População projetada IBGE),sem valor de referência,Não Informado,Não Informado,2019,"137,95"
URBANO,OFERTA DE SERVIÇOS SOCIAIS DE ALTO NÍVEL E PROMOÇÃO DA COESÃO SOCIAL,SAÚDE,NÍVEL DE SAÚDE,117,NOVO,120,N/A,SMS,Taxa de mortalidade por neoplasias por 100.000 habitantes (População projetada IBGE),sem valor de referência,Não Informado,Não Informado,2019,"130,1"
URBANO,OFERTA DE SERVIÇOS SOCIAIS DE ALTO NÍVEL E PROMOÇÃO DA COESÃO SOCIAL,SAÚDE,NÍVEL DE SAÚDE,118,NOVO,121,N/A,SMS,"Taxa de mortalidade por causas externas (acidentes, crimes, etc.) por 100.000 habitantes (População projetada IBGE)",sem valor de referência,Não Informado,Não Informado,2019,"35,59"
URBANO,OFERTA DE SERVIÇOS SOCIAIS DE ALTO NÍVEL E PROMOÇÃO DA COESÃO SOCIAL,SAÚDE,NÍVEL DE SAÚDE,119,NOVO,122,N/A,SMS,Taxa de internação de adultos por 100.000 habitantes (População projetada IBGE),sem valor de referência,Não Informado,Não Informado,2019,"5305,46"
URBANO,OFERTA DE SERVIÇOS SOCIAIS DE ALTO NÍVEL E PROMOÇÃO DA COESÃO SOCIAL,SAÚDE,NÍVEL DE SAÚDE,120,NOVO,123,N/A,SMS,Taxa de internação de crianças por 100.000 habitantes (População projetada IBGE),sem valor de referência,Não Informado,Não Informado,2019,"3987,56"
URBANO,OFERTA DE SERVIÇOS SOCIAIS DE ALTO NÍVEL E PROMOÇÃO DA COESÃO SOCIAL,SAÚDE,NÍVEL DE SAÚDE,121,NOVO,124,N/A,SMS,"Taxa de internação por causas externas (acidentes, crimes, etc. ) por 100.000 habitantes (População projetada IBGE)",sem valor de referência,Não Informado,Não Informado,2019,"589,87"
URBANO,OFERTA DE SERVIÇOS SOCIAIS DE ALTO NÍVEL E PROMOÇÃO DA COESÃO SOCIAL,SAÚDE,NÍVEL DE SAÚDE,122,NOVO,125,N/A,SMS,Taxa de internação por doenças cardiovasculares por 100.000 habitantes (População projetada IBGE),sem valor de referência,Não Informado,Não Informado,2019,"473,35"
URBANO,OFERTA DE SERVIÇOS SOCIAIS DE ALTO NÍVEL E PROMOÇÃO DA COESÃO SOCIAL,SAÚDE,NÍVEL DE SAÚDE,123,NOVO,126,N/A,SMS,Taxa de internação por neoplasias por 100.000 habitantes (População projetada IBGE),sem valor de referência,Não Informado,Não Informado,2019,"430,87"
URBANO,OFERTA DE SERVIÇOS SOCIAIS DE ALTO NÍVEL E PROMOÇÃO DA COESÃO SOCIAL,SAÚDE,NÍVEL DE SAÚDE,124,L 22,127,N/A,SMS,Prevalência de Diabetes Millitus: Percentual da população atendida nos hospitais e postos de Saúde pública que tem diabetes - População projetada pelo IBGE,sem valor de referência,Não Informado,Não Informado,2019,"6,12"
URBANO,OFERTA DE SERVIÇOS SOCIAIS DE ALTO NÍVEL E PROMOÇÃO DA COESÃO SOCIAL,SAÚDE,NÍVEL DE SAÚDE,125,L 23,128,3.1.2009,SMS/FNR,"Prevalência de obesidade: Percentual de indivíduos, com Índice de Massa Corporal (IMC) maior ou igual a 25 (População projetada pelo IBGE)",sem valor de referência,Não Informado,Não Informado,2019,"17,62"
URBANO,OFERTA DE SERVIÇOS SOCIAIS DE ALTO NÍVEL E PROMOÇÃO DA COESÃO SOCIAL,SAÚDE,NÍVEL DE SAÚDE,126,L 24,129,N/A,SMS,Prevalência de Hipertensão: Percentual de pessoas com  diagnóstico de hipertensão (População projetada pelo IBGE),"Abaixo de 5,7%","5,7% a 7,14%",Acima de 10%,2019,"21,61"
URBANO,OFERTA DE SERVIÇOS SOCIAIS DE ALTO NÍVEL E PROMOÇÃO DA COESÃO SOCIAL,SAÚDE,OFERTA DE SERVIÇOS DE SAÚDE,127,96,130,3.1.2003,SMS/FNR,Quantidade de médicos por 100 mil habitantes (População projetada pelo IBGE),> 200,75 - 200,< 75,2019,"2004,87"
URBANO,OFERTA DE SERVIÇOS SOCIAIS DE ALTO NÍVEL E PROMOÇÃO DA COESÃO SOCIAL,SAÚDE,OFERTA DE SERVIÇOS DE SAÚDE,128,97,131,N/A,SMS,"Quantidade de leitos de hospital por 100 mil habitantes, em hospitais públicos e privados",> 100,50 - 100,< 50,2019,"313,41"
URBANO,OFERTA DE SERVIÇOS SOCIAIS DE ALTO NÍVEL E PROMOÇÃO DA COESÃO SOCIAL,SAÚDE,OFERTA DE SERVIÇOS DE SAÚDE,129,NOVO,132,N/A,SMS,Quantidade de leitos de UTI em hospitais públicos e privados,sem valor de referência,Não Informado,Não Informado,2019,"42,31"
URBANO,OFERTA DE SERVIÇOS SOCIAIS DE ALTO NÍVEL E PROMOÇÃO DA COESÃO SOCIAL,SAÚDE,OFERTA DE SERVIÇOS DE SAÚDE,130,NOVO,133,N/A,SMS,Total de gasto do município com saúde pública por 100.000 habitantes,Sem valor de referência,Não Informado,Não Informado,2019,"74,211"
URBANO,OFERTA DE SERVIÇOS SOCIAIS DE ALTO NÍVEL E PROMOÇÃO DA COESÃO SOCIAL,SAÚDE,OFERTA DE SERVIÇOS DE SAÚDE,131,NOVO,134,N/A,SMS,"Total do valor recebidos do Estado e do Governo Federal, destinados à saúde no município por 100.000 habitantes",Sem valor de referência,Não Informado,Não Informado,2019,"22,351"
URBANO,OFERTA DE SERVIÇOS SOCIAIS DE ALTO NÍVEL E PROMOÇÃO DA COESÃO SOCIAL,SAÚDE,OFERTA DE SERVIÇOS DE SAÚDE,132,NOVO,135,N/A,SMS,Cobertura de saúde da família: Média/mês de residências atendidas na modalidade de saúde da família,Sem valor de referência,Não Informado,Não Informado,2019,"97,98"
URBANO,OFERTA DE SERVIÇOS SOCIAIS DE ALTO NÍVEL E PROMOÇÃO DA COESÃO SOCIAL,SAÚDE,OFERTA DE SERVIÇOS DE SAÚDE,133,NOVO,136,N/A,SMS,Média/mês de pessoas atendidas nas UPAS e nos Postos de Saúde.,Sem valor de referência,Não Informado,Não Informado,2019,"27,401"
URBANO,OFERTA DE SERVIÇOS SOCIAIS DE ALTO NÍVEL E PROMOÇÃO DA COESÃO SOCIAL,SAÚDE,OFERTA DE SERVIÇOS DE SAÚDE,134,NOVO,137,N/A,ACM,Quantas vidas asseguradas em plano de saúde privada?,Sem valor de referência,Não Informado,Não Informado,2019,"179,209"
URBANO,COMPETITIVIDADE,CAPITAL HUMANO,CULTURA,136,L 18,139,N/A,SMF,Investimento em cultura per capita: por habitante (população projetada IBGE),"> R$ 26,83","R$ 17,88  a R$ 26,82","< R$ 17,87",2019,"29,59"
URBANO,COMPETITIVIDADE,CAPITAL HUMANO,CULTURA,137,L 19,140,N/A,SMF,"Investimento em cultura sobre receita corrente líquida: total da receita líquida investida em cultura, no ano.","> R$ 2,47","R$ 1,77 a R$ 2,47","< R$ 1,76",2019,"0,69"
URBANO,COMPETITIVIDADE,TECIDO EMPRESARIAL,INTERNACIONALIZAÇÃO,138,99,141,N/A,SMTDI,Percentual de  exportações de bens e serviços em relação ao PIB projetado IBGE do município  (Fonte: http://comexstat.mdic.gov.br/pt/municipio - Exportações no SISCOMEX - Ministério da Economia e PIB do IBGE),sem valor de referência,Não Informado,Não Informado,2019,2019
URBANO,COMPETITIVIDADE,TECIDO EMPRESARIAL,DESENVOLVIMENTO EMPRESARIAL,139,102,142,N/A,SMTDI,Incremento anual da quantidade de  empresas - Porcentagem de novas empresas abertas no ano (inclui todos os tamanhos de empresas),sem valor de referência,Não Informado,Não Informado,2019,20
URBANO,COMPETITIVIDADE,TECIDO EMPRESARIAL,DESENVOLVIMENTO EMPRESARIAL,140,NOVO,143,N/A,SMF,"Porcentagem de variação do faturamento, em relação ao ano anterior, das empresas de tecnologia",sem valor de referência,Não Informado,Não Informado,2019,"18,46"
URBANO,COMPETITIVIDADE,TECIDO EMPRESARIAL,DESENVOLVIMENTO EMPRESARIAL,141,NOVO,144,N/A,SMF,Porcentagem de participação da receita de impostos cobrados do setor de tecnologia em relação aos impostos totais,sem valor de referência,Não Informado,Não Informado,2019,"15,64"
URBANO,COMPETITIVIDADE,TECIDO EMPRESARIAL,DESENVOLVIMENTO EMPRESARIAL,142,NOVO,145,N/A,SMF,"Porcentagem de variação do faturamento, em relação ao ano anterior, das empresas de hotelaria e pousadas",sem valor de referência,Não Informado,Não Informado,2019,"-17,99"
URBANO,COMPETITIVIDADE,TECIDO EMPRESARIAL,DESENVOLVIMENTO EMPRESARIAL,143,NOVO,146,N/A,SMF,Porcentagem de participação da receita de impostos cobrados do setor de saúde privada em relação aos impostos totais,sem valor de referência,Não Informado,Não Informado,2019,"1,9"
URBANO,COMPETITIVIDADE,TECIDO EMPRESARIAL,DESENVOLVIMENTO EMPRESARIAL,144,NOVO,147,N/A,SMF,"Porcentagem de variação do faturamento, em relação ao ano anterior, das empresas de saúde privada",sem valor de referência,Não Informado,Não Informado,2019,"739,01"
URBANO,COMPETITIVIDADE,TECIDO EMPRESARIAL,DESENVOLVIMENTO EMPRESARIAL,145,NOVO,148,N/A,SMF,Porcentagem de participação da receita de impostos cobrados do segmento de hotelaria e pousada em relação aos impostos totais,sem valor de referência,Não Informado,Não Informado,2019,"2,19"
URBANO,COMPETITIVIDADE,TECIDO EMPRESARIAL,DESENVOLVIMENTO EMPRESARIAL,146,NOVO,149,N/A,SEF,"Porcentagem de variação do faturamento, em relação ao ano anterior, das empresas de bares e restaurantes",sem valor de referência,Não Informado,Não Informado,2019,"13,6"
URBANO,COMPETITIVIDADE,TECIDO EMPRESARIAL,DESENVOLVIMENTO EMPRESARIAL,147,NOVO,150,N/A,SEF,Percentual de participação da receita de impostos do segmento de bares e restaurantes em relação aos impostos totais,sem valor de referência,Não Informado,Não Informado,2019,"0,62"
URBANO,COMPETITIVIDADE,TECIDO EMPRESARIAL,DESENVOLVIMENTO EMPRESARIAL,149,NOVO,152,N/A,SMTDI,Porcentagem de Crescimento de pessoas empregadas no segmento de tecnologia (Fonte: ACATE),sem valor de referência,Não Informado,Não Informado,2019,"4,1"
URBANO,COMPETITIVIDADE,TECIDO EMPRESARIAL,DESENVOLVIMENTO EMPRESARIAL,151,NOVO,154,N/A,SHRBS,Porcentagem de ocupação dos leitos de hotelaria e pousada (Fonte SHRBS),sem valor de referência,Não Informado,Não Informado,2019,"57,8"
URBANO,COMPETITIVIDADE,TECIDO EMPRESARIAL,DESENVOLVIMENTO EMPRESARIAL,152,NOVO,155,N/A,SMTDI,Porcentagem de Crescimento de pessoas empregadas no segmento de bares e restaurantes (Fonte: SHRBS),sem valor de referência,Não Informado,Não Informado,2019,3
FISCAL,MECANISMOS ADEQUADOS DE GOVERNO,GESTÃO PÚBLICA PARTICIPATIVA,PRESTAÇÃO DE CONTAS AO CIDADÃO,154,NOVO,157,N/A,SMF,Qual a porcentagem do orçamento que a Sociedade Civil participa na sua definição,sem valor de referência,Não Informado,Não Informado,2019,"12,47"
FISCAL,MECANISMOS ADEQUADOS DE GOVERNO,GESTÃO PÚBLICA MODERNA,PROCESSOS MODERNOS DE GESTÃO PÚBLICA DO ORÇAMENTO MUNICIPAL,155,NOVO,158,N/A,SMF,Porcentagem do gasto com pessoal em relação ao gasto total  (conforme conta 3.1.1.00.00.00 conforme dados do SICONFI do TCE-SC),sem valor de referência,Não Informado,Não Informado,2019,"62,73"
FISCAL,MECANISMOS ADEQUADOS DE GOVERNO,GESTÃO PÚBLICA MODERNA,PROCESSOS MODERNOS DE GESTÃO PÚBLICA DO ORÇAMENTO MUNICIPAL,156,NOVO,159,N/A,SMA,"Porcentagem mensal de horas falta sem atestado, em relação ao total de horas contratadas",sem valor de referência,Não Informado,Não Informado,2019,"0,41"
FISCAL,MECANISMOS ADEQUADOS DE GOVERNO,GESTÃO PÚBLICA MODERNA,PROCESSOS MODERNOS DE GESTÃO PÚBLICA DO ORÇAMENTO MUNICIPAL,157,NOVO,160,N/A,SMA,"Porcentagem mensal de horas falta com atestado, em relação ao total de horas contratadas",sem valor de referência,Não Informado,Não Informado,2019,"9,65"
FISCAL,MECANISMOS ADEQUADOS DE GOVERNO,GESTÃO PÚBLICA MODERNA,PROCESSOS MODERNOS DE GESTÃO PÚBLICA DO ORÇAMENTO MUNICIPAL,158,NOVO,161,N/A,SMLCP,Porcentagem do valor das compras totais da administração pública municipal feitas por meio de pregão eletrônico,sem valor de referência,Não Informado,Não Informado,2019,"28,47"
FISCAL,MECANISMOS ADEQUADOS DE GOVERNO,GESTÃO PÚBLICA MODERNA,PROCESSOS MODERNOS DE GESTÃO PÚBLICA DO ORÇAMENTO MUNICIPAL,159,NOVO,162,N/A,SMLCP,Porcentagem do valor das compras totais da administração pública municipais feitas por meio de pregão presencial,sem valor de referência,Não Informado,Não Informado,2019,"13,3"
FISCAL,MECANISMOS ADEQUADOS DE GOVERNO,GESTÃO PÚBLICA MODERNA,PROCESSOS MODERNOS DE GESTÃO PÚBLICA DO ORÇAMENTO MUNICIPAL,160,NOVO,163,N/A,SMLCP,Porcentagem do valor das compras totais da administração pública municipais feitas por meio de tomada de preços,sem valor de referência,Não Informado,Não Informado,2019,"17,65"
FISCAL,MECANISMOS ADEQUADOS DE GOVERNO,GESTÃO PÚBLICA MODERNA,PROCESSOS MODERNOS DE GESTÃO PÚBLICA DO ORÇAMENTO MUNICIPAL,161,NOVO,164,N/A,SMLCP,"Porcentagem do valor das compras totais da administração pública por inexigibilidade, por contratação direta",sem valor de referência,Não Informado,Não Informado,2019,"4,12"
FISCAL,MECANISMOS ADEQUADOS DE GOVERNO,GESTÃO PÚBLICA MODERNA,PROCESSOS MODERNOS DE GESTÃO PÚBLICA DO ORÇAMENTO MUNICIPAL,162,NOVO,165,N/A,SMLCP,Porcentagem do valor das compras totais da administração pública municipais em que são dispensadas licitações com base em lei especifica,sem valor de referência,Não Informado,Não Informado,2019,"11,51"
FISCAL,MECANISMOS ADEQUADOS DE GOVERNO,GESTÃO PÚBLICA MODERNA,PROCESSOS MODERNOS DE GESTÃO PÚBLICA DO ORÇAMENTO MUNICIPAL,163,NOVO,166,N/A,SMLCP,Porcentagem do valor das compras totais da administração pública municipal feitas por meio de concorrência pública,sem valor de referência,Não Informado,Não Informado,2019,"24,16"
FISCAL,MECANISMOS ADEQUADOS DE GOVERNO,TRANSPARÊNCIA,TRANSPARÊNCIA E AUDITORIA DA GESTÃO PÚBLICA,164,114,,N/A,Controladoria Geral do Município,Índice de transparência: Consultar transparência internacional Brasil,> 6,"3,0 - 6,0",< 3,2019,106
FISCAL,GESTÃO ADEQUADA DA RECEITA,IMPOSTOS E AUTONOMIA FINANCEIRA,RECEITAS E IMPOSTOS MUNICIPAIS,165,118,168,9.2.2006,SMF/FNR,"Receita própria: Porcentagem da receita do governo municipal proveniente de tributos (tarifas, encargos e impostos) permitidos pela lei em relação à receita total.",Comparar com as metas da PMF,Não Informado,Não Informado,2019,"46,6"
FISCAL,GESTÃO ADEQUADA DA RECEITA,IMPOSTOS E AUTONOMIA FINANCEIRA,RECEITAS E IMPOSTOS MUNICIPAIS,166,119,169,N/A,SMF,Porcentagem das transferências totais recebidas de outros níveis de governo em relação a receita total.,Comparado com diferentes cidades - sem padrão - fazer parâmetro em SC,Não Informado,Não Informado,2019,"22,94"
FISCAL,GESTÃO ADEQUADA DA RECEITA,IMPOSTOS E AUTONOMIA FINANCEIRA,RECEITAS E IMPOSTOS MUNICIPAIS,167,120,170,N/A,SMF,Porcentagem das transferências recebidas destinadas a usos específicos (pré-definidos) em relação as transferências totais,Comparado com diferentes cidades - sem padrão - fazer parâmetro em SC,Não Informado,Não Informado,2019,"49,09"
FISCAL,GESTÃO ADEQUADA DA RECEITA,IMPOSTOS E AUTONOMIA FINANCEIRA,RECEITAS E IMPOSTOS MUNICIPAIS,168,121,171,N/A,SMF,Porcentagem das receitas de fontes externas ao governo municipal (excluindo-se receita própria e transferências) em relação a receita total,Comparado com diferentes cidades - sem padrão - fazer parâmetro em SC,Não Informado,Não Informado,2019,"20,3"
FISCAL,GESTÃO ADEQUADA DA RECEITA,IMPOSTOS E AUTONOMIA FINANCEIRA,RECEITAS E IMPOSTOS MUNICIPAIS,169,122,172,N/A,SMF,Porcentagem das receitas próprias acrescidas as transferências sem fim definido em relação a receita total,≥ 80%,> 61%  e  < 80%,≤ 61%,2019,"64,7"
FISCAL,GESTÃO ADEQUADA DA RECEITA,IMPOSTOS E AUTONOMIA FINANCEIRA,RECEITAS E IMPOSTOS MUNICIPAIS,170,NOVO,173,N/A,SMF,Porcentagem da variação anual da cota parte do ICMS,Acima do IPCA,Igual ao IPCA,Abaixo do IPCA,2019,"10,68"
FISCAL,GESTÃO ADEQUADA DA RECEITA,IMPOSTOS E AUTONOMIA FINANCEIRA,RECEITAS E IMPOSTOS MUNICIPAIS,171,NOVO,174,N/A,SMF,Porcentagem de variação anual da arrecadação do ISS,Acima do IPCA,Igual ao IPCA,Abaixo do IPCA,2019,"12,7"
FISCAL,GESTÃO ADEQUADA DA RECEITA,IMPOSTOS E AUTONOMIA FINANCEIRA,RECEITAS E IMPOSTOS MUNICIPAIS,172,NOVO,175,N/A,SMF,Porcentagem de variação anual da arrecadação do IPTU,Acima do IPCA,Igual ao IPCA,Abaixo do IPCA,2019,"6,1"
FISCAL,GESTÃO ADEQUADA DA RECEITA,IMPOSTOS E AUTONOMIA FINANCEIRA,RECEITAS E IMPOSTOS MUNICIPAIS,173,NOVO,176,N/A,SMF,Percentual da variação anual da arrecadação do ITBI,Acima do IPCA,Igual ao IPCA,Abaixo do IPCA,2019,"13,01"
FISCAL,GESTÃO ADEQUADA DA RECEITA,IMPOSTOS E AUTONOMIA FINANCEIRA,RECEITAS E IMPOSTOS MUNICIPAIS,174,NOVO,177,N/A,SMF,Porcentagem de variação da dívida ativa em relação ao ano anterior,< 0,0 - IPCA,> IPCA,2019,"-0,06"
FISCAL,GESTÃO ADEQUADA DA RECEITA,IMPOSTOS E AUTONOMIA FINANCEIRA,GESTÃO DE COBRANÇAS,175,NOVO,178,N/A,SMF,Porcentagem de inadimplência do IPTU,sem valor de referência,Não Informado,Não Informado,2019,"38,47"
FISCAL,GESTÃO ADEQUADA DAS DESPESAS,GESTÃO DO GASTO PÚBLICO,QUALIDADE DO GASTO PÚBLICO,176,126,179,N/A,SMF (Siconfi-TCE/SC),Porcentagem dos gastos correntes em relação aos gastos totais,Comparado com diferentes cidades - sem padrão - fazer parâmetro em SC,Não Informado,Não Informado,2019,"87,2"
FISCAL,GESTÃO ADEQUADA DAS DESPESAS,GESTÃO DO GASTO PÚBLICO,QUALIDADE DO GASTO PÚBLICO,177,127,180,9.2.2005,SMF/FNR,Despesas de capital como porcentagem do total de gastos: Percentual de investimentos em ativo fixo (despesas de capital) em relação aos gastos totais,Comparado com diferentes cidades - sem padrão - fazer parâmetro em SC,Não Informado,Não Informado,2019,"12,63"
FISCAL,GESTÃO ADEQUADA DAS DESPESAS,GESTÃO DO GASTO PÚBLICO,QUALIDADE DO GASTO PÚBLICO,178,128,181,N/A,SMF,Taxa média de crescimento anual do gasto corrente: Porcentagem de variação no ano dos gastos correntes,< 0,0 - IPCA,> IPCA,2019,"38,57"
FISCAL,GESTÃO ADEQUADA DAS DESPESAS,GESTÃO DO GASTO PÚBLICO,QUALIDADE DO GASTO PÚBLICO,179,L 1,182,N/A,SMF,Despesa de pessoal/Receita corrente líquida: percentual da depesas totais (salário + engargos + vales transporte e alimentação + plano de saúde) e de pessoal em relação a receita corrente líquida,"< 51,3%","51,3% a 54%",> 54%,2019,"48,51"
FISCAL,GESTÃO ADEQUADA DAS DESPESAS,GESTÃO DO GASTO PÚBLICO,QUALIDADE DO GASTO PÚBLICO,180,NOVO,183,N/A,SMF,Porcentagem das despesas com contratação de pessoal tercerizado (terceiros PJ + PF +  locação de mão de obra) em relação a receita total líquida.,sem valor de referência,Não Informado,Não Informado,2019,"4,65"
FISCAL,Gestao Adequada da Divida,Divida,SUSTENTABILIDADE DA DÍVIDA,181,131,184,9.2.2004,SMF/FNR,Crescimento do serviço da dívida: Porcentagem dos juros da dívida em relação a receita própria,< 5%,5% - 10%,> 10%,2019,"0,67"
FISCAL,Gestao Adequada da Divida,Divida,SUSTENTABILIDADE DA DÍVIDA,182,132,185,N/A,SMF,Crescimento da dívida: Porcentagem de crescimento da dívida (Emprestimos de curto e longo prazo),A taxa de crescimento real anual é negativa,A taxa de crescimento real anual está entre 0% e 2%,A taxa de crescimento real anual é superior a 2%,2019,"-0,04"
FISCAL,Gestao Adequada da Divida,Divida,LEI DE RESPONSABILIDADE FISCAL,183,L 2,186,N/A,SMF,Dívida consolidada líquida/Receita corrente líquida: Porcentagem da dívida consolidada líquida em relação a receita corrente líquida,< 50%,50% a 60%,> 60%,2019,"43,61"
FISCAL,Gestao Adequada da Divida,Divida,LEI DE RESPONSABILIDADE FISCAL,184,L 3,187,N/A,SMF,Operação de Crédito/Receita Corrente Líquida:Porcentagem do valor das operações de crédito contratadas no ano em relação a receita corrente líquida,Menor 10%,Entre 10 e 16%,Acima 16%,2019,"6,22"
AMBIENTAL,MANEJO AMBIENTAL E CONSUMO DOS RECURSOS NATURAIS,ÁGUA,COBERTURA DE ÁGUA,1,1,1,7.1.2001,CASAN/FNR,Porcentagem de pessoas com serviço de abastecimento de água potável em relação à população total do município,> 90%–100%,75%–90%,< 75%,2020,100
AMBIENTAL,MANEJO AMBIENTAL E CONSUMO DOS RECURSOS NATURAIS,ÁGUA,EFICIÊNCIA NO USO DA ÁGUA,2,2,2,7.1.2005,CASAN/FNR,Quantidade total do consumo de água em litros por dia dividida pelo total da população. Inclui uso não doméstico.,120–200,80–120 ou 200–250,< 80 ou > 250,2020,"172,9"
AMBIENTAL,MANEJO AMBIENTAL E CONSUMO DOS RECURSOS NATURAIS,ÁGUA,EFICIÊNCIA NO SERVIÇO DE ABASTECIMENTO DE ÁGUA,3,3,3,N/A,CASAN,Média anual de horas/dia em que há o fornecimento contínuo de água.,> 20 h/dia,12–20 h/dia,< 12 h/dia,2020,"23,86"
AMBIENTAL,MANEJO AMBIENTAL E CONSUMO DOS RECURSOS NATURAIS,ÁGUA,EFICIÊNCIA NO SERVIÇO DE ABASTECIMENTO DE ÁGUA,4,4,4,7.1.2004,CASAN/FNR,Qualidade da água: Porcentagem do número total de testes conformes em relação ao número total de testes de qualidade de água tratada realizados.,> 97%,90%–97%,< 90%,2020,"95,19"
AMBIENTAL,MANEJO AMBIENTAL E CONSUMO DOS RECURSOS NATURAIS,ÁGUA,EFICIÊNCIA NO SERVIÇO DE ABASTECIMENTO DE ÁGUA,5,5,5,7.1.2006,CASAN/FNR,Água não contabilizada = Índice de perdas na distribuição de água.,0%–30%,30%–45%,> 45%,2020,"43,84"
AMBIENTAL,MANEJO AMBIENTAL E CONSUMO DOS RECURSOS NATURAIS,SANEAMENTO E DRENAGEM,COBERTURA DE SANEAMENTO,7,7,7,N/A,CASAN,Porcentagem de moradias com ligação ao sistema de esgoto,> 75%,75%–60%,< 60%,2020,"67,42"
AMBIENTAL,MANEJO AMBIENTAL E CONSUMO DOS RECURSOS NATURAIS,SANEAMENTO E DRENAGEM,TRATAMENTO DE ÁGUA RESIDUÁRIAS,8,8,8,N/A,CASAN,Porcentagem de águas residuais ou efluente (águas de esgoto) tratadas: total de m³ de águas residuais que entram anualmente nas estações de tratamento dividido pelo total de m³ de água faturadas.,> 60%,40%–60%,< 40%,2020,"55,56"
AMBIENTAL,MANEJO AMBIENTAL E CONSUMO DOS RECURSOS NATURAIS,SANEAMENTO E DRENAGEM,EFETIVIDADE DA DRENAGEM,9,9,9,N/A,SMSP,Porcentagem anual de moradias afetadas por inundações intensas decorrentes de transbordamentos dos sistemas de drenagem e esgoto e de inundações causadas por rios e marés.,"< 0,5%","0,5–3",> 3%,2020,7
AMBIENTAL,MANEJO AMBIENTAL E CONSUMO DOS RECURSOS NATURAIS,GESTÃO DE RESÍDUOS  SÓLIDOS,COBERTURA COLETA DE RESÍDUOS SÓLIDOS,10,10,10,N/A,COMCAP,Porcentagem das moradias com coleta regular de resíduos sólidos.,90%–100%,80%–90%,< 80%,2020,100
AMBIENTAL,MANEJO AMBIENTAL E CONSUMO DOS RECURSOS NATURAIS,GESTÃO DE RESÍDUOS  SÓLIDOS,VOLUME DE RESIDUOS SÓLIDOS,11,L 5,11,N/A,COMCAP,"Toneladas totais de resíduos sólidos recolhidos (lixo convencional, coleta seletiva, lixo hospitalar, lixo pesado).",Sem valor de referência,Não Informado,Não Informado,2020,"205,291"
AMBIENTAL,MANEJO AMBIENTAL E CONSUMO DOS RECURSOS NATURAIS,GESTÃO DE RESÍDUOS  SÓLIDOS,VOLUME DE RESIDUOS SÓLIDOS,12,NOVO,12,N/A,COMCAP,"Quantidade (kg) de resíduos sólidos coletados por habitante, por dia (população projetada IBGE)","≤ 1,0","1,01 - 1,5",">1,5",2020,"1,1"
AMBIENTAL,MANEJO AMBIENTAL E CONSUMO DOS RECURSOS NATURAIS,GESTÃO DE RESÍDUOS  SÓLIDOS,TRATAMENTO DOS                                                                    RESÍDUOS SÓLIDOS,15,14,15,N/A,COMCAP,Porcentagem de resíduos sólidos municipais compostados pela Prefeitura,> 20%,5%–20%,< 5%,2020,"2,3"
AMBIENTAL,MANEJO AMBIENTAL E CONSUMO DOS RECURSOS NATURAIS,GESTÃO DE RESÍDUOS  SÓLIDOS,TRATAMENTO DOS                                                                    RESÍDUOS SÓLIDOS,16,15,16,7.3.2004,COMCAP/FNR,Porcentagem de resíduos sólidos separados e classificados para reciclagem,> 25%,15%–25%,< 15%,2020,"5,9"
AMBIENTAL,MANEJO AMBIENTAL E CONSUMO DOS RECURSOS NATURAIS,GESTÃO DE RESÍDUOS  SÓLIDOS,TRATAMENTO DOS                                                                    RESÍDUOS SÓLIDOS,17,16,17,7.3.2006,COMCAP/FNR,Porcentagem de resíduos sólidos tratados em usinas de geração de energia a partir de resíduos em relação ao total de resíduos sólidos produzidos.,> 20 %,10%- 19%,< 10%,2020,0
AMBIENTAL,MANEJO AMBIENTAL E CONSUMO DOS RECURSOS NATURAIS,ENERGIA,COBERTURA ENERGÉTICA,18,17,18,N/A,CELESC,Porcentagem de domicílios(residenciais) com ligação autorizada à energia elétrica,90%–100%,70%–90%,< 70%,2020,"224,611"
AMBIENTAL,MANEJO AMBIENTAL E CONSUMO DOS RECURSOS NATURAIS,ENERGIA,COBERTURA ENERGÉTICA,19,,20,7.4.2006,SC GÁS /FNR,Número de conexões de serviço de distribuição de gás - residencial (por 100 mil habitantes),> 54.000,> 33.000 = < 54.000,< 33.000,2020,"2,585"
AMBIENTAL,MANEJO AMBIENTAL E CONSUMO DOS RECURSOS NATURAIS,ENERGIA,COBERTURA ENERGÉTICA,20,19,21,7.4.2007,CELESC /FNR,"Média de interrupção do fornecimento de energia elétrica por domicílio/ano, expresso em h/domicílio/ano",< 7h,7–10h,> 10h,2020,"4,46"
AMBIENTAL,MANEJO AMBIENTAL E CONSUMO DOS RECURSOS NATURAIS,ENERGIA,EFICIÊNCIA ENERGÉTICA,21,21,22,N/A,CELESC,Consumo anual de eletricidade por cliente residencial em Kw/h,1500–3500 kWh/por domicílio/ano,"900–1500 kWh/por domicílio/ano
3500–5000 kWh/por domicílio/ano","< 900 kWh/por domicílio/ano
> 5000 kWh/por domicílio/ano",2020,"2,885"
AMBIENTAL,MANEJO AMBIENTAL E CONSUMO DOS RECURSOS NATURAIS,ENERGIA,EFICIÊNCIA ENERGÉTICA,22,NOVO,23,N/A,COSIP,Porcentagem da iluminação pública que utiliza a tecnologia LED,50%,50% - 30%,< 30%,2020,"15,8"
AMBIENTAL,MANEJO AMBIENTAL E CONSUMO DOS RECURSOS NATURAIS,ENERGIA,ENERGIA ALTERNATIVA E RENOVÁVEL,23,,25,7.4.2004,CELESC /FNR,Energia proveniente de fontes renováveis (porcentagem),> 50%,20%–50%,< 20%,2020,"0,63"
AMBIENTAL,MITIGAÇÃO DOS GASES DE EFEITO ESTUFA E OUTRAS FORMAS DE CONTAMINAÇÃO,Ruido,CONTROLE DE RUIDOS,27,NOVO,29,N/A,FLORAM,Média anual (em decibéis) de ruído nos 5 principais pontos críticos da cidade,< 70 decibéis,70 - 80 decibéis,> 80 decibéis,2020,278
AMBIENTAL,REDUÇÃO DA VULNERABILIDADE DIANTE DE DESASTRES NATURAIS E ADAPTAÇÃO À MUDANÇA DO CLIMA,VULNERABILIDADE FRENTE A DESASTRES NATURAIS NO CONTEXTO DA MUDANÇA CLIMÁTICA,CAPACIDADE DE ADAPTAÇÃO À MUDANÇA CLIMÁTICA E A EVENTOS NATURAIS EXTREMOS,28,30,30,N/A,SMSP/Defesa Civil,"Mapas de risco: porcentagem das áreas sujeitas a riscos decorrentes de deslizamentos, inundações costeiras e fluviais, mapeadas na escala 1:10.000, com grau de risco alto, médio ou baixo risco.",acima de 90%,"de 60 a 89,99%",abaixo de 60%,2020,100
AMBIENTAL,REDUÇÃO DA VULNERABILIDADE DIANTE DE DESASTRES NATURAIS E ADAPTAÇÃO À MUDANÇA DO CLIMA,VULNERABILIDADE FRENTE A DESASTRES NATURAIS NO CONTEXTO DA MUDANÇA CLIMÁTICA,CAPACIDADE DE ADAPTAÇÃO À MUDANÇA CLIMÁTICA E A EVENTOS NATURAIS EXTREMOS,29,34,31,N/A,SMSP,"Porcentagem das áreas de risco e vulnerabilidades da cidade (áreas de risco de deslizamento, de inundação costeira e pluvial, de vulnerabilidade social, de interrupções das pontes, de secas com comprometimento de abastecimento de água, apagões e de congestionamento viário extremo) que possuem planos de contingência adequados e atualizados.",acima de 90%,"de 60 a 89,99%",abaixo de 60%,2020,100
AMBIENTAL,REDUÇÃO DA VULNERABILIDADE DIANTE DE DESASTRES NATURAIS E ADAPTAÇÃO À MUDANÇA DO CLIMA,VULNERABILIDADE FRENTE A DESASTRES NATURAIS NO CONTEXTO DA MUDANÇA CLIMÁTICA,CAPACIDADE DE ADAPTAÇÃO À MUDANÇA CLIMÁTICA E A EVENTOS NATURAIS EXTREMOS,30,35,32,N/A,SMSP,Porcentagem dos planos de contingência de riscos que possui alerta precoce,acima de 90%,"de 60 a 89,99%",abaixo de 60%,2020,100
AMBIENTAL,REDUÇÃO DA VULNERABILIDADE DIANTE DE DESASTRES NATURAIS E ADAPTAÇÃO À MUDANÇA DO CLIMA,VULNERABILIDADE FRENTE A DESASTRES NATURAIS NO CONTEXTO DA MUDANÇA CLIMÁTICA,CAPACIDADE DE ADAPTAÇÃO À MUDANÇA CLIMÁTICA E A EVENTOS NATURAIS EXTREMOS,31,38,33,N/A,SMSP,Porcentagem da Lei Orçamentária Anual (LOA) planejados para mitigação dos riscos de desastres naturais e mudanças climáticas,"acima de 0,5%","0,5 a 0,3%","abaixo de 0,3%",2020,76
URBANO,CONTROLE DO CRESCIMENTO E MELHORIA DO HABITAT URBANO,USO DO SOLO / ORDENAMENTO TERRITORIAL,DENSIDADE,33,41,36,N/A,IPUF,Porcentagem de crescimento anual da quilometragem da malha urbana,< 3%,3%–5%,> 5%,2020,"0,86"
URBANO,CONTROLE DO CRESCIMENTO E MELHORIA DO HABITAT URBANO,USO DO SOLO / ORDENAMENTO TERRITORIAL,DENSIDADE,34,42,37,N/A,IPUF,Quantidade de população por km² de área urbanizada (exclui-se as áreas de agricultura e açudes de mais de 5 km),7.000 - 20.000,4.000–7.000; 20.000–25.000,< 4.000;                                         > 25.000,2020,"5,055"
URBANO,CONTROLE DO CRESCIMENTO E MELHORIA DO HABITAT URBANO,USO DO SOLO / ORDENAMENTO TERRITORIAL,DENSIDADE,35,L 8,38,N/A,IPUF,Porcentagem de crescimento demográfico,<1%,"1% - 1,5%","> 1,5%",2020,"1,57"
URBANO,CONTROLE DO CRESCIMENTO E MELHORIA DO HABITAT URBANO,USO DO SOLO / ORDENAMENTO TERRITORIAL,ÁREAS VERDE E DE RECREAÇÃO,38,45,41,N/A,IPUF,Quantidade de hectares de áreas verdes permanentes de lazer (de acordo com o Plano Diretor) para cada 100.000 habitantes (população projetada IBGE),> 50,20–50,< 20,2020,"5,71"
URBANO,CONTROLE DO CRESCIMENTO E MELHORIA DO HABITAT URBANO,USO DO SOLO / ORDENAMENTO TERRITORIAL,Não Informado,39,,42,1.5.2003,IPUF/FNR,Espaços livres de lazer e recreação de uso público excluídas áreas de estacionamento (m² per capita),Não Informado,Não Informado,Não Informado,2020,"2,62"
URBANO,CONTROLE DO CRESCIMENTO E MELHORIA DO HABITAT URBANO,USO DO SOLO / ORDENAMENTO TERRITORIAL,Não Informado,40,NOVO,43,N/A,IPUF,Porcentagem das edificações em áreas de conflito ambiental: quantidade de edificações irregulares dividido pelo total das edificações.,"< 0,5%","0,6% - 2%",> 2 %,2020,"10,65"
URBANO,CONTROLE DO CRESCIMENTO E MELHORIA DO HABITAT URBANO,USO DO SOLO / ORDENAMENTO TERRITORIAL,Não Informado,41,L 10,44,6.1.2001,FLORAM,Áreas naturais protegidas: porcentagem de Unidades de Conservação (UC) com plano de manejo.,acima de 90%,"de 60 a 89,99%",abaixo de 60%,2020,"27,15"
URBANO,CONTROLE DO CRESCIMENTO E MELHORIA DO HABITAT URBANO,DESIGUALDADE URBANA,POBREZA,46,L 11,49,5.1.2001,IPUF,Porcentagem de Áreas Especiais de Interesse Social (AEIS) e Zonas Especiais de Interesse Social (ZEIS) em relação à Macro área de Uso Urbano definida pelo Plano Diretor.,sem valor de referência,Não Informado,Não Informado,2020,"22,89"
URBANO,CONTROLE DO CRESCIMENTO E MELHORIA DO HABITAT URBANO,DESIGUALDADE URBANA,DESIGUALDADE DE RENDA,51,51,55,5.2.10,SEMAS/FRN,Coeficiente de Gini da renda (Fonte: PENAD Contínua do IBGE),"< 0,40","0,40–0,49","> 0,49",2020,"0,54"
URBANO,CONTROLE DO CRESCIMENTO E MELHORIA DO HABITAT URBANO,DESIGUALDADE URBANA,DESIGUALDADE DE RENDA,52,L 17,56,N/A,SMTTDE,Remuneração média dos trabalhadores formais (Fonte: Secretaria do Trabalho - RAIS),Acima de R$ 3.280,R$ 2.569 a R$ 3.280,R$ 788  a R$ 2.568,2020,2020
URBANO,PROMOÇÃO DO TRANSPORTE URBANO SUSTENTÁVEL,MOBILIDADE / TRANSPORTE,INFRAESTRUTURA DE TRANSPORTE EQUILIBRADA,53,52,57,N/A,SMPIU,Quilômetros de vias públicas por 100 mil habitantes (População projetada do IBGE),< 300,300–400,> 400,2020,"352,68"
URBANO,PROMOÇÃO DO TRANSPORTE URBANO SUSTENTÁVEL,MOBILIDADE / TRANSPORTE,INFRAESTRUTURA DE TRANSPORTE EQUILIBRADA,56,53,60,2.1.2004,SMTI,Quilômetros de vias dedicadas exclusivamente ao  transporte público por 100 mil habitantes (população projetada do IBGE),> 40,10–40,< 10,2020,0
URBANO,PROMOÇÃO DO TRANSPORTE URBANO SUSTENTÁVEL,MOBILIDADE / TRANSPORTE,INFRAESTRUTURA DE TRANSPORTE EQUILIBRADA,57,54,61,somar: 2.2.2 + 2.2.3 + 2.2.4,SMTI/FNR,"Quilômetros de ciclovias, ciclofaixas e ciclorotas por 100 mil habitantes (população projetada IBGE)",> 25,15–25,< 15,2020,"164,81"
URBANO,PROMOÇÃO DO TRANSPORTE URBANO SUSTENTÁVEL,MOBILIDADE / TRANSPORTE,INFRAESTRUTURA DE TRANSPORTE EQUILIBRADA,58,NOVO,62,N/A,SMTI,"Porcentagem de km de ciclovias, ciclofaixas e ciclorotas em relação ao total de km de vias  da cidade",>25%,25%-15%,<15%,2020,"164,81"
URBANO,PROMOÇÃO DO TRANSPORTE URBANO SUSTENTÁVEL,MOBILIDADE / TRANSPORTE,INFRAESTRUTURA DE TRANSPORTE EQUILIBRADA,61,NOVO,65,N/A,SMTI,Quilometragem média/mês rodada pela frota de transporte público,sem valor de referência,Não Informado,Não Informado,2020,"1,273"
URBANO,PROMOÇÃO DO TRANSPORTE URBANO SUSTENTÁVEL,MOBILIDADE / TRANSPORTE,INFRAESTRUTURA DE TRANSPORTE EQUILIBRADA,62,NOVO,66,N/A,SMTI,Quantidade média/mês de pessoas transportadas pelo transporte público,sem valor de referência,Não Informado,Não Informado,2020,"1,768"
URBANO,PROMOÇÃO DO TRANSPORTE URBANO SUSTENTÁVEL,MOBILIDADE / TRANSPORTE,INFRAESTRUTURA DE TRANSPORTE EQUILIBRADA,65,NOVO,69,N/A,SMTI,Média/mês da capacidade ofertada para o transporte de pessoas no sistema de transporte público,sem valor de referência,Não Informado,Não Informado,2020,"7,351"
URBANO,PROMOÇÃO DO TRANSPORTE URBANO SUSTENTÁVEL,MOBILIDADE / TRANSPORTE,TRANSPORTE LIMPO,68,NOVO,72,N/A,SMTI,Porcentagem da frota de transporte público movida a energia elétrica,> 20%,20%–10%,< 10%,2020,0
URBANO,PROMOÇÃO DO TRANSPORTE URBANO SUSTENTÁVEL,MOBILIDADE / TRANSPORTE,TRANSPORTE LIMPO,69,NOVO,73,N/A,SMTI,Porcentagem da frota de transporte público com ar condicionado,> 70%,70%–50%,< 50%,2020,"19,74"
URBANO,PROMOÇÃO DO TRANSPORTE URBANO SUSTENTÁVEL,MOBILIDADE / TRANSPORTE,TRANSPORTE LIMPO,70,57,74,N/A,SMTI,Idade média da frota do transporte público,< 6,6–12,> 12,2020,"6,78"
URBANO,PROMOÇÃO DO TRANSPORTE URBANO SUSTENTÁVEL,MOBILIDADE / TRANSPORTE,TRANSPORTE SEGURO,71,58,75,10.2.2001,SSP/FNR,Vítimas mortais de acidentes de trânsito por 100 mil habitantes,< 10,10–20,> 20,2020,"7,3"
URBANO,PROMOÇÃO DO TRANSPORTE URBANO SUSTENTÁVEL,MOBILIDADE / TRANSPORTE,TRANSPORTE SEGURO,72,NOVO,76,N/A,SMS,Quantidade anual de pessoas hospitalizadas por acidentes de trânsito por 100.000 habitantes (população projetada IBGE),sem valor de referência,Não Informado,Não Informado,2020,"14,8"
URBANO,PROMOÇÃO DO TRANSPORTE URBANO SUSTENTÁVEL,MOBILIDADE / TRANSPORTE,MENOS CONGESTIONAMENTO,74,60,78,2.4.2001,SMTI/FNR,"Número de veículos de uso pessoal (automóveis, SUV's, etc) registrados no DETRAN local (exceto táxis) per capita (população projetada IBGE)","< 0,3","0,3–0,4","> 0,4",2020,"0,63"
URBANO,PROMOÇÃO DO TRANSPORTE URBANO SUSTENTÁVEL,MOBILIDADE / TRANSPORTE,TRANSPORTE ECONÔMICO,75,62,79,N/A,SMTI,Índice de acessibilidade (Salário Mínimo Nacional/(44 viagens mês* valor da tarifa em dinheiro)),Até 5%,5%–10%,> 10%,2020,"5,27"
URBANO,PROMOÇÃO DO DESENVOLVIMENTO ECONÔMICO LOCAL COMPETITIVO SUSTENTÁVEL,AMBIENTE DE NEGÓCIOS,REG. NEGÓCIOS E INVESTIMENTOS,76,65,80,N/A,SMDECT,Quantidade de dias para abrir uma empresa,< 12,12–20,> 20,2020,1
URBANO,PROMOÇÃO DO DESENVOLVIMENTO ECONÔMICO LOCAL COMPETITIVO SUSTENTÁVEL,TECIDO PRODUTIVO,CRESCIMENTO PRODUTIVO,81,67,85,8.2.2001,SMDECT/SIE/FRN,PIB per capita da cidade (Fonte IBGE - Estatisticas),>US$ 9.000,US$ 3.000–US$ 9.000,< US$ 3.000,2020,"41,886"
URBANO,PROMOÇÃO DO DESENVOLVIMENTO ECONÔMICO LOCAL COMPETITIVO SUSTENTÁVEL,TECIDO PRODUTIVO,CRESCIMENTO PRODUTIVO,82,68,86,N/A,SMTDI,Taxa de crescimento do PIB per capita da cidade (Fonte: IBGE Estatísticas),"> 2,5%
O crescimento do PIB per capita da cidade é positivo e superior ao crescimento do PIB nacional (2)","2-2,5%
O crescimento do PIB per capita da cidade é positivo e igual ou similar ao crescimento do PIB nacional (1)","<2%
O crescimento do PIB per capita da cidade é positivo e igual ou similar ao ao crescimento do PIB nacional (0)",2020,"6,36"
URBANO,PROMOÇÃO DO DESENVOLVIMENTO ECONÔMICO LOCAL COMPETITIVO SUSTENTÁVEL,TECIDO PRODUTIVO,CRESCIMENTO PRODUTIVO,83,L 13,87,N/A,"Secretaria Executiva de Desenvolvimento Econômico, Ciência e Tecnologia",Porcentagem do PIB de Florianópolis em relação ao PIB de SC,> maior que a inflação,igual a inflação,< que a inflação,2020,14
URBANO,PROMOÇÃO DO DESENVOLVIMENTO ECONÔMICO LOCAL COMPETITIVO SUSTENTÁVEL,TECIDO PRODUTIVO,CRESCIMENTO PRODUTIVO,84,EBA 1,88,N/A,SMTDI,Taxa de crescimento do PIB da cidade (Fonte: IBGE Estatisticas),">3,5%
O crescimento do PIB da cidade é positivo e superior ao crescimento do PIB nacional (2)","3-3,5%
O crescimento do PIB  da cidade é positivo e igual ou similar ao crescimento do PIB nacional (1)","<3%
O crescimento do PIB da cidade é positivo e igual ou similar ao ao crescimento do PIB nacional (0)",2020,"7,9"
URBANO,OFERTA DE SERVIÇOS SOCIAIS DE ALTO NÍVEL E PROMOÇÃO DA COESÃO SOCIAL,EDUCAÇÃO,QUALIDADE DO ENSINO,89,76,94,N/A,SME,Taxa de analfabetismo de pessoas acima de 15 anos,"< 0,5%","0,5% - 2%",> 2%,2020,"1,6"
URBANO,OFERTA DE SERVIÇOS SOCIAIS DE ALTO NÍVEL E PROMOÇÃO DA COESÃO SOCIAL,EDUCAÇÃO,QUALIDADE DO ENSINO,90,77,95,N/A,SME,Porcentagem de Estudantes do ensino fundamental com nível satisfatório em provas padronizadas (IDEB) de Leitura,>=70%,69%–50%,> 50%,2020,35
URBANO,OFERTA DE SERVIÇOS SOCIAIS DE ALTO NÍVEL E PROMOÇÃO DA COESÃO SOCIAL,EDUCAÇÃO,QUALIDADE DO ENSINO,91,78,96,N/A,SME,Porcentagem de Estudantes do ensino fundamental com nível satisfatório em provas padronizadas (IDEB) de Matemática,>=70%,69%–50%,> 50%,2020,19
URBANO,OFERTA DE SERVIÇOS SOCIAIS DE ALTO NÍVEL E PROMOÇÃO DA COESÃO SOCIAL,EDUCAÇÃO,QUALIDADE DO ENSINO,92,79,97,N/A,SME,Quantidade de alunos por professor nas escolas públicas,< 15:1,Entre 15:1 e 25:1,> 25:1,2020,"10,6"
URBANO,OFERTA DE SERVIÇOS SOCIAIS DE ALTO NÍVEL E PROMOÇÃO DA COESÃO SOCIAL,EDUCAÇÃO,ASSISTÊNCIA ESCOLAR,93,80,98,N/A,SME,Número de estudantes matriculados na pré-escola e recebem atendimento integral,Não Informado,Não Informado,Não Informado,2020,"3,293"
URBANO,OFERTA DE SERVIÇOS SOCIAIS DE ALTO NÍVEL E PROMOÇÃO DA COESÃO SOCIAL,EDUCAÇÃO,ASSISTÊNCIA ESCOLAR,94,81,99,N/A,SME,Número de estudantes matriculados nos anos iniciais do ensino fundamental (6 a 11 anos),Não Informado,Não Informado,Não Informado,2020,"9,95"
URBANO,OFERTA DE SERVIÇOS SOCIAIS DE ALTO NÍVEL E PROMOÇÃO DA COESÃO SOCIAL,EDUCAÇÃO,ASSISTÊNCIA ESCOLAR,95,82,100,N/A,SME,Número de estudantes matriculados nos anos finais do ensino fundamental (12 a 15 anos),Não Informado,Não Informado,Não Informado,2020,"31,485"
URBANO,OFERTA DE SERVIÇOS SOCIAIS DE ALTO NÍVEL E PROMOÇÃO DA COESÃO SOCIAL,EDUCAÇÃO,ASSISTÊNCIA ESCOLAR,96,83,101,N/A,SEE,Número de estudantes matriculados no ensino médio (16 a 18 anos),Não Informado,Não Informado,Não Informado,2020,"17,214"
URBANO,OFERTA DE SERVIÇOS SOCIAIS DE ALTO NÍVEL E PROMOÇÃO DA COESÃO SOCIAL,EDUCAÇÃO,ASSISTÊNCIA ESCOLAR,98,NOVO,103,N/A,SME,Número de crianças com necessidades especiais matriculadas na Educação Básica (4 a 17 anos),sem valor de referência,Não Informado,Não Informado,2020,"2,257"
URBANO,OFERTA DE SERVIÇOS SOCIAIS DE ALTO NÍVEL E PROMOÇÃO DA COESÃO SOCIAL,EDUCAÇÃO,ASSISTÊNCIA ESCOLAR,99,NOVO,104,N/A,SME,Porcentagem das escolas que cumprem a Lei de Acessibilidade,> 95%,95% - 90%,< 90%,2020,91
URBANO,OFERTA DE SERVIÇOS SOCIAIS DE ALTO NÍVEL E PROMOÇÃO DA COESÃO SOCIAL,EDUCAÇÃO,ENSINO SUPERIOR,100,,103,4.1.2006,SME/FNR,Número de pessoas com ensino superior completo acima de 25 anos (por 100 mil habitantes),Não Informado,Não Informado,Não Informado,2020,271711
URBANO,OFERTA DE SERVIÇOS SOCIAIS DE ALTO NÍVEL E PROMOÇÃO DA COESÃO SOCIAL,SEGURANÇA,VIOLÊNCIA,101,85,104,10.1.2005,SSP/FNR,Quantidade de homicídios por 100 mil habitantes - população projetada pelo IBGE,< 10,10–25,> 25,2020,"10,6"
URBANO,OFERTA DE SERVIÇOS SOCIAIS DE ALTO NÍVEL E PROMOÇÃO DA COESÃO SOCIAL,SEGURANÇA,VIOLÊNCIA,102,NOVO,105,N/A,SSP,Quantidade de latrocínios por 100.000 habitantes - população projetada pelo IBGE,<5,5-10,>10,2020,"0,2"
URBANO,OFERTA DE SERVIÇOS SOCIAIS DE ALTO NÍVEL E PROMOÇÃO DA COESÃO SOCIAL,SEGURANÇA,VIOLÊNCIA,103,NOVO,106,N/A,SSP,Quantidade de feminicídios por 100.000 habitantes mulheres - população projetada pelo IBGE,<5,5-10,>10,2020,"0,7"
URBANO,OFERTA DE SERVIÇOS SOCIAIS DE ALTO NÍVEL E PROMOÇÃO DA COESÃO SOCIAL,SEGURANÇA,VIOLÊNCIA,104,86,107,N/A,SSP,Número de ocorrências de violência doméstica em mulheres,Não Informado,Não Informado,Não Informado,2020,"5,342"
URBANO,OFERTA DE SERVIÇOS SOCIAIS DE ALTO NÍVEL E PROMOÇÃO DA COESÃO SOCIAL,SEGURANÇA,VIOLÊNCIA,105,88,108,N/A,SSP,Roubos por 100 mil habitantes - população projetada pelo IBGE,< 300,300–1.000,> 1.000,2020,"205,8"
URBANO,OFERTA DE SERVIÇOS SOCIAIS DE ALTO NÍVEL E PROMOÇÃO DA COESÃO SOCIAL,SEGURANÇA,VIOLÊNCIA,106,89,109,N/A,SSP,Furtos por 100 mil habitantes - população projetada pelo IBGE,< 3.000,3.000–5.000,> 5.000,2020,"1616,2"
URBANO,OFERTA DE SERVIÇOS SOCIAIS DE ALTO NÍVEL E PROMOÇÃO DA COESÃO SOCIAL,SEGURANÇA,VIOLÊNCIA,107,NOVO,110,N/A,SSP,Furtos de veículos por 100 mil habitantes - população projetada pelo IBGE,<100,100-150,>150,2020,"67,7"
URBANO,OFERTA DE SERVIÇOS SOCIAIS DE ALTO NÍVEL E PROMOÇÃO DA COESÃO SOCIAL,SEGURANÇA,VIOLÊNCIA,108,NOVO,111,N/A,SSP,Roubos de veículos por 100 mil habitantes - população projetada pelo IBGE,<50,50-75,>75,2020,"21,5"
URBANO,OFERTA DE SERVIÇOS SOCIAIS DE ALTO NÍVEL E PROMOÇÃO DA COESÃO SOCIAL,SEGURANÇA,VIOLÊNCIA,109,,112,10.1.10,SSP/FNR,Crimes contra a propriedade por 100 000 habitantes,<50,50-75,>75,2020,"18,4"
URBANO,OFERTA DE SERVIÇOS SOCIAIS DE ALTO NÍVEL E PROMOÇÃO DA COESÃO SOCIAL,SEGURANÇA,ESTRUTURAS DE SEGURANÇA,110,L 20,113,N/A,SSP,Quantidade de CONSEGs ativos,sem valor de referência,Não Informado,Não Informado,2020,8
URBANO,OFERTA DE SERVIÇOS SOCIAIS DE ALTO NÍVEL E PROMOÇÃO DA COESÃO SOCIAL,SAÚDE,NÍVEL DE SAÚDE,111,NOVO,114,N/A,SMS,Taxa Geral de mortalidade por 100.000 habitantes (População projetada IBGE),sem valor de referência,Não Informado,Não Informado,2020,"543,56"
URBANO,OFERTA DE SERVIÇOS SOCIAIS DE ALTO NÍVEL E PROMOÇÃO DA COESÃO SOCIAL,SAÚDE,NÍVEL DE SAÚDE,112,NOVO,115,N/A,SMS,Taxa Geral de mortalidade de homens por 100.000 habitantes (População projetada IBGE),sem valor de referência,Não Informado,Não Informado,2020,"601,56"
URBANO,OFERTA DE SERVIÇOS SOCIAIS DE ALTO NÍVEL E PROMOÇÃO DA COESÃO SOCIAL,SAÚDE,NÍVEL DE SAÚDE,113,NOVO,116,N/A,SMS,Taxa Geral de mortalidade de mulheres por 100.000 habitantes (População projetada IBGE),sem valor de referência,Não Informado,Não Informado,2020,"489,72"
URBANO,OFERTA DE SERVIÇOS SOCIAIS DE ALTO NÍVEL E PROMOÇÃO DA COESÃO SOCIAL,SAÚDE,NÍVEL DE SAÚDE,114,95,117,3.1.2004,SMS/FNR,Taxa de mortalidade infantil (crianças menores de 5 anos)por 100.000 habitantes (População projetada IBGE),< 20,20 -30,> 30,2020,"7,78"
URBANO,OFERTA DE SERVIÇOS SOCIAIS DE ALTO NÍVEL E PROMOÇÃO DA COESÃO SOCIAL,SAÚDE,NÍVEL DE SAÚDE,115,NOVO,118,N/A,SMS,Taxa de mortalidade Precoce (Anos potenciais de vida perdido - APVP) por 100.000 habitantes (População projetada IBGE),sem valor de referência,Não Informado,Não Informado,2020,"4488,74"
URBANO,OFERTA DE SERVIÇOS SOCIAIS DE ALTO NÍVEL E PROMOÇÃO DA COESÃO SOCIAL,SAÚDE,NÍVEL DE SAÚDE,116,NOVO,119,N/A,SMS,Taxa de mortalidade por doenças cardovasculares por 100.000 habitantes (População projetada IBGE),sem valor de referência,Não Informado,Não Informado,2020,"138,42"
URBANO,OFERTA DE SERVIÇOS SOCIAIS DE ALTO NÍVEL E PROMOÇÃO DA COESÃO SOCIAL,SAÚDE,NÍVEL DE SAÚDE,117,NOVO,120,N/A,SMS,Taxa de mortalidade por neoplasias por 100.000 habitantes (População projetada IBGE),sem valor de referência,Não Informado,Não Informado,2020,"134,48"
URBANO,OFERTA DE SERVIÇOS SOCIAIS DE ALTO NÍVEL E PROMOÇÃO DA COESÃO SOCIAL,SAÚDE,NÍVEL DE SAÚDE,118,NOVO,121,N/A,SMS,"Taxa de mortalidade por causas externas (acidentes, crimes, etc.) por 100.000 habitantes (População projetada IBGE)",sem valor de referência,Não Informado,Não Informado,2020,"39,89"
URBANO,OFERTA DE SERVIÇOS SOCIAIS DE ALTO NÍVEL E PROMOÇÃO DA COESÃO SOCIAL,SAÚDE,NÍVEL DE SAÚDE,119,NOVO,122,N/A,SMS,Taxa de internação de adultos por 100.000 habitantes (População projetada IBGE),sem valor de referência,Não Informado,Não Informado,2020,"4260,8"
URBANO,OFERTA DE SERVIÇOS SOCIAIS DE ALTO NÍVEL E PROMOÇÃO DA COESÃO SOCIAL,SAÚDE,NÍVEL DE SAÚDE,120,NOVO,123,N/A,SMS,Taxa de internação de crianças por 100.000 habitantes (População projetada IBGE),sem valor de referência,Não Informado,Não Informado,2020,"2688,84"
URBANO,OFERTA DE SERVIÇOS SOCIAIS DE ALTO NÍVEL E PROMOÇÃO DA COESÃO SOCIAL,SAÚDE,NÍVEL DE SAÚDE,121,NOVO,124,N/A,SMS,"Taxa de internação por causas externas (acidentes, crimes, etc. ) por 100.000 habitantes (População projetada IBGE)",sem valor de referência,Não Informado,Não Informado,2020,"452,53"
URBANO,OFERTA DE SERVIÇOS SOCIAIS DE ALTO NÍVEL E PROMOÇÃO DA COESÃO SOCIAL,SAÚDE,NÍVEL DE SAÚDE,122,NOVO,125,N/A,SMS,Taxa de internação por doenças cardiovasculares por 100.000 habitantes (População projetada IBGE),sem valor de referência,Não Informado,Não Informado,2020,"375,54"
URBANO,OFERTA DE SERVIÇOS SOCIAIS DE ALTO NÍVEL E PROMOÇÃO DA COESÃO SOCIAL,SAÚDE,NÍVEL DE SAÚDE,123,NOVO,126,N/A,SMS,Taxa de internação por neoplasias por 100.000 habitantes (População projetada IBGE),sem valor de referência,Não Informado,Não Informado,2020,"385,85"
URBANO,OFERTA DE SERVIÇOS SOCIAIS DE ALTO NÍVEL E PROMOÇÃO DA COESÃO SOCIAL,SAÚDE,NÍVEL DE SAÚDE,124,L 22,127,N/A,SMS,Prevalência de Diabetes Millitus: Percentual da população atendida nos hospitais e postos de Saúde pública que tem diabetes - População projetada pelo IBGE,sem valor de referência,Não Informado,Não Informado,2020,"7,95"
URBANO,OFERTA DE SERVIÇOS SOCIAIS DE ALTO NÍVEL E PROMOÇÃO DA COESÃO SOCIAL,SAÚDE,NÍVEL DE SAÚDE,125,L 23,128,3.1.2009,SMS/FNR,"Prevalência de obesidade: Percentual de indivíduos, com Índice de Massa Corporal (IMC) maior ou igual a 25 (População projetada pelo IBGE)",sem valor de referência,Não Informado,Não Informado,2020,"17,51"
URBANO,OFERTA DE SERVIÇOS SOCIAIS DE ALTO NÍVEL E PROMOÇÃO DA COESÃO SOCIAL,SAÚDE,NÍVEL DE SAÚDE,126,L 24,129,N/A,SMS,Prevalência de Hipertensão: Percentual de pessoas com  diagnóstico de hipertensão (População projetada pelo IBGE),"Abaixo de 5,7%","5,7% a 7,14%",Acima de 10%,2020,"22,09"
URBANO,OFERTA DE SERVIÇOS SOCIAIS DE ALTO NÍVEL E PROMOÇÃO DA COESÃO SOCIAL,SAÚDE,OFERTA DE SERVIÇOS DE SAÚDE,127,96,130,3.1.2003,SMS/FNR,Quantidade de médicos por 100 mil habitantes (População projetada pelo IBGE),> 200,75 - 200,< 75,2020,"2155,81"
URBANO,OFERTA DE SERVIÇOS SOCIAIS DE ALTO NÍVEL E PROMOÇÃO DA COESÃO SOCIAL,SAÚDE,OFERTA DE SERVIÇOS DE SAÚDE,128,97,131,N/A,SMS,"Quantidade de leitos de hospital por 100 mil habitantes, em hospitais públicos e privados",> 100,50 - 100,< 50,2020,"321,54"
URBANO,OFERTA DE SERVIÇOS SOCIAIS DE ALTO NÍVEL E PROMOÇÃO DA COESÃO SOCIAL,SAÚDE,OFERTA DE SERVIÇOS DE SAÚDE,129,NOVO,132,N/A,SMS,Quantidade de leitos de UTI em hospitais públicos e privados,sem valor de referência,Não Informado,Não Informado,2020,"57,77"
URBANO,OFERTA DE SERVIÇOS SOCIAIS DE ALTO NÍVEL E PROMOÇÃO DA COESÃO SOCIAL,SAÚDE,OFERTA DE SERVIÇOS DE SAÚDE,130,NOVO,133,N/A,SMS,Total de gasto do município com saúde pública por 100.000 habitantes,Sem valor de referência,Não Informado,Não Informado,2020,"32,158"
URBANO,OFERTA DE SERVIÇOS SOCIAIS DE ALTO NÍVEL E PROMOÇÃO DA COESÃO SOCIAL,SAÚDE,OFERTA DE SERVIÇOS DE SAÚDE,131,NOVO,134,N/A,SMS,"Total do valor recebidos do Estado e do Governo Federal, destinados à saúde no município por 100.000 habitantes",Sem valor de referência,Não Informado,Não Informado,2020,"43,73"
URBANO,OFERTA DE SERVIÇOS SOCIAIS DE ALTO NÍVEL E PROMOÇÃO DA COESÃO SOCIAL,SAÚDE,OFERTA DE SERVIÇOS DE SAÚDE,132,NOVO,135,N/A,SMS,Cobertura de saúde da família: Média/mês de residências atendidas na modalidade de saúde da família,Sem valor de referência,Não Informado,Não Informado,2020,"82,22"
URBANO,OFERTA DE SERVIÇOS SOCIAIS DE ALTO NÍVEL E PROMOÇÃO DA COESÃO SOCIAL,SAÚDE,OFERTA DE SERVIÇOS DE SAÚDE,133,NOVO,136,N/A,SMS,Média/mês de pessoas atendidas nas UPAS e nos Postos de Saúde.,Sem valor de referência,Não Informado,Não Informado,2020,"131,151"
URBANO,OFERTA DE SERVIÇOS SOCIAIS DE ALTO NÍVEL E PROMOÇÃO DA COESÃO SOCIAL,SAÚDE,OFERTA DE SERVIÇOS DE SAÚDE,134,NOVO,137,N/A,ACM,Quantas vidas asseguradas em plano de saúde privada?,Sem valor de referência,Não Informado,Não Informado,2020,"187,504"
URBANO,OFERTA DE SERVIÇOS SOCIAIS DE ALTO NÍVEL E PROMOÇÃO DA COESÃO SOCIAL,SAÚDE,OFERTA DE SERVIÇOS DE SAÚDE,135,L 21,138,N/A,SMS,Cobertura de vacinas,sem valor de referência,Não Informado,Não Informado,2020,1
URBANO,COMPETITIVIDADE,CAPITAL HUMANO,CULTURA,136,L 18,139,N/A,SMF,Investimento em cultura per capita: por habitante (população projetada IBGE),"> R$ 26,83","R$ 17,88  a R$ 26,82","< R$ 17,87",2020,"2,32"
URBANO,COMPETITIVIDADE,CAPITAL HUMANO,CULTURA,137,L 19,140,N/A,SMF,"Investimento em cultura sobre receita corrente líquida: total da receita líquida investida em cultura, no ano.","> R$ 2,47","R$ 1,77 a R$ 2,47","< R$ 1,76",2020,"0,58"
URBANO,COMPETITIVIDADE,TECIDO EMPRESARIAL,INTERNACIONALIZAÇÃO,138,99,141,N/A,SMTDI,Percentual de  exportações de bens e serviços em relação ao PIB projetado IBGE do município  (Fonte: http://comexstat.mdic.gov.br/pt/municipio - Exportações no SISCOMEX - Ministério da Economia e PIB do IBGE),sem valor de referência,Não Informado,Não Informado,2020,2020
URBANO,COMPETITIVIDADE,TECIDO EMPRESARIAL,DESENVOLVIMENTO EMPRESARIAL,139,102,142,N/A,SMTDI,Incremento anual da quantidade de  empresas - Porcentagem de novas empresas abertas no ano (inclui todos os tamanhos de empresas),sem valor de referência,Não Informado,Não Informado,2020,27
URBANO,COMPETITIVIDADE,TECIDO EMPRESARIAL,DESENVOLVIMENTO EMPRESARIAL,140,NOVO,143,N/A,SMF,"Porcentagem de variação do faturamento, em relação ao ano anterior, das empresas de tecnologia",sem valor de referência,Não Informado,Não Informado,2020,"113,87"
URBANO,COMPETITIVIDADE,TECIDO EMPRESARIAL,DESENVOLVIMENTO EMPRESARIAL,141,NOVO,144,N/A,SMF,Porcentagem de participação da receita de impostos cobrados do setor de tecnologia em relação aos impostos totais,sem valor de referência,Não Informado,Não Informado,2020,"1,83"
URBANO,COMPETITIVIDADE,TECIDO EMPRESARIAL,DESENVOLVIMENTO EMPRESARIAL,142,NOVO,145,N/A,SMF,"Porcentagem de variação do faturamento, em relação ao ano anterior, das empresas de hotelaria e pousadas",sem valor de referência,Não Informado,Não Informado,2020,"59,18"
URBANO,COMPETITIVIDADE,TECIDO EMPRESARIAL,DESENVOLVIMENTO EMPRESARIAL,143,NOVO,146,N/A,SMF,Porcentagem de participação da receita de impostos cobrados do setor de saúde privada em relação aos impostos totais,sem valor de referência,Não Informado,Não Informado,2020,"01,03"
URBANO,COMPETITIVIDADE,TECIDO EMPRESARIAL,DESENVOLVIMENTO EMPRESARIAL,144,NOVO,147,N/A,SMF,"Porcentagem de variação do faturamento, em relação ao ano anterior, das empresas de saúde privada",sem valor de referência,Não Informado,Não Informado,2020,"109,31"
URBANO,COMPETITIVIDADE,TECIDO EMPRESARIAL,DESENVOLVIMENTO EMPRESARIAL,145,NOVO,148,N/A,SMF,Porcentagem de participação da receita de impostos cobrados do segmento de hotelaria e pousada em relação aos impostos totais,sem valor de referência,Não Informado,Não Informado,2020,"2,5"
URBANO,COMPETITIVIDADE,TECIDO EMPRESARIAL,DESENVOLVIMENTO EMPRESARIAL,146,NOVO,149,N/A,SEF,"Porcentagem de variação do faturamento, em relação ao ano anterior, das empresas de bares e restaurantes",sem valor de referência,Não Informado,Não Informado,2020,"-16,5"
URBANO,COMPETITIVIDADE,TECIDO EMPRESARIAL,DESENVOLVIMENTO EMPRESARIAL,147,NOVO,150,N/A,SEF,Percentual de participação da receita de impostos do segmento de bares e restaurantes em relação aos impostos totais,sem valor de referência,Não Informado,Não Informado,2020,"0,46"
URBANO,COMPETITIVIDADE,TECIDO EMPRESARIAL,DESENVOLVIMENTO EMPRESARIAL,151,NOVO,154,N/A,SHRBS,Porcentagem de ocupação dos leitos de hotelaria e pousada (Fonte SHRBS),sem valor de referência,Não Informado,Não Informado,2020,"30,8"
FISCAL,MECANISMOS ADEQUADOS DE GOVERNO,GESTÃO PÚBLICA PARTICIPATIVA,PRESTAÇÃO DE CONTAS AO CIDADÃO,154,NOVO,157,N/A,SMF,Qual a porcentagem do orçamento que a Sociedade Civil participa na sua definição,sem valor de referência,Não Informado,Não Informado,2020,5
FISCAL,MECANISMOS ADEQUADOS DE GOVERNO,GESTÃO PÚBLICA MODERNA,PROCESSOS MODERNOS DE GESTÃO PÚBLICA DO ORÇAMENTO MUNICIPAL,155,NOVO,158,N/A,SMF,Porcentagem do gasto com pessoal em relação ao gasto total  (conforme conta 3.1.1.00.00.00 conforme dados do SICONFI do TCE-SC),sem valor de referência,Não Informado,Não Informado,2020,"62,63"
FISCAL,MECANISMOS ADEQUADOS DE GOVERNO,GESTÃO PÚBLICA MODERNA,PROCESSOS MODERNOS DE GESTÃO PÚBLICA DO ORÇAMENTO MUNICIPAL,156,NOVO,159,N/A,SMA,"Porcentagem mensal de horas falta sem atestado, em relação ao total de horas contratadas",sem valor de referência,Não Informado,Não Informado,2020,"0,35"
FISCAL,MECANISMOS ADEQUADOS DE GOVERNO,GESTÃO PÚBLICA MODERNA,PROCESSOS MODERNOS DE GESTÃO PÚBLICA DO ORÇAMENTO MUNICIPAL,157,NOVO,160,N/A,SMA,"Porcentagem mensal de horas falta com atestado, em relação ao total de horas contratadas",sem valor de referência,Não Informado,Não Informado,2020,"07,05"
FISCAL,MECANISMOS ADEQUADOS DE GOVERNO,GESTÃO PÚBLICA MODERNA,PROCESSOS MODERNOS DE GESTÃO PÚBLICA DO ORÇAMENTO MUNICIPAL,158,NOVO,161,N/A,SMLCP,Porcentagem do valor das compras totais da administração pública municipal feitas por meio de pregão eletrônico,sem valor de referência,Não Informado,Não Informado,2020,"54,34"
FISCAL,MECANISMOS ADEQUADOS DE GOVERNO,GESTÃO PÚBLICA MODERNA,PROCESSOS MODERNOS DE GESTÃO PÚBLICA DO ORÇAMENTO MUNICIPAL,159,NOVO,162,N/A,SMLCP,Porcentagem do valor das compras totais da administração pública municipais feitas por meio de pregão presencial,sem valor de referência,Não Informado,Não Informado,2020,"1,62"
FISCAL,MECANISMOS ADEQUADOS DE GOVERNO,GESTÃO PÚBLICA MODERNA,PROCESSOS MODERNOS DE GESTÃO PÚBLICA DO ORÇAMENTO MUNICIPAL,160,NOVO,163,N/A,SMLCP,Porcentagem do valor das compras totais da administração pública municipais feitas por meio de tomada de preços,sem valor de referência,Não Informado,Não Informado,2020,"7,68"
FISCAL,MECANISMOS ADEQUADOS DE GOVERNO,GESTÃO PÚBLICA MODERNA,PROCESSOS MODERNOS DE GESTÃO PÚBLICA DO ORÇAMENTO MUNICIPAL,161,NOVO,164,N/A,SMLCP,"Porcentagem do valor das compras totais da administração pública por inexigibilidade, por contratação direta",sem valor de referência,Não Informado,Não Informado,2020,"2,27"
FISCAL,MECANISMOS ADEQUADOS DE GOVERNO,GESTÃO PÚBLICA MODERNA,PROCESSOS MODERNOS DE GESTÃO PÚBLICA DO ORÇAMENTO MUNICIPAL,162,NOVO,165,N/A,SMLCP,Porcentagem do valor das compras totais da administração pública municipais em que são dispensadas licitações com base em lei especifica,sem valor de referência,Não Informado,Não Informado,2020,"9,83"
FISCAL,MECANISMOS ADEQUADOS DE GOVERNO,GESTÃO PÚBLICA MODERNA,PROCESSOS MODERNOS DE GESTÃO PÚBLICA DO ORÇAMENTO MUNICIPAL,163,NOVO,166,N/A,SMLCP,Porcentagem do valor das compras totais da administração pública municipal feitas por meio de concorrência pública,sem valor de referência,Não Informado,Não Informado,2020,"18,28"
FISCAL,GESTÃO ADEQUADA DA RECEITA,IMPOSTOS E AUTONOMIA FINANCEIRA,RECEITAS E IMPOSTOS MUNICIPAIS,165,118,168,9.2.2006,SMF/FNR,"Receita própria: Porcentagem da receita do governo municipal proveniente de tributos (tarifas, encargos e impostos) permitidos pela lei em relação à receita total.",Comparar com as metas da PMF,Não Informado,Não Informado,2020,60
FISCAL,GESTÃO ADEQUADA DA RECEITA,IMPOSTOS E AUTONOMIA FINANCEIRA,RECEITAS E IMPOSTOS MUNICIPAIS,166,119,169,N/A,SMF,Porcentagem das transferências totais recebidas de outros níveis de governo em relação a receita total.,Comparado com diferentes cidades - sem padrão - fazer parâmetro em SC,Não Informado,Não Informado,2020,"27,64"
FISCAL,GESTÃO ADEQUADA DA RECEITA,IMPOSTOS E AUTONOMIA FINANCEIRA,RECEITAS E IMPOSTOS MUNICIPAIS,167,120,170,N/A,SMF,Porcentagem das transferências recebidas destinadas a usos específicos (pré-definidos) em relação as transferências totais,Comparado com diferentes cidades - sem padrão - fazer parâmetro em SC,Não Informado,Não Informado,2020,"12,59"
FISCAL,GESTÃO ADEQUADA DA RECEITA,IMPOSTOS E AUTONOMIA FINANCEIRA,RECEITAS E IMPOSTOS MUNICIPAIS,168,121,171,N/A,SMF,Porcentagem das receitas de fontes externas ao governo municipal (excluindo-se receita própria e transferências) em relação a receita total,Comparado com diferentes cidades - sem padrão - fazer parâmetro em SC,Não Informado,Não Informado,2020,"20,45"
FISCAL,GESTÃO ADEQUADA DA RECEITA,IMPOSTOS E AUTONOMIA FINANCEIRA,RECEITAS E IMPOSTOS MUNICIPAIS,169,122,172,N/A,SMF,Porcentagem das receitas próprias acrescidas as transferências sem fim definido em relação a receita total,≥ 80%,> 61%  e  < 80%,≤ 61%,2020,"60,19"
FISCAL,GESTÃO ADEQUADA DA RECEITA,IMPOSTOS E AUTONOMIA FINANCEIRA,RECEITAS E IMPOSTOS MUNICIPAIS,170,NOVO,173,N/A,SMF,Porcentagem da variação anual da cota parte do ICMS,Acima do IPCA,Igual ao IPCA,Abaixo do IPCA,2020,"0,47"
FISCAL,GESTÃO ADEQUADA DA RECEITA,IMPOSTOS E AUTONOMIA FINANCEIRA,RECEITAS E IMPOSTOS MUNICIPAIS,171,NOVO,174,N/A,SMF,Porcentagem de variação anual da arrecadação do ISS,Acima do IPCA,Igual ao IPCA,Abaixo do IPCA,2020,-6
FISCAL,GESTÃO ADEQUADA DA RECEITA,IMPOSTOS E AUTONOMIA FINANCEIRA,RECEITAS E IMPOSTOS MUNICIPAIS,172,NOVO,175,N/A,SMF,Porcentagem de variação anual da arrecadação do IPTU,Acima do IPCA,Igual ao IPCA,Abaixo do IPCA,2020,"1,31"
FISCAL,GESTÃO ADEQUADA DA RECEITA,IMPOSTOS E AUTONOMIA FINANCEIRA,RECEITAS E IMPOSTOS MUNICIPAIS,173,NOVO,176,N/A,SMF,Percentual da variação anual da arrecadação do ITBI,Acima do IPCA,Igual ao IPCA,Abaixo do IPCA,2020,"11,08"
FISCAL,GESTÃO ADEQUADA DA RECEITA,IMPOSTOS E AUTONOMIA FINANCEIRA,RECEITAS E IMPOSTOS MUNICIPAIS,174,NOVO,177,N/A,SMF,Porcentagem de variação da dívida ativa em relação ao ano anterior,< 0,0 - IPCA,> IPCA,2020,"18,09"
FISCAL,GESTÃO ADEQUADA DA RECEITA,IMPOSTOS E AUTONOMIA FINANCEIRA,GESTÃO DE COBRANÇAS,175,NOVO,178,N/A,SMF,Porcentagem de inadimplência do IPTU,sem valor de referência,Não Informado,Não Informado,2020,"29,63"
FISCAL,GESTÃO ADEQUADA DAS DESPESAS,GESTÃO DO GASTO PÚBLICO,QUALIDADE DO GASTO PÚBLICO,176,126,179,N/A,SMF (Siconfi-TCE/SC),Porcentagem dos gastos correntes em relação aos gastos totais,Comparado com diferentes cidades - sem padrão - fazer parâmetro em SC,Não Informado,Não Informado,2020,90
FISCAL,GESTÃO ADEQUADA DAS DESPESAS,GESTÃO DO GASTO PÚBLICO,QUALIDADE DO GASTO PÚBLICO,177,127,180,9.2.2005,SMF/FNR,Despesas de capital como porcentagem do total de gastos: Percentual de investimentos em ativo fixo (despesas de capital) em relação aos gastos totais,Comparado com diferentes cidades - sem padrão - fazer parâmetro em SC,Não Informado,Não Informado,2020,"16,27"
FISCAL,GESTÃO ADEQUADA DAS DESPESAS,GESTÃO DO GASTO PÚBLICO,QUALIDADE DO GASTO PÚBLICO,178,128,181,N/A,SMF,Taxa média de crescimento anual do gasto corrente: Porcentagem de variação no ano dos gastos correntes,< 0,0 - IPCA,> IPCA,2020,"-20,35"
FISCAL,GESTÃO ADEQUADA DAS DESPESAS,GESTÃO DO GASTO PÚBLICO,QUALIDADE DO GASTO PÚBLICO,179,L 1,182,N/A,SMF,Despesa de pessoal/Receita corrente líquida: percentual da depesas totais (salário + engargos + vales transporte e alimentação + plano de saúde) e de pessoal em relação a receita corrente líquida,"< 51,3%","51,3% a 54%",> 54%,2020,"48,68"
FISCAL,GESTÃO ADEQUADA DAS DESPESAS,GESTÃO DO GASTO PÚBLICO,QUALIDADE DO GASTO PÚBLICO,180,NOVO,183,N/A,SMF,Porcentagem das despesas com contratação de pessoal tercerizado (terceiros PJ + PF +  locação de mão de obra) em relação a receita total líquida.,sem valor de referência,Não Informado,Não Informado,2020,"3,33"
FISCAL,Gestao Adequada da Divida,Divida,SUSTENTABILIDADE DA DÍVIDA,181,131,184,9.2.2004,SMF/FNR,Crescimento do serviço da dívida: Porcentagem dos juros da dívida em relação a receita própria,< 5%,5% - 10%,> 10%,2020,"0,72"
FISCAL,Gestao Adequada da Divida,Divida,SUSTENTABILIDADE DA DÍVIDA,182,132,185,N/A,SMF,Crescimento da dívida: Porcentagem de crescimento da dívida (Emprestimos de curto e longo prazo),A taxa de crescimento real anual é negativa,A taxa de crescimento real anual está entre 0% e 2%,A taxa de crescimento real anual é superior a 2%,2020,-12
FISCAL,Gestao Adequada da Divida,Divida,LEI DE RESPONSABILIDADE FISCAL,183,L 2,186,N/A,SMF,Dívida consolidada líquida/Receita corrente líquida: Porcentagem da dívida consolidada líquida em relação a receita corrente líquida,< 50%,50% a 60%,> 60%,2020,"36,26"
FISCAL,Gestao Adequada da Divida,Divida,LEI DE RESPONSABILIDADE FISCAL,184,L 3,187,N/A,SMF,Operação de Crédito/Receita Corrente Líquida:Porcentagem do valor das operações de crédito contratadas no ano em relação a receita corrente líquida,Menor 10%,Entre 10 e 16%,Acima 16%,2020,"6,5"
AMBIENTAL,MANEJO AMBIENTAL E CONSUMO DOS RECURSOS NATURAIS,ÁGUA,COBERTURA DE ÁGUA,1,1,1,7.1.2001,CASAN/FNR,Porcentagem de pessoas com serviço de abastecimento de água potável em relação à população total do município,> 90%–100%,75%–90%,< 75%,2021,100
AMBIENTAL,MANEJO AMBIENTAL E CONSUMO DOS RECURSOS NATURAIS,ÁGUA,EFICIÊNCIA NO USO DA ÁGUA,2,2,2,7.1.2005,CASAN/FNR,Quantidade total do consumo de água em litros por dia dividida pelo total da população. Inclui uso não doméstico.,120–200,80–120 ou 200–250,< 80 ou > 250,2021,"1,631"
AMBIENTAL,MANEJO AMBIENTAL E CONSUMO DOS RECURSOS NATURAIS,ÁGUA,EFICIÊNCIA NO SERVIÇO DE ABASTECIMENTO DE ÁGUA,3,3,3,N/A,CASAN,Média anual de horas/dia em que há o fornecimento contínuo de água.,> 20 h/dia,12–20 h/dia,< 12 h/dia,2021,"23,86"
AMBIENTAL,MANEJO AMBIENTAL E CONSUMO DOS RECURSOS NATURAIS,ÁGUA,EFICIÊNCIA NO SERVIÇO DE ABASTECIMENTO DE ÁGUA,4,4,4,7.1.2004,CASAN/FNR,Qualidade da água: Porcentagem do número total de testes conformes em relação ao número total de testes de qualidade de água tratada realizados.,> 97%,90%–97%,< 90%,2021,"95,87"
AMBIENTAL,MANEJO AMBIENTAL E CONSUMO DOS RECURSOS NATURAIS,ÁGUA,EFICIÊNCIA NO SERVIÇO DE ABASTECIMENTO DE ÁGUA,5,5,5,7.1.2006,CASAN/FNR,Água não contabilizada = Índice de perdas na distribuição de água.,0%–30%,30%–45%,> 45%,2021,"43,8"
AMBIENTAL,MANEJO AMBIENTAL E CONSUMO DOS RECURSOS NATURAIS,ÁGUA,EFICIÊNCIA NO SERVIÇO DE ABASTECIMENTO DE ÁGUA,6,6,6,N/A,SDE/SEMA,Número remanescente de anos de saldo hídrico positivo (volume de água disponível dividido pelo consumo anual real (faturado + perdido).,> 10,5–10,< 5,2021,85
AMBIENTAL,MANEJO AMBIENTAL E CONSUMO DOS RECURSOS NATURAIS,SANEAMENTO E DRENAGEM,COBERTURA DE SANEAMENTO,7,7,7,N/A,CASAN,Porcentagem de moradias com ligação ao sistema de esgoto,> 75%,75%–60%,< 60%,2021,"68,89"
AMBIENTAL,MANEJO AMBIENTAL E CONSUMO DOS RECURSOS NATURAIS,SANEAMENTO E DRENAGEM,TRATAMENTO DE ÁGUA RESIDUÁRIAS,8,8,8,N/A,CASAN,Porcentagem de águas residuais ou efluente (águas de esgoto) tratadas: total de m³ de águas residuais que entram anualmente nas estações de tratamento dividido pelo total de m³ de água faturadas.,> 60%,40%–60%,< 40%,2021,"65,07"
AMBIENTAL,MANEJO AMBIENTAL E CONSUMO DOS RECURSOS NATURAIS,SANEAMENTO E DRENAGEM,EFETIVIDADE DA DRENAGEM,9,9,9,N/A,SMSP,Porcentagem anual de moradias afetadas por inundações intensas decorrentes de transbordamentos dos sistemas de drenagem e esgoto e de inundações causadas por rios e marés.,"< 0,5%","0,5–3",> 3%,2021,9
AMBIENTAL,MANEJO AMBIENTAL E CONSUMO DOS RECURSOS NATURAIS,GESTÃO DE RESÍDUOS  SÓLIDOS,COBERTURA COLETA DE RESÍDUOS SÓLIDOS,10,10,10,N/A,COMCAP,Porcentagem das moradias com coleta regular de resíduos sólidos.,90%–100%,80%–90%,< 80%,2021,100
AMBIENTAL,MANEJO AMBIENTAL E CONSUMO DOS RECURSOS NATURAIS,GESTÃO DE RESÍDUOS  SÓLIDOS,VOLUME DE RESIDUOS SÓLIDOS,11,L 5,11,N/A,COMCAP,"Toneladas totais de resíduos sólidos recolhidos (lixo convencional, coleta seletiva, lixo hospitalar, lixo pesado).",Sem valor de referência,Não Informado,Não Informado,2021,"198,945"
AMBIENTAL,MANEJO AMBIENTAL E CONSUMO DOS RECURSOS NATURAIS,GESTÃO DE RESÍDUOS  SÓLIDOS,VOLUME DE RESIDUOS SÓLIDOS,12,NOVO,12,N/A,COMCAP,"Quantidade (kg) de resíduos sólidos coletados por habitante, por dia (população projetada IBGE)","≤ 1,0","1,01 - 1,5",">1,5",2021,"01,05"
AMBIENTAL,MANEJO AMBIENTAL E CONSUMO DOS RECURSOS NATURAIS,GESTÃO DE RESÍDUOS  SÓLIDOS,DISPOSIÇÃO FINAL DOS RESÍDUOS SÓLIDOS,13,11,13,7.3.2005,COMCAP/FNR,Porcentagem de resíduos sólidos municipais depositados em aterros sanitários,<35%,36%- 50%,> 50%,2021,"93,27"
AMBIENTAL,MANEJO AMBIENTAL E CONSUMO DOS RECURSOS NATURAIS,GESTÃO DE RESÍDUOS  SÓLIDOS,DISPOSIÇÃO FINAL DOS RESÍDUOS SÓLIDOS,14,12,14,N/A,COMCAP,Vida remanescente útil das instalações de aterro sanitário,> 8,5–8,< 5,2021,16
AMBIENTAL,MANEJO AMBIENTAL E CONSUMO DOS RECURSOS NATURAIS,GESTÃO DE RESÍDUOS  SÓLIDOS,TRATAMENTO DOS                                                                    RESÍDUOS SÓLIDOS,15,14,15,N/A,COMCAP,Porcentagem de resíduos sólidos municipais compostados pela Prefeitura,> 20%,5%–20%,< 5%,2021,"0,91"
AMBIENTAL,MANEJO AMBIENTAL E CONSUMO DOS RECURSOS NATURAIS,GESTÃO DE RESÍDUOS  SÓLIDOS,TRATAMENTO DOS                                                                    RESÍDUOS SÓLIDOS,16,15,16,7.3.2004,COMCAP/FNR,Porcentagem de resíduos sólidos separados e classificados para reciclagem,> 25%,15%–25%,< 15%,2021,"3,76"
AMBIENTAL,MANEJO AMBIENTAL E CONSUMO DOS RECURSOS NATURAIS,GESTÃO DE RESÍDUOS  SÓLIDOS,TRATAMENTO DOS                                                                    RESÍDUOS SÓLIDOS,17,16,17,7.3.2006,COMCAP/FNR,Porcentagem de resíduos sólidos tratados em usinas de geração de energia a partir de resíduos em relação ao total de resíduos sólidos produzidos.,> 20 %,10%- 19%,< 10%,2021,0
AMBIENTAL,MANEJO AMBIENTAL E CONSUMO DOS RECURSOS NATURAIS,ENERGIA,COBERTURA ENERGÉTICA,18,17,18,N/A,CELESC,Porcentagem de domicílios(residenciais) com ligação autorizada à energia elétrica,90%–100%,70%–90%,< 70%,2021,"264,673"
AMBIENTAL,MANEJO AMBIENTAL E CONSUMO DOS RECURSOS NATURAIS,ENERGIA,COBERTURA ENERGÉTICA,19,,20,7.4.2006,SC GÁS /FNR,Número de conexões de serviço de distribuição de gás - residencial (por 100 mil habitantes),> 54.000,> 33.000 = < 54.000,< 33.000,2021,"2,612"
AMBIENTAL,MANEJO AMBIENTAL E CONSUMO DOS RECURSOS NATURAIS,ENERGIA,COBERTURA ENERGÉTICA,20,19,21,7.4.2007,CELESC /FNR,"Média de interrupção do fornecimento de energia elétrica por domicílio/ano, expresso em h/domicílio/ano",< 7h,7–10h,> 10h,2021,"7,24"
AMBIENTAL,MANEJO AMBIENTAL E CONSUMO DOS RECURSOS NATURAIS,ENERGIA,EFICIÊNCIA ENERGÉTICA,21,21,22,N/A,CELESC,Consumo anual de eletricidade por cliente residencial em Kw/h,1500–3500 kWh/por domicílio/ano,"900–1500 kWh/por domicílio/ano
3500–5000 kWh/por domicílio/ano","< 900 kWh/por domicílio/ano
> 5000 kWh/por domicílio/ano",2021,"2,877"
AMBIENTAL,MANEJO AMBIENTAL E CONSUMO DOS RECURSOS NATURAIS,ENERGIA,EFICIÊNCIA ENERGÉTICA,22,NOVO,23,N/A,COSIP,Porcentagem da iluminação pública que utiliza a tecnologia LED,50%,50% - 30%,< 30%,2021,"17,5"
AMBIENTAL,MANEJO AMBIENTAL E CONSUMO DOS RECURSOS NATURAIS,ENERGIA,ENERGIA ALTERNATIVA E RENOVÁVEL,23,,25,7.4.2004,CELESC /FNR,Energia proveniente de fontes renováveis (porcentagem),> 50%,20%–50%,< 20%,2021,"26,7"
AMBIENTAL,REDUÇÃO DA VULNERABILIDADE DIANTE DE DESASTRES NATURAIS E ADAPTAÇÃO À MUDANÇA DO CLIMA,VULNERABILIDADE FRENTE A DESASTRES NATURAIS NO CONTEXTO DA MUDANÇA CLIMÁTICA,CAPACIDADE DE ADAPTAÇÃO À MUDANÇA CLIMÁTICA E A EVENTOS NATURAIS EXTREMOS,28,30,30,N/A,SMSP/Defesa Civil,"Mapas de risco: porcentagem das áreas sujeitas a riscos decorrentes de deslizamentos, inundações costeiras e fluviais, mapeadas na escala 1:10.000, com grau de risco alto, médio ou baixo risco.",acima de 90%,"de 60 a 89,99%",abaixo de 60%,2021,100
AMBIENTAL,REDUÇÃO DA VULNERABILIDADE DIANTE DE DESASTRES NATURAIS E ADAPTAÇÃO À MUDANÇA DO CLIMA,VULNERABILIDADE FRENTE A DESASTRES NATURAIS NO CONTEXTO DA MUDANÇA CLIMÁTICA,CAPACIDADE DE ADAPTAÇÃO À MUDANÇA CLIMÁTICA E A EVENTOS NATURAIS EXTREMOS,29,34,31,N/A,SMSP,"Porcentagem das áreas de risco e vulnerabilidades da cidade (áreas de risco de deslizamento, de inundação costeira e pluvial, de vulnerabilidade social, de interrupções das pontes, de secas com comprometimento de abastecimento de água, apagões e de congestionamento viário extremo) que possuem planos de contingência adequados e atualizados.",acima de 90%,"de 60 a 89,99%",abaixo de 60%,2021,100
AMBIENTAL,REDUÇÃO DA VULNERABILIDADE DIANTE DE DESASTRES NATURAIS E ADAPTAÇÃO À MUDANÇA DO CLIMA,VULNERABILIDADE FRENTE A DESASTRES NATURAIS NO CONTEXTO DA MUDANÇA CLIMÁTICA,CAPACIDADE DE ADAPTAÇÃO À MUDANÇA CLIMÁTICA E A EVENTOS NATURAIS EXTREMOS,30,35,32,N/A,SMSP,Porcentagem dos planos de contingência de riscos que possui alerta precoce,acima de 90%,"de 60 a 89,99%",abaixo de 60%,2021,100
AMBIENTAL,REDUÇÃO DA VULNERABILIDADE DIANTE DE DESASTRES NATURAIS E ADAPTAÇÃO À MUDANÇA DO CLIMA,VULNERABILIDADE FRENTE A DESASTRES NATURAIS NO CONTEXTO DA MUDANÇA CLIMÁTICA,CAPACIDADE DE ADAPTAÇÃO À MUDANÇA CLIMÁTICA E A EVENTOS NATURAIS EXTREMOS,31,38,33,N/A,SMSP,Porcentagem da Lei Orçamentária Anual (LOA) planejados para mitigação dos riscos de desastres naturais e mudanças climáticas,"acima de 0,5%","0,5 a 0,3%","abaixo de 0,3%",2021,"0,1"
URBANO,CONTROLE DO CRESCIMENTO E MELHORIA DO HABITAT URBANO,USO DO SOLO / ORDENAMENTO TERRITORIAL,DENSIDADE,33,41,36,N/A,IPUF,Porcentagem de crescimento anual da quilometragem da malha urbana,< 3%,3%–5%,> 5%,2021,"1,86"
URBANO,CONTROLE DO CRESCIMENTO E MELHORIA DO HABITAT URBANO,USO DO SOLO / ORDENAMENTO TERRITORIAL,DENSIDADE,34,42,37,N/A,IPUF,Quantidade de população por km² de área urbanizada (exclui-se as áreas de agricultura e açudes de mais de 5 km),7.000 - 20.000,4.000–7.000; 20.000–25.000,< 4.000;                                         > 25.000,2021,"4,958"
URBANO,CONTROLE DO CRESCIMENTO E MELHORIA DO HABITAT URBANO,USO DO SOLO / ORDENAMENTO TERRITORIAL,DENSIDADE,35,L 8,38,N/A,IPUF,Porcentagem de crescimento demográfico,<1%,"1% - 1,5%","> 1,5%",2021,"1,51"
URBANO,CONTROLE DO CRESCIMENTO E MELHORIA DO HABITAT URBANO,USO DO SOLO / ORDENAMENTO TERRITORIAL,Não Informado,37,44,40,N/A,SMDU,Déficit de moradias quantitativo,< 10%,10%–25%,> 20%,2021,"7,842"
URBANO,CONTROLE DO CRESCIMENTO E MELHORIA DO HABITAT URBANO,USO DO SOLO / ORDENAMENTO TERRITORIAL,ÁREAS VERDE E DE RECREAÇÃO,38,45,41,N/A,IPUF,Quantidade de hectares de áreas verdes permanentes de lazer (de acordo com o Plano Diretor) para cada 100.000 habitantes (população projetada IBGE),> 50,20–50,< 20,2021,"5,565"
URBANO,CONTROLE DO CRESCIMENTO E MELHORIA DO HABITAT URBANO,USO DO SOLO / ORDENAMENTO TERRITORIAL,Não Informado,40,NOVO,43,N/A,IPUF,Porcentagem das edificações em áreas de conflito ambiental: quantidade de edificações irregulares dividido pelo total das edificações.,"< 0,5%","0,6% - 2%",> 2 %,2021,"9,24"
URBANO,CONTROLE DO CRESCIMENTO E MELHORIA DO HABITAT URBANO,USO DO SOLO / ORDENAMENTO TERRITORIAL,Não Informado,41,L 10,44,6.1.2001,FLORAM,Áreas naturais protegidas: porcentagem de Unidades de Conservação (UC) com plano de manejo.,acima de 90%,"de 60 a 89,99%",abaixo de 60%,2021,"41,26"
URBANO,CONTROLE DO CRESCIMENTO E MELHORIA DO HABITAT URBANO,USO DO SOLO / ORDENAMENTO TERRITORIAL,PLANEJAMENTO DO SOLO,43,L 4,46,1.9.2001,SMPIU,Porcentagem de área parcelada irregularmente sobre área urbanizável. (Floripa em Números = Núcelos Urbanos informais),< 10%,10% - 25%,> 25%,2021,36
URBANO,CONTROLE DO CRESCIMENTO E MELHORIA DO HABITAT URBANO,DESIGUALDADE URBANA,POBREZA,46,L 11,49,5.1.2001,IPUF,Porcentagem de Áreas Especiais de Interesse Social (AEIS) e Zonas Especiais de Interesse Social (ZEIS) em relação à Macro área de Uso Urbano definida pelo Plano Diretor.,sem valor de referência,Não Informado,Não Informado,2021,"22,89"
URBANO,CONTROLE DO CRESCIMENTO E MELHORIA DO HABITAT URBANO,DESIGUALDADE URBANA,POBREZA,47,L 12,50,N/A,SMDU,"Porcentagem de Domicílios em Áreas Especiais de Interesse Social (AEIS) e nas Zonas Especial de Interesse Social (ZEIS), em relação aos domicílios municipais",sem valor de referência,Não Informado,Não Informado,2021,6
URBANO,CONTROLE DO CRESCIMENTO E MELHORIA DO HABITAT URBANO,DESIGUALDADE URBANA,DESIGUALDADE DE RENDA,51,51,55,5.2.10,SEMAS/FRN,Coeficiente de Gini da renda (Fonte: PENAD Contínua do IBGE),"< 0,40","0,40–0,49","> 0,49",2021,"0,54"
URBANO,CONTROLE DO CRESCIMENTO E MELHORIA DO HABITAT URBANO,DESIGUALDADE URBANA,DESIGUALDADE DE RENDA,52,L 17,56,N/A,SMTTDE,Remuneração média dos trabalhadores formais (Fonte: Secretaria do Trabalho - RAIS),Acima de R$ 3.280,R$ 2.569 a R$ 3.280,R$ 788  a R$ 2.568,2021,"5,411"
URBANO,PROMOÇÃO DO TRANSPORTE URBANO SUSTENTÁVEL,MOBILIDADE / TRANSPORTE,INFRAESTRUTURA DE TRANSPORTE EQUILIBRADA,53,52,57,N/A,SMPIU,Quilômetros de vias públicas por 100 mil habitantes (População projetada do IBGE),< 300,300–400,> 400,2021,"347,73"
URBANO,PROMOÇÃO DO TRANSPORTE URBANO SUSTENTÁVEL,MOBILIDADE / TRANSPORTE,INFRAESTRUTURA DE TRANSPORTE EQUILIBRADA,57,54,61,somar: 2.2.2 + 2.2.3 + 2.2.4,SMTI/FNR,"Quilômetros de ciclovias, ciclofaixas e ciclorotas por 100 mil habitantes (população projetada IBGE)",> 25,15–25,< 15,2021,"35,89"
URBANO,PROMOÇÃO DO TRANSPORTE URBANO SUSTENTÁVEL,MOBILIDADE / TRANSPORTE,INFRAESTRUTURA DE TRANSPORTE EQUILIBRADA,58,NOVO,62,N/A,SMTI,"Porcentagem de km de ciclovias, ciclofaixas e ciclorotas em relação ao total de km de vias  da cidade",>25%,25%-15%,<15%,2021,"10,32"
URBANO,PROMOÇÃO DO TRANSPORTE URBANO SUSTENTÁVEL,MOBILIDADE / TRANSPORTE,INFRAESTRUTURA DE TRANSPORTE EQUILIBRADA,61,NOVO,65,N/A,SMTI,Quilometragem média/mês rodada pela frota de transporte público,sem valor de referência,Não Informado,Não Informado,2021,1
URBANO,PROMOÇÃO DO TRANSPORTE URBANO SUSTENTÁVEL,MOBILIDADE / TRANSPORTE,INFRAESTRUTURA DE TRANSPORTE EQUILIBRADA,62,NOVO,66,N/A,SMTI,Quantidade média/mês de pessoas transportadas pelo transporte público,sem valor de referência,Não Informado,Não Informado,2021,2
URBANO,PROMOÇÃO DO TRANSPORTE URBANO SUSTENTÁVEL,MOBILIDADE / TRANSPORTE,INFRAESTRUTURA DE TRANSPORTE EQUILIBRADA,64,NOVO,68,N/A,SMTI,Velocidade média/mês da frota de transporte público,>30%,30%–15%,< 15%,2021,"24,23"
URBANO,PROMOÇÃO DO TRANSPORTE URBANO SUSTENTÁVEL,MOBILIDADE / TRANSPORTE,INFRAESTRUTURA DE TRANSPORTE EQUILIBRADA,65,NOVO,69,N/A,SMTI,Média/mês da capacidade ofertada para o transporte de pessoas no sistema de transporte público,sem valor de referência,Não Informado,Não Informado,2021,"12,8"
URBANO,PROMOÇÃO DO TRANSPORTE URBANO SUSTENTÁVEL,MOBILIDADE / TRANSPORTE,TRANSPORTE LIMPO,68,NOVO,72,N/A,SMTI,Porcentagem da frota de transporte público movida a energia elétrica,> 20%,20%–10%,< 10%,2021,0
URBANO,PROMOÇÃO DO TRANSPORTE URBANO SUSTENTÁVEL,MOBILIDADE / TRANSPORTE,TRANSPORTE LIMPO,69,NOVO,73,N/A,SMTI,Porcentagem da frota de transporte público com ar condicionado,> 70%,70%–50%,< 50%,2021,"19,75"
URBANO,PROMOÇÃO DO TRANSPORTE URBANO SUSTENTÁVEL,MOBILIDADE / TRANSPORTE,TRANSPORTE LIMPO,70,57,74,N/A,SMTI,Idade média da frota do transporte público,< 6,6–12,> 12,2021,7
URBANO,PROMOÇÃO DO TRANSPORTE URBANO SUSTENTÁVEL,MOBILIDADE / TRANSPORTE,TRANSPORTE SEGURO,71,58,75,10.2.2001,SSP/FNR,Vítimas mortais de acidentes de trânsito por 100 mil habitantes,< 10,10–20,> 20,2021,"5,6"
URBANO,PROMOÇÃO DO TRANSPORTE URBANO SUSTENTÁVEL,MOBILIDADE / TRANSPORTE,TRANSPORTE SEGURO,72,NOVO,76,N/A,SMS,Quantidade anual de pessoas hospitalizadas por acidentes de trânsito por 100.000 habitantes (população projetada IBGE),sem valor de referência,Não Informado,Não Informado,2021,"18,18"
URBANO,PROMOÇÃO DO TRANSPORTE URBANO SUSTENTÁVEL,MOBILIDADE / TRANSPORTE,MENOS CONGESTIONAMENTO,74,60,78,2.4.2001,SMTI/FNR,"Número de veículos de uso pessoal (automóveis, SUV's, etc) registrados no DETRAN local (exceto táxis) per capita (população projetada IBGE)","< 0,3","0,3–0,4","> 0,4",2021,638
URBANO,PROMOÇÃO DO TRANSPORTE URBANO SUSTENTÁVEL,MOBILIDADE / TRANSPORTE,TRANSPORTE ECONÔMICO,75,62,79,N/A,SMTI,Índice de acessibilidade (Salário Mínimo Nacional/(44 viagens mês* valor da tarifa em dinheiro)),Até 5%,5%–10%,> 10%,2021,"6,12"
URBANO,PROMOÇÃO DO DESENVOLVIMENTO ECONÔMICO LOCAL COMPETITIVO SUSTENTÁVEL,AMBIENTE DE NEGÓCIOS,REG. NEGÓCIOS E INVESTIMENTOS,76,65,80,N/A,SMDECT,Quantidade de dias para abrir uma empresa,< 12,12–20,> 20,2021,1
URBANO,PROMOÇÃO DO DESENVOLVIMENTO ECONÔMICO LOCAL COMPETITIVO SUSTENTÁVEL,TECIDO PRODUTIVO,CRESCIMENTO PRODUTIVO,81,67,85,8.2.2001,SMDECT/SIE/FRN,PIB per capita da cidade (Fonte IBGE - Estatisticas),>US$ 9.000,US$ 3.000–US$ 9.000,< US$ 3.000,2021,"45,603"
URBANO,PROMOÇÃO DO DESENVOLVIMENTO ECONÔMICO LOCAL COMPETITIVO SUSTENTÁVEL,TECIDO PRODUTIVO,CRESCIMENTO PRODUTIVO,82,68,86,N/A,SMTDI,Taxa de crescimento do PIB per capita da cidade (Fonte: IBGE Estatísticas),"> 2,5%
O crescimento do PIB per capita da cidade é positivo e superior ao crescimento do PIB nacional (2)","2-2,5%
O crescimento do PIB per capita da cidade é positivo e igual ou similar ao crescimento do PIB nacional (1)","<2%
O crescimento do PIB per capita da cidade é positivo e igual ou similar ao ao crescimento do PIB nacional (0)",2021,"2,63"
URBANO,PROMOÇÃO DO DESENVOLVIMENTO ECONÔMICO LOCAL COMPETITIVO SUSTENTÁVEL,TECIDO PRODUTIVO,CRESCIMENTO PRODUTIVO,83,L 13,87,N/A,"Secretaria Executiva de Desenvolvimento Econômico, Ciência e Tecnologia",Porcentagem do PIB de Florianópolis em relação ao PIB de SC,> maior que a inflação,igual a inflação,< que a inflação,2021,"6,79"
URBANO,PROMOÇÃO DO DESENVOLVIMENTO ECONÔMICO LOCAL COMPETITIVO SUSTENTÁVEL,TECIDO PRODUTIVO,CRESCIMENTO PRODUTIVO,84,EBA 1,88,N/A,SMTDI,Taxa de crescimento do PIB da cidade (Fonte: IBGE Estatisticas),">3,5%
O crescimento do PIB da cidade é positivo e superior ao crescimento do PIB nacional (2)","3-3,5%
O crescimento do PIB  da cidade é positivo e igual ou similar ao crescimento do PIB nacional (1)","<3%
O crescimento do PIB da cidade é positivo e igual ou similar ao ao crescimento do PIB nacional (0)",2021,"2,6"
URBANO,OFERTA DE SERVIÇOS SOCIAIS DE ALTO NÍVEL E PROMOÇÃO DA COESÃO SOCIAL,EDUCAÇÃO,QUALIDADE DO ENSINO,90,77,95,N/A,SME,Porcentagem de Estudantes do ensino fundamental com nível satisfatório em provas padronizadas (IDEB) de Leitura,>=70%,69%–50%,> 50%,2021,35
URBANO,OFERTA DE SERVIÇOS SOCIAIS DE ALTO NÍVEL E PROMOÇÃO DA COESÃO SOCIAL,EDUCAÇÃO,QUALIDADE DO ENSINO,91,78,96,N/A,SME,Porcentagem de Estudantes do ensino fundamental com nível satisfatório em provas padronizadas (IDEB) de Matemática,>=70%,69%–50%,> 50%,2021,19
URBANO,OFERTA DE SERVIÇOS SOCIAIS DE ALTO NÍVEL E PROMOÇÃO DA COESÃO SOCIAL,EDUCAÇÃO,QUALIDADE DO ENSINO,92,79,97,N/A,SME,Quantidade de alunos por professor nas escolas públicas,< 15:1,Entre 15:1 e 25:1,> 25:1,2021,"17,07"
URBANO,OFERTA DE SERVIÇOS SOCIAIS DE ALTO NÍVEL E PROMOÇÃO DA COESÃO SOCIAL,EDUCAÇÃO,ASSISTÊNCIA ESCOLAR,93,80,98,N/A,SME,Número de estudantes matriculados na pré-escola e recebem atendimento integral,Não Informado,Não Informado,Não Informado,2021,4581
URBANO,OFERTA DE SERVIÇOS SOCIAIS DE ALTO NÍVEL E PROMOÇÃO DA COESÃO SOCIAL,EDUCAÇÃO,ASSISTÊNCIA ESCOLAR,94,81,99,N/A,SME,Número de estudantes matriculados nos anos iniciais do ensino fundamental (6 a 11 anos),Não Informado,Não Informado,Não Informado,2021,"30,826"
URBANO,OFERTA DE SERVIÇOS SOCIAIS DE ALTO NÍVEL E PROMOÇÃO DA COESÃO SOCIAL,EDUCAÇÃO,ASSISTÊNCIA ESCOLAR,95,82,100,N/A,SME,Número de estudantes matriculados nos anos finais do ensino fundamental (12 a 15 anos),Não Informado,Não Informado,Não Informado,2021,"24,544"
URBANO,OFERTA DE SERVIÇOS SOCIAIS DE ALTO NÍVEL E PROMOÇÃO DA COESÃO SOCIAL,EDUCAÇÃO,ASSISTÊNCIA ESCOLAR,96,83,101,N/A,SEE,Número de estudantes matriculados no ensino médio (16 a 18 anos),Não Informado,Não Informado,Não Informado,2021,"18,293"
URBANO,OFERTA DE SERVIÇOS SOCIAIS DE ALTO NÍVEL E PROMOÇÃO DA COESÃO SOCIAL,EDUCAÇÃO,ASSISTÊNCIA ESCOLAR,98,NOVO,103,N/A,SME,Número de crianças com necessidades especiais matriculadas na Educação Básica (4 a 17 anos),sem valor de referência,Não Informado,Não Informado,2021,"2,402"
URBANO,OFERTA DE SERVIÇOS SOCIAIS DE ALTO NÍVEL E PROMOÇÃO DA COESÃO SOCIAL,EDUCAÇÃO,ASSISTÊNCIA ESCOLAR,99,NOVO,104,N/A,SME,Porcentagem das escolas que cumprem a Lei de Acessibilidade,> 95%,95% - 90%,< 90%,2021,"95,07"
URBANO,OFERTA DE SERVIÇOS SOCIAIS DE ALTO NÍVEL E PROMOÇÃO DA COESÃO SOCIAL,EDUCAÇÃO,ENSINO SUPERIOR,100,,103,4.1.2006,SME/FNR,Número de pessoas com ensino superior completo acima de 25 anos (por 100 mil habitantes),Não Informado,Não Informado,Não Informado,2021,271711
URBANO,OFERTA DE SERVIÇOS SOCIAIS DE ALTO NÍVEL E PROMOÇÃO DA COESÃO SOCIAL,SEGURANÇA,VIOLÊNCIA,101,85,104,10.1.2005,SSP/FNR,Quantidade de homicídios por 100 mil habitantes - população projetada pelo IBGE,< 10,10–25,> 25,2021,"6,9"
URBANO,OFERTA DE SERVIÇOS SOCIAIS DE ALTO NÍVEL E PROMOÇÃO DA COESÃO SOCIAL,SEGURANÇA,VIOLÊNCIA,102,NOVO,105,N/A,SSP,Quantidade de latrocínios por 100.000 habitantes - população projetada pelo IBGE,<5,5-10,>10,2021,0
URBANO,OFERTA DE SERVIÇOS SOCIAIS DE ALTO NÍVEL E PROMOÇÃO DA COESÃO SOCIAL,SEGURANÇA,VIOLÊNCIA,103,NOVO,106,N/A,SSP,Quantidade de feminicídios por 100.000 habitantes mulheres - população projetada pelo IBGE,<5,5-10,>10,2021,"0,7"
URBANO,OFERTA DE SERVIÇOS SOCIAIS DE ALTO NÍVEL E PROMOÇÃO DA COESÃO SOCIAL,SEGURANÇA,VIOLÊNCIA,104,86,107,N/A,SSP,Número de ocorrências de violência doméstica em mulheres,Não Informado,Não Informado,Não Informado,2021,"5,815"
URBANO,OFERTA DE SERVIÇOS SOCIAIS DE ALTO NÍVEL E PROMOÇÃO DA COESÃO SOCIAL,SEGURANÇA,VIOLÊNCIA,105,88,108,N/A,SSP,Roubos por 100 mil habitantes - população projetada pelo IBGE,< 300,300–1.000,> 1.000,2021,"194,3"
URBANO,OFERTA DE SERVIÇOS SOCIAIS DE ALTO NÍVEL E PROMOÇÃO DA COESÃO SOCIAL,SEGURANÇA,VIOLÊNCIA,106,89,109,N/A,SSP,Furtos por 100 mil habitantes - população projetada pelo IBGE,< 3.000,3.000–5.000,> 5.000,2021,"1600,4"
URBANO,OFERTA DE SERVIÇOS SOCIAIS DE ALTO NÍVEL E PROMOÇÃO DA COESÃO SOCIAL,SEGURANÇA,VIOLÊNCIA,107,NOVO,110,N/A,SSP,Furtos de veículos por 100 mil habitantes - população projetada pelo IBGE,<100,100-150,>150,2021,"64,7"
URBANO,OFERTA DE SERVIÇOS SOCIAIS DE ALTO NÍVEL E PROMOÇÃO DA COESÃO SOCIAL,SEGURANÇA,VIOLÊNCIA,108,NOVO,111,N/A,SSP,Roubos de veículos por 100 mil habitantes - população projetada pelo IBGE,<50,50-75,>75,2021,"20,1"
URBANO,OFERTA DE SERVIÇOS SOCIAIS DE ALTO NÍVEL E PROMOÇÃO DA COESÃO SOCIAL,SEGURANÇA,VIOLÊNCIA,109,,112,10.1.10,SSP/FNR,Crimes contra a propriedade por 100 000 habitantes,<50,50-75,>75,2021,21
URBANO,OFERTA DE SERVIÇOS SOCIAIS DE ALTO NÍVEL E PROMOÇÃO DA COESÃO SOCIAL,SAÚDE,NÍVEL DE SAÚDE,111,NOVO,114,N/A,SMS,Taxa Geral de mortalidade por 100.000 habitantes (População projetada IBGE),sem valor de referência,Não Informado,Não Informado,2021,"647,08"
URBANO,OFERTA DE SERVIÇOS SOCIAIS DE ALTO NÍVEL E PROMOÇÃO DA COESÃO SOCIAL,SAÚDE,NÍVEL DE SAÚDE,112,NOVO,115,N/A,SMS,Taxa Geral de mortalidade de homens por 100.000 habitantes (População projetada IBGE),sem valor de referência,Não Informado,Não Informado,2021,"712,32"
URBANO,OFERTA DE SERVIÇOS SOCIAIS DE ALTO NÍVEL E PROMOÇÃO DA COESÃO SOCIAL,SAÚDE,NÍVEL DE SAÚDE,113,NOVO,116,N/A,SMS,Taxa Geral de mortalidade de mulheres por 100.000 habitantes (População projetada IBGE),sem valor de referência,Não Informado,Não Informado,2021,"586,58"
URBANO,OFERTA DE SERVIÇOS SOCIAIS DE ALTO NÍVEL E PROMOÇÃO DA COESÃO SOCIAL,SAÚDE,NÍVEL DE SAÚDE,114,95,117,3.1.2004,SMS/FNR,Taxa de mortalidade infantil (crianças menores de 5 anos)por 100.000 habitantes (População projetada IBGE),< 20,20 -30,> 30,2021,"6,1"
URBANO,OFERTA DE SERVIÇOS SOCIAIS DE ALTO NÍVEL E PROMOÇÃO DA COESÃO SOCIAL,SAÚDE,NÍVEL DE SAÚDE,115,NOVO,118,N/A,SMS,Taxa de mortalidade Precoce (Anos potenciais de vida perdido - APVP) por 100.000 habitantes (População projetada IBGE),sem valor de referência,Não Informado,Não Informado,2021,"4940,25"
URBANO,OFERTA DE SERVIÇOS SOCIAIS DE ALTO NÍVEL E PROMOÇÃO DA COESÃO SOCIAL,SAÚDE,NÍVEL DE SAÚDE,116,NOVO,119,N/A,SMS,Taxa de mortalidade por doenças cardovasculares por 100.000 habitantes (População projetada IBGE),sem valor de referência,Não Informado,Não Informado,2021,"141,98"
URBANO,OFERTA DE SERVIÇOS SOCIAIS DE ALTO NÍVEL E PROMOÇÃO DA COESÃO SOCIAL,SAÚDE,NÍVEL DE SAÚDE,117,NOVO,120,N/A,SMS,Taxa de mortalidade por neoplasias por 100.000 habitantes (População projetada IBGE),sem valor de referência,Não Informado,Não Informado,2021,"142,53"
URBANO,OFERTA DE SERVIÇOS SOCIAIS DE ALTO NÍVEL E PROMOÇÃO DA COESÃO SOCIAL,SAÚDE,NÍVEL DE SAÚDE,118,NOVO,121,N/A,SMS,"Taxa de mortalidade por causas externas (acidentes, crimes, etc.) por 100.000 habitantes (População projetada IBGE)",sem valor de referência,Não Informado,Não Informado,2021,"46,65"
URBANO,OFERTA DE SERVIÇOS SOCIAIS DE ALTO NÍVEL E PROMOÇÃO DA COESÃO SOCIAL,SAÚDE,NÍVEL DE SAÚDE,119,NOVO,122,N/A,SMS,Taxa de internação de adultos por 100.000 habitantes (População projetada IBGE),sem valor de referência,Não Informado,Não Informado,2021,"4423,44"
URBANO,OFERTA DE SERVIÇOS SOCIAIS DE ALTO NÍVEL E PROMOÇÃO DA COESÃO SOCIAL,SAÚDE,NÍVEL DE SAÚDE,120,NOVO,123,N/A,SMS,Taxa de internação de crianças por 100.000 habitantes (População projetada IBGE),sem valor de referência,Não Informado,Não Informado,2021,"3150,18"
URBANO,OFERTA DE SERVIÇOS SOCIAIS DE ALTO NÍVEL E PROMOÇÃO DA COESÃO SOCIAL,SAÚDE,NÍVEL DE SAÚDE,121,NOVO,124,N/A,SMS,"Taxa de internação por causas externas (acidentes, crimes, etc. ) por 100.000 habitantes (População projetada IBGE)",sem valor de referência,Não Informado,Não Informado,2021,"506,75"
URBANO,OFERTA DE SERVIÇOS SOCIAIS DE ALTO NÍVEL E PROMOÇÃO DA COESÃO SOCIAL,SAÚDE,NÍVEL DE SAÚDE,122,NOVO,125,N/A,SMS,Taxa de internação por doenças cardiovasculares por 100.000 habitantes (População projetada IBGE),sem valor de referência,Não Informado,Não Informado,2021,"395,26"
URBANO,OFERTA DE SERVIÇOS SOCIAIS DE ALTO NÍVEL E PROMOÇÃO DA COESÃO SOCIAL,SAÚDE,NÍVEL DE SAÚDE,123,NOVO,126,N/A,SMS,Taxa de internação por neoplasias por 100.000 habitantes (População projetada IBGE),sem valor de referência,Não Informado,Não Informado,2021,"416,39"
URBANO,OFERTA DE SERVIÇOS SOCIAIS DE ALTO NÍVEL E PROMOÇÃO DA COESÃO SOCIAL,SAÚDE,NÍVEL DE SAÚDE,124,L 22,127,N/A,SMS,Prevalência de Diabetes Millitus: Percentual da população atendida nos hospitais e postos de Saúde pública que tem diabetes - População projetada pelo IBGE,sem valor de referência,Não Informado,Não Informado,2021,"6,44"
URBANO,OFERTA DE SERVIÇOS SOCIAIS DE ALTO NÍVEL E PROMOÇÃO DA COESÃO SOCIAL,SAÚDE,NÍVEL DE SAÚDE,125,L 23,128,3.1.2009,SMS/FNR,"Prevalência de obesidade: Percentual de indivíduos, com Índice de Massa Corporal (IMC) maior ou igual a 25 (População projetada pelo IBGE)",sem valor de referência,Não Informado,Não Informado,2021,"20,17"
URBANO,OFERTA DE SERVIÇOS SOCIAIS DE ALTO NÍVEL E PROMOÇÃO DA COESÃO SOCIAL,SAÚDE,NÍVEL DE SAÚDE,126,L 24,129,N/A,SMS,Prevalência de Hipertensão: Percentual de pessoas com  diagnóstico de hipertensão (População projetada pelo IBGE),"Abaixo de 5,7%","5,7% a 7,14%",Acima de 10%,2021,"24,31"
URBANO,OFERTA DE SERVIÇOS SOCIAIS DE ALTO NÍVEL E PROMOÇÃO DA COESÃO SOCIAL,SAÚDE,OFERTA DE SERVIÇOS DE SAÚDE,127,96,130,3.1.2003,SMS/FNR,Quantidade de médicos por 100 mil habitantes (População projetada pelo IBGE),> 200,75 - 200,< 75,2021,240143
URBANO,OFERTA DE SERVIÇOS SOCIAIS DE ALTO NÍVEL E PROMOÇÃO DA COESÃO SOCIAL,SAÚDE,OFERTA DE SERVIÇOS DE SAÚDE,128,97,131,N/A,SMS,"Quantidade de leitos de hospital por 100 mil habitantes, em hospitais públicos e privados",> 100,50 - 100,< 50,2021,"344,05"
URBANO,OFERTA DE SERVIÇOS SOCIAIS DE ALTO NÍVEL E PROMOÇÃO DA COESÃO SOCIAL,SAÚDE,OFERTA DE SERVIÇOS DE SAÚDE,129,NOVO,132,N/A,SMS,Quantidade de leitos de UTI em hospitais públicos e privados,sem valor de referência,Não Informado,Não Informado,2021,"66,11"
URBANO,OFERTA DE SERVIÇOS SOCIAIS DE ALTO NÍVEL E PROMOÇÃO DA COESÃO SOCIAL,SAÚDE,OFERTA DE SERVIÇOS DE SAÚDE,130,NOVO,133,N/A,SMS,Total de gasto do município com saúde pública por 100.000 habitantes,Sem valor de referência,Não Informado,Não Informado,2021,89
URBANO,OFERTA DE SERVIÇOS SOCIAIS DE ALTO NÍVEL E PROMOÇÃO DA COESÃO SOCIAL,SAÚDE,OFERTA DE SERVIÇOS DE SAÚDE,131,NOVO,134,N/A,SMS,"Total do valor recebidos do Estado e do Governo Federal, destinados à saúde no município por 100.000 habitantes",Sem valor de referência,Não Informado,Não Informado,2021,28
URBANO,OFERTA DE SERVIÇOS SOCIAIS DE ALTO NÍVEL E PROMOÇÃO DA COESÃO SOCIAL,SAÚDE,OFERTA DE SERVIÇOS DE SAÚDE,132,NOVO,135,N/A,SMS,Cobertura de saúde da família: Média/mês de residências atendidas na modalidade de saúde da família,Sem valor de referência,Não Informado,Não Informado,2021,"108,88"
URBANO,OFERTA DE SERVIÇOS SOCIAIS DE ALTO NÍVEL E PROMOÇÃO DA COESÃO SOCIAL,SAÚDE,OFERTA DE SERVIÇOS DE SAÚDE,133,NOVO,136,N/A,SMS,Média/mês de pessoas atendidas nas UPAS e nos Postos de Saúde.,Sem valor de referência,Não Informado,Não Informado,2021,"169,786"
URBANO,OFERTA DE SERVIÇOS SOCIAIS DE ALTO NÍVEL E PROMOÇÃO DA COESÃO SOCIAL,SAÚDE,OFERTA DE SERVIÇOS DE SAÚDE,134,NOVO,137,N/A,ACM,Quantas vidas asseguradas em plano de saúde privada?,Sem valor de referência,Não Informado,Não Informado,2021,"170,152"
URBANO,OFERTA DE SERVIÇOS SOCIAIS DE ALTO NÍVEL E PROMOÇÃO DA COESÃO SOCIAL,SAÚDE,OFERTA DE SERVIÇOS DE SAÚDE,135,L 21,138,N/A,SMS,Cobertura de vacinas,sem valor de referência,Não Informado,Não Informado,2021,1
URBANO,COMPETITIVIDADE,CAPITAL HUMANO,CULTURA,136,L 18,139,N/A,SMF,Investimento em cultura per capita: por habitante (população projetada IBGE),"> R$ 26,83","R$ 17,88  a R$ 26,82","< R$ 17,87",2021,"04,01"
URBANO,COMPETITIVIDADE,CAPITAL HUMANO,CULTURA,137,L 19,140,N/A,SMF,"Investimento em cultura sobre receita corrente líquida: total da receita líquida investida em cultura, no ano.","> R$ 2,47","R$ 1,77 a R$ 2,47","< R$ 1,76",2021,"0,6"
URBANO,COMPETITIVIDADE,TECIDO EMPRESARIAL,INTERNACIONALIZAÇÃO,138,99,141,N/A,SMTDI,Percentual de  exportações de bens e serviços em relação ao PIB projetado IBGE do município  (Fonte: http://comexstat.mdic.gov.br/pt/municipio - Exportações no SISCOMEX - Ministério da Economia e PIB do IBGE),sem valor de referência,Não Informado,Não Informado,2021,2021
URBANO,COMPETITIVIDADE,TECIDO EMPRESARIAL,DESENVOLVIMENTO EMPRESARIAL,139,102,142,N/A,SMTDI,Incremento anual da quantidade de  empresas - Porcentagem de novas empresas abertas no ano (inclui todos os tamanhos de empresas),sem valor de referência,Não Informado,Não Informado,2021,24
URBANO,COMPETITIVIDADE,TECIDO EMPRESARIAL,DESENVOLVIMENTO EMPRESARIAL,146,NOVO,149,N/A,SEF,"Porcentagem de variação do faturamento, em relação ao ano anterior, das empresas de bares e restaurantes",sem valor de referência,Não Informado,Não Informado,2021,"45,3"
URBANO,COMPETITIVIDADE,TECIDO EMPRESARIAL,DESENVOLVIMENTO EMPRESARIAL,147,NOVO,150,N/A,SEF,Percentual de participação da receita de impostos do segmento de bares e restaurantes em relação aos impostos totais,sem valor de referência,Não Informado,Não Informado,2021,"0,63"
URBANO,COMPETITIVIDADE,TECIDO EMPRESARIAL,DESENVOLVIMENTO EMPRESARIAL,149,NOVO,152,N/A,SMTDI,Porcentagem de Crescimento de pessoas empregadas no segmento de tecnologia (Fonte: ACATE),sem valor de referência,Não Informado,Não Informado,2021,"12,22"
URBANO,COMPETITIVIDADE,TECIDO EMPRESARIAL,DESENVOLVIMENTO EMPRESARIAL,151,NOVO,154,N/A,SHRBS,Porcentagem de ocupação dos leitos de hotelaria e pousada (Fonte SHRBS),sem valor de referência,Não Informado,Não Informado,2021,"45,7"
URBANO,COMPETITIVIDADE,TECIDO EMPRESARIAL,DESENVOLVIMENTO EMPRESARIAL,153,,156,8.1.2006,SMTDI/FNR,Número de empresas (por 100 mil habitantes),sem valor de referência,Não Informado,Não Informado,2021,"7,66"
FISCAL,MECANISMOS ADEQUADOS DE GOVERNO,GESTÃO PÚBLICA PARTICIPATIVA,PRESTAÇÃO DE CONTAS AO CIDADÃO,154,NOVO,157,N/A,SMF,Qual a porcentagem do orçamento que a Sociedade Civil participa na sua definição,sem valor de referência,Não Informado,Não Informado,2021,5
FISCAL,MECANISMOS ADEQUADOS DE GOVERNO,GESTÃO PÚBLICA MODERNA,PROCESSOS MODERNOS DE GESTÃO PÚBLICA DO ORÇAMENTO MUNICIPAL,155,NOVO,158,N/A,SMF,Porcentagem do gasto com pessoal em relação ao gasto total  (conforme conta 3.1.1.00.00.00 conforme dados do SICONFI do TCE-SC),sem valor de referência,Não Informado,Não Informado,2021,"55,14"
FISCAL,MECANISMOS ADEQUADOS DE GOVERNO,GESTÃO PÚBLICA MODERNA,PROCESSOS MODERNOS DE GESTÃO PÚBLICA DO ORÇAMENTO MUNICIPAL,156,NOVO,159,N/A,SMA,"Porcentagem mensal de horas falta sem atestado, em relação ao total de horas contratadas",sem valor de referência,Não Informado,Não Informado,2021,"0,5"
FISCAL,MECANISMOS ADEQUADOS DE GOVERNO,GESTÃO PÚBLICA MODERNA,PROCESSOS MODERNOS DE GESTÃO PÚBLICA DO ORÇAMENTO MUNICIPAL,157,NOVO,160,N/A,SMA,"Porcentagem mensal de horas falta com atestado, em relação ao total de horas contratadas",sem valor de referência,Não Informado,Não Informado,2021,"8,71"
FISCAL,MECANISMOS ADEQUADOS DE GOVERNO,GESTÃO PÚBLICA MODERNA,PROCESSOS MODERNOS DE GESTÃO PÚBLICA DO ORÇAMENTO MUNICIPAL,158,NOVO,161,N/A,SMLCP,Porcentagem do valor das compras totais da administração pública municipal feitas por meio de pregão eletrônico,sem valor de referência,Não Informado,Não Informado,2021,"49,16"
FISCAL,MECANISMOS ADEQUADOS DE GOVERNO,GESTÃO PÚBLICA MODERNA,PROCESSOS MODERNOS DE GESTÃO PÚBLICA DO ORÇAMENTO MUNICIPAL,159,NOVO,162,N/A,SMLCP,Porcentagem do valor das compras totais da administração pública municipais feitas por meio de pregão presencial,sem valor de referência,Não Informado,Não Informado,2021,"14,85"
FISCAL,MECANISMOS ADEQUADOS DE GOVERNO,GESTÃO PÚBLICA MODERNA,PROCESSOS MODERNOS DE GESTÃO PÚBLICA DO ORÇAMENTO MUNICIPAL,160,NOVO,163,N/A,SMLCP,Porcentagem do valor das compras totais da administração pública municipais feitas por meio de tomada de preços,sem valor de referência,Não Informado,Não Informado,2021,"1,73"
FISCAL,MECANISMOS ADEQUADOS DE GOVERNO,GESTÃO PÚBLICA MODERNA,PROCESSOS MODERNOS DE GESTÃO PÚBLICA DO ORÇAMENTO MUNICIPAL,161,NOVO,164,N/A,SMLCP,"Porcentagem do valor das compras totais da administração pública por inexigibilidade, por contratação direta",sem valor de referência,Não Informado,Não Informado,2021,"3,94"
FISCAL,MECANISMOS ADEQUADOS DE GOVERNO,GESTÃO PÚBLICA MODERNA,PROCESSOS MODERNOS DE GESTÃO PÚBLICA DO ORÇAMENTO MUNICIPAL,162,NOVO,165,N/A,SMLCP,Porcentagem do valor das compras totais da administração pública municipais em que são dispensadas licitações com base em lei especifica,sem valor de referência,Não Informado,Não Informado,2021,"16,67"
FISCAL,MECANISMOS ADEQUADOS DE GOVERNO,GESTÃO PÚBLICA MODERNA,PROCESSOS MODERNOS DE GESTÃO PÚBLICA DO ORÇAMENTO MUNICIPAL,163,NOVO,166,N/A,SMLCP,Porcentagem do valor das compras totais da administração pública municipal feitas por meio de concorrência pública,sem valor de referência,Não Informado,Não Informado,2021,"9,5"
FISCAL,GESTÃO ADEQUADA DA RECEITA,IMPOSTOS E AUTONOMIA FINANCEIRA,RECEITAS E IMPOSTOS MUNICIPAIS,165,118,168,9.2.2006,SMF/FNR,"Receita própria: Porcentagem da receita do governo municipal proveniente de tributos (tarifas, encargos e impostos) permitidos pela lei em relação à receita total.",Comparar com as metas da PMF,Não Informado,Não Informado,2021,48
FISCAL,GESTÃO ADEQUADA DA RECEITA,IMPOSTOS E AUTONOMIA FINANCEIRA,RECEITAS E IMPOSTOS MUNICIPAIS,166,119,169,N/A,SMF,Porcentagem das transferências totais recebidas de outros níveis de governo em relação a receita total.,Comparado com diferentes cidades - sem padrão - fazer parâmetro em SC,Não Informado,Não Informado,2021,"32,47"
FISCAL,GESTÃO ADEQUADA DA RECEITA,IMPOSTOS E AUTONOMIA FINANCEIRA,RECEITAS E IMPOSTOS MUNICIPAIS,167,120,170,N/A,SMF,Porcentagem das transferências recebidas destinadas a usos específicos (pré-definidos) em relação as transferências totais,Comparado com diferentes cidades - sem padrão - fazer parâmetro em SC,Não Informado,Não Informado,2021,"16,56"
FISCAL,GESTÃO ADEQUADA DA RECEITA,IMPOSTOS E AUTONOMIA FINANCEIRA,RECEITAS E IMPOSTOS MUNICIPAIS,168,121,171,N/A,SMF,Porcentagem das receitas de fontes externas ao governo municipal (excluindo-se receita própria e transferências) em relação a receita total,Comparado com diferentes cidades - sem padrão - fazer parâmetro em SC,Não Informado,Não Informado,2021,"18,92"
FISCAL,GESTÃO ADEQUADA DA RECEITA,IMPOSTOS E AUTONOMIA FINANCEIRA,RECEITAS E IMPOSTOS MUNICIPAIS,169,122,172,N/A,SMF,Porcentagem das receitas próprias acrescidas as transferências sem fim definido em relação a receita total,≥ 80%,> 61%  e  < 80%,≤ 61%,2021,"64,53"
FISCAL,GESTÃO ADEQUADA DA RECEITA,IMPOSTOS E AUTONOMIA FINANCEIRA,RECEITAS E IMPOSTOS MUNICIPAIS,170,NOVO,173,N/A,SMF,Porcentagem da variação anual da cota parte do ICMS,Acima do IPCA,Igual ao IPCA,Abaixo do IPCA,2021,"17,86"
FISCAL,GESTÃO ADEQUADA DA RECEITA,IMPOSTOS E AUTONOMIA FINANCEIRA,RECEITAS E IMPOSTOS MUNICIPAIS,171,NOVO,174,N/A,SMF,Porcentagem de variação anual da arrecadação do ISS,Acima do IPCA,Igual ao IPCA,Abaixo do IPCA,2021,"26,5"
FISCAL,GESTÃO ADEQUADA DA RECEITA,IMPOSTOS E AUTONOMIA FINANCEIRA,RECEITAS E IMPOSTOS MUNICIPAIS,172,NOVO,175,N/A,SMF,Porcentagem de variação anual da arrecadação do IPTU,Acima do IPCA,Igual ao IPCA,Abaixo do IPCA,2021,"9,27"
FISCAL,GESTÃO ADEQUADA DA RECEITA,IMPOSTOS E AUTONOMIA FINANCEIRA,RECEITAS E IMPOSTOS MUNICIPAIS,173,NOVO,176,N/A,SMF,Percentual da variação anual da arrecadação do ITBI,Acima do IPCA,Igual ao IPCA,Abaixo do IPCA,2021,"57,49"
FISCAL,GESTÃO ADEQUADA DA RECEITA,IMPOSTOS E AUTONOMIA FINANCEIRA,RECEITAS E IMPOSTOS MUNICIPAIS,174,NOVO,177,N/A,SMF,Porcentagem de variação da dívida ativa em relação ao ano anterior,< 0,0 - IPCA,> IPCA,2021,"8,48"
FISCAL,GESTÃO ADEQUADA DA RECEITA,IMPOSTOS E AUTONOMIA FINANCEIRA,GESTÃO DE COBRANÇAS,175,NOVO,178,N/A,SMF,Porcentagem de inadimplência do IPTU,sem valor de referência,Não Informado,Não Informado,2021,"15,1"
FISCAL,GESTÃO ADEQUADA DAS DESPESAS,GESTÃO DO GASTO PÚBLICO,QUALIDADE DO GASTO PÚBLICO,176,126,179,N/A,SMF (Siconfi-TCE/SC),Porcentagem dos gastos correntes em relação aos gastos totais,Comparado com diferentes cidades - sem padrão - fazer parâmetro em SC,Não Informado,Não Informado,2021,"86,7"
FISCAL,GESTÃO ADEQUADA DAS DESPESAS,GESTÃO DO GASTO PÚBLICO,QUALIDADE DO GASTO PÚBLICO,177,127,180,9.2.2005,SMF/FNR,Despesas de capital como porcentagem do total de gastos: Percentual de investimentos em ativo fixo (despesas de capital) em relação aos gastos totais,Comparado com diferentes cidades - sem padrão - fazer parâmetro em SC,Não Informado,Não Informado,2021,10
FISCAL,GESTÃO ADEQUADA DAS DESPESAS,GESTÃO DO GASTO PÚBLICO,QUALIDADE DO GASTO PÚBLICO,178,128,181,N/A,SMF,Taxa média de crescimento anual do gasto corrente: Porcentagem de variação no ano dos gastos correntes,< 0,0 - IPCA,> IPCA,2021,"14,75"
FISCAL,GESTÃO ADEQUADA DAS DESPESAS,GESTÃO DO GASTO PÚBLICO,QUALIDADE DO GASTO PÚBLICO,179,L 1,182,N/A,SMF,Despesa de pessoal/Receita corrente líquida: percentual da depesas totais (salário + engargos + vales transporte e alimentação + plano de saúde) e de pessoal em relação a receita corrente líquida,"< 51,3%","51,3% a 54%",> 54%,2021,"45,61"
FISCAL,GESTÃO ADEQUADA DAS DESPESAS,GESTÃO DO GASTO PÚBLICO,QUALIDADE DO GASTO PÚBLICO,180,NOVO,183,N/A,SMF,Porcentagem das despesas com contratação de pessoal tercerizado (terceiros PJ + PF +  locação de mão de obra) em relação a receita total líquida.,sem valor de referência,Não Informado,Não Informado,2021,"4,22"
FISCAL,Gestao Adequada da Divida,Divida,SUSTENTABILIDADE DA DÍVIDA,181,131,184,9.2.2004,SMF/FNR,Crescimento do serviço da dívida: Porcentagem dos juros da dívida em relação a receita própria,< 5%,5% - 10%,> 10%,2021,11
FISCAL,Gestao Adequada da Divida,Divida,SUSTENTABILIDADE DA DÍVIDA,182,132,185,N/A,SMF,Crescimento da dívida: Porcentagem de crescimento da dívida (Emprestimos de curto e longo prazo),A taxa de crescimento real anual é negativa,A taxa de crescimento real anual está entre 0% e 2%,A taxa de crescimento real anual é superior a 2%,2021,"-2,04"
FISCAL,Gestao Adequada da Divida,Divida,LEI DE RESPONSABILIDADE FISCAL,183,L 2,186,N/A,SMF,Dívida consolidada líquida/Receita corrente líquida: Porcentagem da dívida consolidada líquida em relação a receita corrente líquida,< 50%,50% a 60%,> 60%,2021,"31,82"
FISCAL,Gestao Adequada da Divida,Divida,LEI DE RESPONSABILIDADE FISCAL,184,L 3,187,N/A,SMF,Operação de Crédito/Receita Corrente Líquida:Porcentagem do valor das operações de crédito contratadas no ano em relação a receita corrente líquida,Menor 10%,Entre 10 e 16%,Acima 16%,2021,4
AMBIENTAL,MANEJO AMBIENTAL E CONSUMO DOS RECURSOS NATURAIS,ÁGUA,COBERTURA DE ÁGUA,1,1,1,7.1.2001,CASAN/FNR,Porcentagem de pessoas com serviço de abastecimento de água potável em relação à população total do município,> 90%–100%,75%–90%,< 75%,2022,100
AMBIENTAL,MANEJO AMBIENTAL E CONSUMO DOS RECURSOS NATURAIS,ÁGUA,EFICIÊNCIA NO USO DA ÁGUA,2,2,2,7.1.2005,CASAN/FNR,Quantidade total do consumo de água em litros por dia dividida pelo total da população. Inclui uso não doméstico.,120–200,80–120 ou 200–250,< 80 ou > 250,2022,"1,726"
AMBIENTAL,MANEJO AMBIENTAL E CONSUMO DOS RECURSOS NATURAIS,ÁGUA,EFICIÊNCIA NO SERVIÇO DE ABASTECIMENTO DE ÁGUA,3,3,3,N/A,CASAN,Média anual de horas/dia em que há o fornecimento contínuo de água.,> 20 h/dia,12–20 h/dia,< 12 h/dia,2022,"23,98"
AMBIENTAL,MANEJO AMBIENTAL E CONSUMO DOS RECURSOS NATURAIS,ÁGUA,EFICIÊNCIA NO SERVIÇO DE ABASTECIMENTO DE ÁGUA,4,4,4,7.1.2004,CASAN/FNR,Qualidade da água: Porcentagem do número total de testes conformes em relação ao número total de testes de qualidade de água tratada realizados.,> 97%,90%–97%,< 90%,2022,"97,2"
AMBIENTAL,MANEJO AMBIENTAL E CONSUMO DOS RECURSOS NATURAIS,ÁGUA,EFICIÊNCIA NO SERVIÇO DE ABASTECIMENTO DE ÁGUA,5,5,5,7.1.2006,CASAN/FNR,Água não contabilizada = Índice de perdas na distribuição de água.,0%–30%,30%–45%,> 45%,2022,"39,3"
AMBIENTAL,MANEJO AMBIENTAL E CONSUMO DOS RECURSOS NATURAIS,SANEAMENTO E DRENAGEM,COBERTURA DE SANEAMENTO,7,7,7,N/A,CASAN,Porcentagem de moradias com ligação ao sistema de esgoto,> 75%,75%–60%,< 60%,2022,"68,39"
AMBIENTAL,MANEJO AMBIENTAL E CONSUMO DOS RECURSOS NATURAIS,SANEAMENTO E DRENAGEM,TRATAMENTO DE ÁGUA RESIDUÁRIAS,8,8,8,N/A,CASAN,Porcentagem de águas residuais ou efluente (águas de esgoto) tratadas: total de m³ de águas residuais que entram anualmente nas estações de tratamento dividido pelo total de m³ de água faturadas.,> 60%,40%–60%,< 40%,2022,"62,69"
AMBIENTAL,MANEJO AMBIENTAL E CONSUMO DOS RECURSOS NATURAIS,SANEAMENTO E DRENAGEM,EFETIVIDADE DA DRENAGEM,9,9,9,N/A,SMSP,Porcentagem anual de moradias afetadas por inundações intensas decorrentes de transbordamentos dos sistemas de drenagem e esgoto e de inundações causadas por rios e marés.,"< 0,5%","0,5–3",> 3%,2022,11
AMBIENTAL,MANEJO AMBIENTAL E CONSUMO DOS RECURSOS NATURAIS,GESTÃO DE RESÍDUOS  SÓLIDOS,COBERTURA COLETA DE RESÍDUOS SÓLIDOS,10,10,10,N/A,COMCAP,Porcentagem das moradias com coleta regular de resíduos sólidos.,90%–100%,80%–90%,< 80%,2022,100
AMBIENTAL,MANEJO AMBIENTAL E CONSUMO DOS RECURSOS NATURAIS,GESTÃO DE RESÍDUOS  SÓLIDOS,VOLUME DE RESIDUOS SÓLIDOS,11,L 5,11,N/A,COMCAP,"Toneladas totais de resíduos sólidos recolhidos (lixo convencional, coleta seletiva, lixo hospitalar, lixo pesado).",Sem valor de referência,Não Informado,Não Informado,2022,"227,444"
AMBIENTAL,MANEJO AMBIENTAL E CONSUMO DOS RECURSOS NATURAIS,GESTÃO DE RESÍDUOS  SÓLIDOS,VOLUME DE RESIDUOS SÓLIDOS,12,NOVO,12,N/A,COMCAP,"Quantidade (kg) de resíduos sólidos coletados por habitante, por dia (população projetada IBGE)","≤ 1,0","1,01 - 1,5",">1,5",2022,"01,09"
AMBIENTAL,MANEJO AMBIENTAL E CONSUMO DOS RECURSOS NATURAIS,GESTÃO DE RESÍDUOS  SÓLIDOS,DISPOSIÇÃO FINAL DOS RESÍDUOS SÓLIDOS,13,11,13,7.3.2005,COMCAP/FNR,Porcentagem de resíduos sólidos municipais depositados em aterros sanitários,<35%,36%- 50%,> 50%,2022,"88,82"
AMBIENTAL,MANEJO AMBIENTAL E CONSUMO DOS RECURSOS NATURAIS,GESTÃO DE RESÍDUOS  SÓLIDOS,TRATAMENTO DOS                                                                    RESÍDUOS SÓLIDOS,15,14,15,N/A,COMCAP,Porcentagem de resíduos sólidos municipais compostados pela Prefeitura,> 20%,5%–20%,< 5%,2022,"3,58"
AMBIENTAL,MANEJO AMBIENTAL E CONSUMO DOS RECURSOS NATURAIS,GESTÃO DE RESÍDUOS  SÓLIDOS,TRATAMENTO DOS                                                                    RESÍDUOS SÓLIDOS,16,15,16,7.3.2004,COMCAP/FNR,Porcentagem de resíduos sólidos separados e classificados para reciclagem,> 25%,15%–25%,< 15%,2022,"7,6"
AMBIENTAL,MANEJO AMBIENTAL E CONSUMO DOS RECURSOS NATURAIS,GESTÃO DE RESÍDUOS  SÓLIDOS,TRATAMENTO DOS                                                                    RESÍDUOS SÓLIDOS,17,16,17,7.3.2006,COMCAP/FNR,Porcentagem de resíduos sólidos tratados em usinas de geração de energia a partir de resíduos em relação ao total de resíduos sólidos produzidos.,> 20 %,10%- 19%,< 10%,2022,0
AMBIENTAL,MANEJO AMBIENTAL E CONSUMO DOS RECURSOS NATURAIS,ENERGIA,COBERTURA ENERGÉTICA,18,17,18,N/A,CELESC,Porcentagem de domicílios(residenciais) com ligação autorizada à energia elétrica,90%–100%,70%–90%,< 70%,2022,"271,23"
AMBIENTAL,MANEJO AMBIENTAL E CONSUMO DOS RECURSOS NATURAIS,ENERGIA,COBERTURA ENERGÉTICA,19,,20,7.4.2006,SC GÁS /FNR,Número de conexões de serviço de distribuição de gás - residencial (por 100 mil habitantes),> 54.000,> 33.000 = < 54.000,< 33.000,2022,"3,506"
AMBIENTAL,MANEJO AMBIENTAL E CONSUMO DOS RECURSOS NATURAIS,ENERGIA,COBERTURA ENERGÉTICA,20,19,21,7.4.2007,CELESC /FNR,"Média de interrupção do fornecimento de energia elétrica por domicílio/ano, expresso em h/domicílio/ano",< 7h,7–10h,> 10h,2022,"5,77"
AMBIENTAL,MANEJO AMBIENTAL E CONSUMO DOS RECURSOS NATURAIS,ENERGIA,EFICIÊNCIA ENERGÉTICA,21,21,22,N/A,CELESC,Consumo anual de eletricidade por cliente residencial em Kw/h,1500–3500 kWh/por domicílio/ano,"900–1500 kWh/por domicílio/ano
3500–5000 kWh/por domicílio/ano","< 900 kWh/por domicílio/ano
> 5000 kWh/por domicílio/ano",2022,"2,975"
AMBIENTAL,MANEJO AMBIENTAL E CONSUMO DOS RECURSOS NATURAIS,ENERGIA,EFICIÊNCIA ENERGÉTICA,22,NOVO,23,N/A,COSIP,Porcentagem da iluminação pública que utiliza a tecnologia LED,50%,50% - 30%,< 30%,2022,"17,5"
AMBIENTAL,MANEJO AMBIENTAL E CONSUMO DOS RECURSOS NATURAIS,ENERGIA,ENERGIA ALTERNATIVA E RENOVÁVEL,23,,25,7.4.2004,CELESC /FNR,Energia proveniente de fontes renováveis (porcentagem),> 50%,20%–50%,< 20%,2022,"1,95"
AMBIENTAL,REDUÇÃO DA VULNERABILIDADE DIANTE DE DESASTRES NATURAIS E ADAPTAÇÃO À MUDANÇA DO CLIMA,VULNERABILIDADE FRENTE A DESASTRES NATURAIS NO CONTEXTO DA MUDANÇA CLIMÁTICA,CAPACIDADE DE ADAPTAÇÃO À MUDANÇA CLIMÁTICA E A EVENTOS NATURAIS EXTREMOS,28,30,30,N/A,SMSP/Defesa Civil,"Mapas de risco: porcentagem das áreas sujeitas a riscos decorrentes de deslizamentos, inundações costeiras e fluviais, mapeadas na escala 1:10.000, com grau de risco alto, médio ou baixo risco.",acima de 90%,"de 60 a 89,99%",abaixo de 60%,2022,100
AMBIENTAL,REDUÇÃO DA VULNERABILIDADE DIANTE DE DESASTRES NATURAIS E ADAPTAÇÃO À MUDANÇA DO CLIMA,VULNERABILIDADE FRENTE A DESASTRES NATURAIS NO CONTEXTO DA MUDANÇA CLIMÁTICA,CAPACIDADE DE ADAPTAÇÃO À MUDANÇA CLIMÁTICA E A EVENTOS NATURAIS EXTREMOS,29,34,31,N/A,SMSP,"Porcentagem das áreas de risco e vulnerabilidades da cidade (áreas de risco de deslizamento, de inundação costeira e pluvial, de vulnerabilidade social, de interrupções das pontes, de secas com comprometimento de abastecimento de água, apagões e de congestionamento viário extremo) que possuem planos de contingência adequados e atualizados.",acima de 90%,"de 60 a 89,99%",abaixo de 60%,2022,100
AMBIENTAL,REDUÇÃO DA VULNERABILIDADE DIANTE DE DESASTRES NATURAIS E ADAPTAÇÃO À MUDANÇA DO CLIMA,VULNERABILIDADE FRENTE A DESASTRES NATURAIS NO CONTEXTO DA MUDANÇA CLIMÁTICA,CAPACIDADE DE ADAPTAÇÃO À MUDANÇA CLIMÁTICA E A EVENTOS NATURAIS EXTREMOS,30,35,32,N/A,SMSP,Porcentagem dos planos de contingência de riscos que possui alerta precoce,acima de 90%,"de 60 a 89,99%",abaixo de 60%,2022,100
AMBIENTAL,REDUÇÃO DA VULNERABILIDADE DIANTE DE DESASTRES NATURAIS E ADAPTAÇÃO À MUDANÇA DO CLIMA,VULNERABILIDADE FRENTE A DESASTRES NATURAIS NO CONTEXTO DA MUDANÇA CLIMÁTICA,CAPACIDADE DE ADAPTAÇÃO À MUDANÇA CLIMÁTICA E A EVENTOS NATURAIS EXTREMOS,31,38,33,N/A,SMSP,Porcentagem da Lei Orçamentária Anual (LOA) planejados para mitigação dos riscos de desastres naturais e mudanças climáticas,"acima de 0,5%","0,5 a 0,3%","abaixo de 0,3%",2022,125
AMBIENTAL,REDUÇÃO DA VULNERABILIDADE DIANTE DE DESASTRES NATURAIS E ADAPTAÇÃO À MUDANÇA DO CLIMA,VULNERABILIDADE FRENTE A DESASTRES NATURAIS NO CONTEXTO DA MUDANÇA CLIMÁTICA,SUSTENTABILIDADE A DESASTRES NATURAIS,32,,35,6.5.2002,SMSP/Defesa Civil/FRN,Número de edificações em áreas de risco.,Não Informado,Não Informado,Não Informado,2022,1080
URBANO,CONTROLE DO CRESCIMENTO E MELHORIA DO HABITAT URBANO,USO DO SOLO / ORDENAMENTO TERRITORIAL,DENSIDADE,33,41,36,N/A,IPUF,Porcentagem de crescimento anual da quilometragem da malha urbana,< 3%,3%–5%,> 5%,2022,"0,84"
URBANO,CONTROLE DO CRESCIMENTO E MELHORIA DO HABITAT URBANO,USO DO SOLO / ORDENAMENTO TERRITORIAL,DENSIDADE,34,42,37,N/A,IPUF,Quantidade de população por km² de área urbanizada (exclui-se as áreas de agricultura e açudes de mais de 5 km),7.000 - 20.000,4.000–7.000; 20.000–25.000,< 4.000;                                         > 25.000,2022,"5,113"
URBANO,CONTROLE DO CRESCIMENTO E MELHORIA DO HABITAT URBANO,USO DO SOLO / ORDENAMENTO TERRITORIAL,DENSIDADE,35,L 8,38,N/A,IPUF,Porcentagem de crescimento demográfico,<1%,"1% - 1,5%","> 1,5%",2022,"04,01"
URBANO,CONTROLE DO CRESCIMENTO E MELHORIA DO HABITAT URBANO,USO DO SOLO / ORDENAMENTO TERRITORIAL,Não Informado,37,44,40,N/A,SMDU,Déficit de moradias quantitativo,< 10%,10%–25%,> 20%,2022,"21,705"
URBANO,CONTROLE DO CRESCIMENTO E MELHORIA DO HABITAT URBANO,USO DO SOLO / ORDENAMENTO TERRITORIAL,ÁREAS VERDE E DE RECREAÇÃO,38,45,41,N/A,IPUF,Quantidade de hectares de áreas verdes permanentes de lazer (de acordo com o Plano Diretor) para cada 100.000 habitantes (população projetada IBGE),> 50,20–50,< 20,2022,"5,438"
URBANO,CONTROLE DO CRESCIMENTO E MELHORIA DO HABITAT URBANO,USO DO SOLO / ORDENAMENTO TERRITORIAL,Não Informado,40,NOVO,43,N/A,IPUF,Porcentagem das edificações em áreas de conflito ambiental: quantidade de edificações irregulares dividido pelo total das edificações.,"< 0,5%","0,6% - 2%",> 2 %,2022,"9,69"
URBANO,CONTROLE DO CRESCIMENTO E MELHORIA DO HABITAT URBANO,USO DO SOLO / ORDENAMENTO TERRITORIAL,Não Informado,41,L 10,44,6.1.2001,FLORAM,Áreas naturais protegidas: porcentagem de Unidades de Conservação (UC) com plano de manejo.,acima de 90%,"de 60 a 89,99%",abaixo de 60%,2022,"41,6"
URBANO,CONTROLE DO CRESCIMENTO E MELHORIA DO HABITAT URBANO,USO DO SOLO / ORDENAMENTO TERRITORIAL,Não Informado,42,,45,6.1.2002,IPUF/FNR,"Porcentagem da área total terrestre do município designada para proteção ambiental por meio de legislação federal, estadual ou municipal.",Não Informado,Não Informado,Não Informado,2022,"59,6"
URBANO,CONTROLE DO CRESCIMENTO E MELHORIA DO HABITAT URBANO,USO DO SOLO / ORDENAMENTO TERRITORIAL,PLANEJAMENTO DO SOLO,43,L 4,46,1.9.2001,SMPIU,Porcentagem de área parcelada irregularmente sobre área urbanizável. (Floripa em Números = Núcelos Urbanos informais),< 10%,10% - 25%,> 25%,2022,"39,81"
URBANO,CONTROLE DO CRESCIMENTO E MELHORIA DO HABITAT URBANO,DESIGUALDADE URBANA,POBREZA,45,,48,5.2.2008,SEMAS/FNR,População vivendo abaixo da linha nacional de pobreza (porcentagem),Não Informado,Não Informado,Não Informado,2022,"9,11"
URBANO,CONTROLE DO CRESCIMENTO E MELHORIA DO HABITAT URBANO,DESIGUALDADE URBANA,POBREZA,46,L 11,49,5.1.2001,IPUF,Porcentagem de Áreas Especiais de Interesse Social (AEIS) e Zonas Especiais de Interesse Social (ZEIS) em relação à Macro área de Uso Urbano definida pelo Plano Diretor.,sem valor de referência,Não Informado,Não Informado,2022,"17,42"
URBANO,CONTROLE DO CRESCIMENTO E MELHORIA DO HABITAT URBANO,DESIGUALDADE URBANA,POBREZA,47,L 12,50,N/A,SMDU,"Porcentagem de Domicílios em Áreas Especiais de Interesse Social (AEIS) e nas Zonas Especial de Interesse Social (ZEIS), em relação aos domicílios municipais",sem valor de referência,Não Informado,Não Informado,2022,38
URBANO,CONTROLE DO CRESCIMENTO E MELHORIA DO HABITAT URBANO,DESIGUALDADE URBANA,SEGREGAÇÃO SOCIOESPACIAL,48,,52,1.9.2003,SMDU/FNR,Percentual de moradias sem títulos legais de propriedade em relação ao número total de moradias.,Não Informado,Não Informado,Não Informado,2022,"3,94"
URBANO,CONTROLE DO CRESCIMENTO E MELHORIA DO HABITAT URBANO,DESIGUALDADE URBANA,DESIGUALDADE DE RENDA,51,51,55,5.2.10,SEMAS/FRN,Coeficiente de Gini da renda (Fonte: PENAD Contínua do IBGE),"< 0,40","0,40–0,49","> 0,49",2022,419
URBANO,CONTROLE DO CRESCIMENTO E MELHORIA DO HABITAT URBANO,DESIGUALDADE URBANA,DESIGUALDADE DE RENDA,52,L 17,56,N/A,SMTTDE,Remuneração média dos trabalhadores formais (Fonte: Secretaria do Trabalho - RAIS),Acima de R$ 3.280,R$ 2.569 a R$ 3.280,R$ 788  a R$ 2.568,2022,"5,459"
URBANO,PROMOÇÃO DO TRANSPORTE URBANO SUSTENTÁVEL,MOBILIDADE / TRANSPORTE,INFRAESTRUTURA DE TRANSPORTE EQUILIBRADA,53,52,57,N/A,SMPIU,Quilômetros de vias públicas por 100 mil habitantes (População projetada do IBGE),< 300,300–400,> 400,2022,"334,3"
URBANO,PROMOÇÃO DO TRANSPORTE URBANO SUSTENTÁVEL,MOBILIDADE / TRANSPORTE,INFRAESTRUTURA DE TRANSPORTE EQUILIBRADA,54,NOVO,58,2.5.2003,SMPU,Porcentagem de vias públicas não pavimentadas em relação ao total de quilômetros de vias públicas,< 5%,5%-10%,> 10%,2022,"6,65"
URBANO,PROMOÇÃO DO TRANSPORTE URBANO SUSTENTÁVEL,MOBILIDADE / TRANSPORTE,INFRAESTRUTURA DE TRANSPORTE EQUILIBRADA,55,,59,2.1.2005,SMTI/FNR,"Comprimento total (km) dos sistemas de transporte público em operação na cidade dividido pela população total da cidade, expresso km por 100.000 habitantes.",Não Informado,Não Informado,Não Informado,2022,"1,282"
URBANO,PROMOÇÃO DO TRANSPORTE URBANO SUSTENTÁVEL,MOBILIDADE / TRANSPORTE,INFRAESTRUTURA DE TRANSPORTE EQUILIBRADA,56,53,60,2.1.2004,SMTI,Quilômetros de vias dedicadas exclusivamente ao  transporte público por 100 mil habitantes (população projetada do IBGE),> 40,10–40,< 10,2022,197
URBANO,PROMOÇÃO DO TRANSPORTE URBANO SUSTENTÁVEL,MOBILIDADE / TRANSPORTE,INFRAESTRUTURA DE TRANSPORTE EQUILIBRADA,57,54,61,somar: 2.2.2 + 2.2.3 + 2.2.4,SMTI/FNR,"Quilômetros de ciclovias, ciclofaixas e ciclorotas por 100 mil habitantes (população projetada IBGE)",> 25,15–25,< 15,2022,"40,06"
URBANO,PROMOÇÃO DO TRANSPORTE URBANO SUSTENTÁVEL,MOBILIDADE / TRANSPORTE,INFRAESTRUTURA DE TRANSPORTE EQUILIBRADA,58,NOVO,62,N/A,SMTI,"Porcentagem de km de ciclovias, ciclofaixas e ciclorotas em relação ao total de km de vias  da cidade",>25%,25%-15%,<15%,2022,"11,98"
URBANO,PROMOÇÃO DO TRANSPORTE URBANO SUSTENTÁVEL,MOBILIDADE / TRANSPORTE,INFRAESTRUTURA DE TRANSPORTE EQUILIBRADA,60,NOVO,64,N/A,SMTI,"Porcentagem de km de calçadas e calçadões pavimentados, em relação ao total de km de vias",>70%,70%-50%,<50%,2022,60
URBANO,PROMOÇÃO DO TRANSPORTE URBANO SUSTENTÁVEL,MOBILIDADE / TRANSPORTE,INFRAESTRUTURA DE TRANSPORTE EQUILIBRADA,61,NOVO,65,N/A,SMTI,Quilometragem média/mês rodada pela frota de transporte público,sem valor de referência,Não Informado,Não Informado,2022,"2,75"
URBANO,PROMOÇÃO DO TRANSPORTE URBANO SUSTENTÁVEL,MOBILIDADE / TRANSPORTE,INFRAESTRUTURA DE TRANSPORTE EQUILIBRADA,62,NOVO,66,N/A,SMTI,Quantidade média/mês de pessoas transportadas pelo transporte público,sem valor de referência,Não Informado,Não Informado,2022,"4,603"
URBANO,PROMOÇÃO DO TRANSPORTE URBANO SUSTENTÁVEL,MOBILIDADE / TRANSPORTE,INFRAESTRUTURA DE TRANSPORTE EQUILIBRADA,63,NOVO,67,N/A,SMTI,Custo anual do sistema de transporte público (subsídio + custo do consórcio) por pessoa transportada,sem valor de referência,Não Informado,Não Informado,2022,"5,27"
URBANO,PROMOÇÃO DO TRANSPORTE URBANO SUSTENTÁVEL,MOBILIDADE / TRANSPORTE,INFRAESTRUTURA DE TRANSPORTE EQUILIBRADA,64,NOVO,68,N/A,SMTI,Velocidade média/mês da frota de transporte público,>30%,30%–15%,< 15%,2022,"23,53"
URBANO,PROMOÇÃO DO TRANSPORTE URBANO SUSTENTÁVEL,MOBILIDADE / TRANSPORTE,INFRAESTRUTURA DE TRANSPORTE EQUILIBRADA,65,NOVO,69,N/A,SMTI,Média/mês da capacidade ofertada para o transporte de pessoas no sistema de transporte público,sem valor de referência,Não Informado,Não Informado,2022,"16,3"
URBANO,PROMOÇÃO DO TRANSPORTE URBANO SUSTENTÁVEL,MOBILIDADE / TRANSPORTE,INFRAESTRUTURA DE TRANSPORTE EQUILIBRADA,67,NOVO,71,N/A,SMTI,Média/litros/mês do consumo de óleo diesel da frota de transporte público (Fonte: Consórcio Fênix),sem valor de referência,Não Informado,Não Informado,2022,"834,462"
URBANO,PROMOÇÃO DO TRANSPORTE URBANO SUSTENTÁVEL,MOBILIDADE / TRANSPORTE,TRANSPORTE LIMPO,68,NOVO,72,N/A,SMTI,Porcentagem da frota de transporte público movida a energia elétrica,> 20%,20%–10%,< 10%,2022,0
URBANO,PROMOÇÃO DO TRANSPORTE URBANO SUSTENTÁVEL,MOBILIDADE / TRANSPORTE,TRANSPORTE LIMPO,69,NOVO,73,N/A,SMTI,Porcentagem da frota de transporte público com ar condicionado,> 70%,70%–50%,< 50%,2022,18
URBANO,PROMOÇÃO DO TRANSPORTE URBANO SUSTENTÁVEL,MOBILIDADE / TRANSPORTE,TRANSPORTE LIMPO,70,57,74,N/A,SMTI,Idade média da frota do transporte público,< 6,6–12,> 12,2022,8
URBANO,PROMOÇÃO DO TRANSPORTE URBANO SUSTENTÁVEL,MOBILIDADE / TRANSPORTE,TRANSPORTE SEGURO,71,58,75,10.2.2001,SSP/FNR,Vítimas mortais de acidentes de trânsito por 100 mil habitantes,< 10,10–20,> 20,2022,"5,9"
URBANO,PROMOÇÃO DO TRANSPORTE URBANO SUSTENTÁVEL,MOBILIDADE / TRANSPORTE,TRANSPORTE SEGURO,72,NOVO,76,N/A,SMS,Quantidade anual de pessoas hospitalizadas por acidentes de trânsito por 100.000 habitantes (população projetada IBGE),sem valor de referência,Não Informado,Não Informado,2022,"20,36"
URBANO,PROMOÇÃO DO TRANSPORTE URBANO SUSTENTÁVEL,MOBILIDADE / TRANSPORTE,MENOS CONGESTIONAMENTO,73,59,77,N/A,SMTI,Velocidade média de viagem (transporte público e privado) nas principais vias públicas durante os horários de pico,> 30,15–30,< 15,2022,"20,12"
URBANO,PROMOÇÃO DO TRANSPORTE URBANO SUSTENTÁVEL,MOBILIDADE / TRANSPORTE,MENOS CONGESTIONAMENTO,74,60,78,2.4.2001,SMTI/FNR,"Número de veículos de uso pessoal (automóveis, SUV's, etc) registrados no DETRAN local (exceto táxis) per capita (população projetada IBGE)","< 0,3","0,3–0,4","> 0,4",2022,722
URBANO,PROMOÇÃO DO TRANSPORTE URBANO SUSTENTÁVEL,MOBILIDADE / TRANSPORTE,TRANSPORTE ECONÔMICO,75,62,79,N/A,SMTI,Índice de acessibilidade (Salário Mínimo Nacional/(44 viagens mês* valor da tarifa em dinheiro)),Até 5%,5%–10%,> 10%,2022,5
URBANO,PROMOÇÃO DO DESENVOLVIMENTO ECONÔMICO LOCAL COMPETITIVO SUSTENTÁVEL,AMBIENTE DE NEGÓCIOS,REG. NEGÓCIOS E INVESTIMENTOS,76,65,80,N/A,SMDECT,Quantidade de dias para abrir uma empresa,< 12,12–20,> 20,2022,12
URBANO,PROMOÇÃO DO DESENVOLVIMENTO ECONÔMICO LOCAL COMPETITIVO SUSTENTÁVEL,TECIDO PRODUTIVO,GESTÃO ESTRATÉGICA DA INFRAESTRUTURA,77,NOVO,81,N/A,FLORIPA AIRPORT,Tonelada de carga transportada pelo aeroporto em comparação com a sua capacidade máxima (Fonte: Infraero e aeroporto),sem valor de referência,Não Informado,Não Informado,2022,"2,5"
URBANO,PROMOÇÃO DO DESENVOLVIMENTO ECONÔMICO LOCAL COMPETITIVO SUSTENTÁVEL,TECIDO PRODUTIVO,GESTÃO ESTRATÉGICA DA INFRAESTRUTURA,78,NOVO,82,N/A,FLORIPA AIPORT,Quantidade de pessoas transportadas pelo aeroporto ano- Consultar Infraero e aeroporto,sem valor de referência,Não Informado,Não Informado,2022,"3,393"
URBANO,PROMOÇÃO DO DESENVOLVIMENTO ECONÔMICO LOCAL COMPETITIVO SUSTENTÁVEL,TECIDO PRODUTIVO,GESTÃO ESTRATÉGICA DA INFRAESTRUTURA,80,NOVO,84,N/A,SIE,Quantidade de pessoas transportadas pela rodoviária ano (Fonte: rodoviária e Deter),sem valor de referência,Não Informado,Não Informado,2022,"791,428"
URBANO,PROMOÇÃO DO DESENVOLVIMENTO ECONÔMICO LOCAL COMPETITIVO SUSTENTÁVEL,TECIDO PRODUTIVO,CRESCIMENTO PRODUTIVO,81,67,85,8.2.2001,SMDECT/SIE/FRN,PIB per capita da cidade (Fonte IBGE - Estatisticas),>US$ 9.000,US$ 3.000–US$ 9.000,< US$ 3.000,2022,"41,885"
URBANO,PROMOÇÃO DO DESENVOLVIMENTO ECONÔMICO LOCAL COMPETITIVO SUSTENTÁVEL,TECIDO PRODUTIVO,CRESCIMENTO PRODUTIVO,82,68,86,N/A,SMTDI,Taxa de crescimento do PIB per capita da cidade (Fonte: IBGE Estatísticas),"> 2,5%
O crescimento do PIB per capita da cidade é positivo e superior ao crescimento do PIB nacional (2)","2-2,5%
O crescimento do PIB per capita da cidade é positivo e igual ou similar ao crescimento do PIB nacional (1)","<2%
O crescimento do PIB per capita da cidade é positivo e igual ou similar ao ao crescimento do PIB nacional (0)",2022,"4,46"
URBANO,PROMOÇÃO DO DESENVOLVIMENTO ECONÔMICO LOCAL COMPETITIVO SUSTENTÁVEL,TECIDO PRODUTIVO,CRESCIMENTO PRODUTIVO,83,L 13,87,N/A,"Secretaria Executiva de Desenvolvimento Econômico, Ciência e Tecnologia",Porcentagem do PIB de Florianópolis em relação ao PIB de SC,> maior que a inflação,igual a inflação,< que a inflação,2022,"6,1"
URBANO,PROMOÇÃO DO DESENVOLVIMENTO ECONÔMICO LOCAL COMPETITIVO SUSTENTÁVEL,TECIDO PRODUTIVO,CRESCIMENTO PRODUTIVO,84,EBA 1,88,N/A,SMTDI,Taxa de crescimento do PIB da cidade (Fonte: IBGE Estatisticas),">3,5%
O crescimento do PIB da cidade é positivo e superior ao crescimento do PIB nacional (2)","3-3,5%
O crescimento do PIB  da cidade é positivo e igual ou similar ao crescimento do PIB nacional (1)","<3%
O crescimento do PIB da cidade é positivo e igual ou similar ao ao crescimento do PIB nacional (0)",2022,"2,97"
URBANO,PROMOÇÃO DO DESENVOLVIMENTO ECONÔMICO LOCAL COMPETITIVO SUSTENTÁVEL,MERCADO LABORAL,DESEMPREGO,85,69,89,8.1.2005,SMTDI/FNR,Taxa de desemprego (Fonte: IBGE - ESTATISTICAS - PNAD Contínua),< 7%,7%–12%,> 12%,2022,"5,37"
URBANO,PROMOÇÃO DO DESENVOLVIMENTO ECONÔMICO LOCAL COMPETITIVO SUSTENTÁVEL,MERCADO LABORAL,EMPREGO FORMAL,86,NOVO,90,8.1.2007,SMTDI/FNR,Porcentagem da população ocupada - Formal (Fonte: IBGE - ESTATISTICAS - PNAD Contínua) https://cidades.ibge.gov.br/brasil/sc/florianopolis/panorama,> 75%,75% - 65%,< 65%,2022,72
URBANO,PROMOÇÃO DO DESENVOLVIMENTO ECONÔMICO LOCAL COMPETITIVO SUSTENTÁVEL,MERCADO LABORAL,EMPREGO INFORMAL,87,70,91,N/A,SMTDI,Emprego informal como porcentagem do emprego total (Fonte: IBGE - ESTATISTICAS - PNAD Contínua) https://cidades.ibge.gov.br/brasil/sc/florianopolis/panorama,< 20%,20%–35%,> 35%,2022,"28,4"
URBANO,OFERTA DE SERVIÇOS SOCIAIS DE ALTO NÍVEL E PROMOÇÃO DA COESÃO SOCIAL,EDUCAÇÃO,QUALIDADE DO ENSINO,89,76,94,N/A,SME,Taxa de analfabetismo de pessoas acima de 15 anos,"< 0,5%","0,5% - 2%",> 2%,2022,"1,6"
URBANO,OFERTA DE SERVIÇOS SOCIAIS DE ALTO NÍVEL E PROMOÇÃO DA COESÃO SOCIAL,EDUCAÇÃO,QUALIDADE DO ENSINO,90,77,95,N/A,SME,Porcentagem de Estudantes do ensino fundamental com nível satisfatório em provas padronizadas (IDEB) de Leitura,>=70%,69%–50%,> 50%,2022,35
URBANO,OFERTA DE SERVIÇOS SOCIAIS DE ALTO NÍVEL E PROMOÇÃO DA COESÃO SOCIAL,EDUCAÇÃO,QUALIDADE DO ENSINO,91,78,96,N/A,SME,Porcentagem de Estudantes do ensino fundamental com nível satisfatório em provas padronizadas (IDEB) de Matemática,>=70%,69%–50%,> 50%,2022,18
URBANO,OFERTA DE SERVIÇOS SOCIAIS DE ALTO NÍVEL E PROMOÇÃO DA COESÃO SOCIAL,EDUCAÇÃO,QUALIDADE DO ENSINO,92,79,97,N/A,SME,Quantidade de alunos por professor nas escolas públicas,< 15:1,Entre 15:1 e 25:1,> 25:1,2022,"16,06"
URBANO,OFERTA DE SERVIÇOS SOCIAIS DE ALTO NÍVEL E PROMOÇÃO DA COESÃO SOCIAL,EDUCAÇÃO,ASSISTÊNCIA ESCOLAR,93,80,98,N/A,SME,Número de estudantes matriculados na pré-escola e recebem atendimento integral,Não Informado,Não Informado,Não Informado,2022,4270
URBANO,OFERTA DE SERVIÇOS SOCIAIS DE ALTO NÍVEL E PROMOÇÃO DA COESÃO SOCIAL,EDUCAÇÃO,ASSISTÊNCIA ESCOLAR,94,81,99,N/A,SME,Número de estudantes matriculados nos anos iniciais do ensino fundamental (6 a 11 anos),Não Informado,Não Informado,Não Informado,2022,"31,598"
URBANO,OFERTA DE SERVIÇOS SOCIAIS DE ALTO NÍVEL E PROMOÇÃO DA COESÃO SOCIAL,EDUCAÇÃO,ASSISTÊNCIA ESCOLAR,95,82,100,N/A,SME,Número de estudantes matriculados nos anos finais do ensino fundamental (12 a 15 anos),Não Informado,Não Informado,Não Informado,2022,"24,842"
URBANO,OFERTA DE SERVIÇOS SOCIAIS DE ALTO NÍVEL E PROMOÇÃO DA COESÃO SOCIAL,EDUCAÇÃO,ASSISTÊNCIA ESCOLAR,96,83,101,N/A,SEE,Número de estudantes matriculados no ensino médio (16 a 18 anos),Não Informado,Não Informado,Não Informado,2022,"18,038"
URBANO,OFERTA DE SERVIÇOS SOCIAIS DE ALTO NÍVEL E PROMOÇÃO DA COESÃO SOCIAL,EDUCAÇÃO,ASSISTÊNCIA ESCOLAR,97,,102,4.1.2003,SEE/FNR,Porcentagem de estudantes que completam o último ano do ensino médio em relação ao total de estudantes originalmente matriculados no primeiro ano do ensino médio.,Não Informado,Não Informado,Não Informado,2022,"54,7"
URBANO,OFERTA DE SERVIÇOS SOCIAIS DE ALTO NÍVEL E PROMOÇÃO DA COESÃO SOCIAL,EDUCAÇÃO,ASSISTÊNCIA ESCOLAR,98,NOVO,103,N/A,SME,Número de crianças com necessidades especiais matriculadas na Educação Básica (4 a 17 anos),sem valor de referência,Não Informado,Não Informado,2022,"3,084"
URBANO,OFERTA DE SERVIÇOS SOCIAIS DE ALTO NÍVEL E PROMOÇÃO DA COESÃO SOCIAL,EDUCAÇÃO,ASSISTÊNCIA ESCOLAR,99,NOVO,104,N/A,SME,Porcentagem das escolas que cumprem a Lei de Acessibilidade,> 95%,95% - 90%,< 90%,2022,"96,46"
URBANO,OFERTA DE SERVIÇOS SOCIAIS DE ALTO NÍVEL E PROMOÇÃO DA COESÃO SOCIAL,EDUCAÇÃO,ENSINO SUPERIOR,100,,103,4.1.2006,SME/FNR,Número de pessoas com ensino superior completo acima de 25 anos (por 100 mil habitantes),Não Informado,Não Informado,Não Informado,2022,383891
URBANO,OFERTA DE SERVIÇOS SOCIAIS DE ALTO NÍVEL E PROMOÇÃO DA COESÃO SOCIAL,SEGURANÇA,VIOLÊNCIA,101,85,104,10.1.2005,SSP/FNR,Quantidade de homicídios por 100 mil habitantes - população projetada pelo IBGE,< 10,10–25,> 25,2022,"6,4"
URBANO,OFERTA DE SERVIÇOS SOCIAIS DE ALTO NÍVEL E PROMOÇÃO DA COESÃO SOCIAL,SEGURANÇA,VIOLÊNCIA,102,NOVO,105,N/A,SSP,Quantidade de latrocínios por 100.000 habitantes - população projetada pelo IBGE,<5,5-10,>10,2022,"0,3"
URBANO,OFERTA DE SERVIÇOS SOCIAIS DE ALTO NÍVEL E PROMOÇÃO DA COESÃO SOCIAL,SEGURANÇA,VIOLÊNCIA,103,NOVO,106,N/A,SSP,Quantidade de feminicídios por 100.000 habitantes mulheres - população projetada pelo IBGE,<5,5-10,>10,2022,"0,5"
URBANO,OFERTA DE SERVIÇOS SOCIAIS DE ALTO NÍVEL E PROMOÇÃO DA COESÃO SOCIAL,SEGURANÇA,VIOLÊNCIA,104,86,107,N/A,SSP,Número de ocorrências de violência doméstica em mulheres,Não Informado,Não Informado,Não Informado,2022,"6,077"
URBANO,OFERTA DE SERVIÇOS SOCIAIS DE ALTO NÍVEL E PROMOÇÃO DA COESÃO SOCIAL,SEGURANÇA,VIOLÊNCIA,105,88,108,N/A,SSP,Roubos por 100 mil habitantes - população projetada pelo IBGE,< 300,300–1.000,> 1.000,2022,"139,8"
URBANO,OFERTA DE SERVIÇOS SOCIAIS DE ALTO NÍVEL E PROMOÇÃO DA COESÃO SOCIAL,SEGURANÇA,VIOLÊNCIA,106,89,109,N/A,SSP,Furtos por 100 mil habitantes - população projetada pelo IBGE,< 3.000,3.000–5.000,> 5.000,2022,"2242,5"
URBANO,OFERTA DE SERVIÇOS SOCIAIS DE ALTO NÍVEL E PROMOÇÃO DA COESÃO SOCIAL,SEGURANÇA,VIOLÊNCIA,107,NOVO,110,N/A,SSP,Furtos de veículos por 100 mil habitantes - população projetada pelo IBGE,<100,100-150,>150,2022,64
URBANO,OFERTA DE SERVIÇOS SOCIAIS DE ALTO NÍVEL E PROMOÇÃO DA COESÃO SOCIAL,SEGURANÇA,VIOLÊNCIA,108,NOVO,111,N/A,SSP,Roubos de veículos por 100 mil habitantes - população projetada pelo IBGE,<50,50-75,>75,2022,16
URBANO,OFERTA DE SERVIÇOS SOCIAIS DE ALTO NÍVEL E PROMOÇÃO DA COESÃO SOCIAL,SEGURANÇA,VIOLÊNCIA,109,,112,10.1.10,SSP/FNR,Crimes contra a propriedade por 100 000 habitantes,<50,50-75,>75,2022,"9,5"
URBANO,OFERTA DE SERVIÇOS SOCIAIS DE ALTO NÍVEL E PROMOÇÃO DA COESÃO SOCIAL,SEGURANÇA,ESTRUTURAS DE SEGURANÇA,110,L 20,113,N/A,SSP,Quantidade de CONSEGs ativos,sem valor de referência,Não Informado,Não Informado,2022,8
URBANO,OFERTA DE SERVIÇOS SOCIAIS DE ALTO NÍVEL E PROMOÇÃO DA COESÃO SOCIAL,SAÚDE,NÍVEL DE SAÚDE,111,NOVO,114,N/A,SMS,Taxa Geral de mortalidade por 100.000 habitantes (População projetada IBGE),sem valor de referência,Não Informado,Não Informado,2022,"568,26"
URBANO,OFERTA DE SERVIÇOS SOCIAIS DE ALTO NÍVEL E PROMOÇÃO DA COESÃO SOCIAL,SAÚDE,NÍVEL DE SAÚDE,112,NOVO,115,N/A,SMS,Taxa Geral de mortalidade de homens por 100.000 habitantes (População projetada IBGE),sem valor de referência,Não Informado,Não Informado,2022,"633,41"
URBANO,OFERTA DE SERVIÇOS SOCIAIS DE ALTO NÍVEL E PROMOÇÃO DA COESÃO SOCIAL,SAÚDE,NÍVEL DE SAÚDE,113,NOVO,116,N/A,SMS,Taxa Geral de mortalidade de mulheres por 100.000 habitantes (População projetada IBGE),sem valor de referência,Não Informado,Não Informado,2022,"507,57"
URBANO,OFERTA DE SERVIÇOS SOCIAIS DE ALTO NÍVEL E PROMOÇÃO DA COESÃO SOCIAL,SAÚDE,NÍVEL DE SAÚDE,114,95,117,3.1.2004,SMS/FNR,Taxa de mortalidade infantil (crianças menores de 5 anos)por 100.000 habitantes (População projetada IBGE),< 20,20 -30,> 30,2022,"7,73"
URBANO,OFERTA DE SERVIÇOS SOCIAIS DE ALTO NÍVEL E PROMOÇÃO DA COESÃO SOCIAL,SAÚDE,NÍVEL DE SAÚDE,115,NOVO,118,N/A,SMS,Taxa de mortalidade Precoce (Anos potenciais de vida perdido - APVP) por 100.000 habitantes (População projetada IBGE),sem valor de referência,Não Informado,Não Informado,2022,"4432,35"
URBANO,OFERTA DE SERVIÇOS SOCIAIS DE ALTO NÍVEL E PROMOÇÃO DA COESÃO SOCIAL,SAÚDE,NÍVEL DE SAÚDE,116,NOVO,119,N/A,SMS,Taxa de mortalidade por doenças cardovasculares por 100.000 habitantes (População projetada IBGE),sem valor de referência,Não Informado,Não Informado,2022,"152,47"
URBANO,OFERTA DE SERVIÇOS SOCIAIS DE ALTO NÍVEL E PROMOÇÃO DA COESÃO SOCIAL,SAÚDE,NÍVEL DE SAÚDE,117,NOVO,120,N/A,SMS,Taxa de mortalidade por neoplasias por 100.000 habitantes (População projetada IBGE),sem valor de referência,Não Informado,Não Informado,2022,"154,9"
URBANO,OFERTA DE SERVIÇOS SOCIAIS DE ALTO NÍVEL E PROMOÇÃO DA COESÃO SOCIAL,SAÚDE,NÍVEL DE SAÚDE,118,NOVO,121,N/A,SMS,"Taxa de mortalidade por causas externas (acidentes, crimes, etc.) por 100.000 habitantes (População projetada IBGE)",sem valor de referência,Não Informado,Não Informado,2022,"50,82"
URBANO,OFERTA DE SERVIÇOS SOCIAIS DE ALTO NÍVEL E PROMOÇÃO DA COESÃO SOCIAL,SAÚDE,NÍVEL DE SAÚDE,119,NOVO,122,N/A,SMS,Taxa de internação de adultos por 100.000 habitantes (População projetada IBGE),sem valor de referência,Não Informado,Não Informado,2022,"4746,2"
URBANO,OFERTA DE SERVIÇOS SOCIAIS DE ALTO NÍVEL E PROMOÇÃO DA COESÃO SOCIAL,SAÚDE,NÍVEL DE SAÚDE,120,NOVO,123,N/A,SMS,Taxa de internação de crianças por 100.000 habitantes (População projetada IBGE),sem valor de referência,Não Informado,Não Informado,2022,"4352,32"
URBANO,OFERTA DE SERVIÇOS SOCIAIS DE ALTO NÍVEL E PROMOÇÃO DA COESÃO SOCIAL,SAÚDE,NÍVEL DE SAÚDE,121,NOVO,124,N/A,SMS,"Taxa de internação por causas externas (acidentes, crimes, etc. ) por 100.000 habitantes (População projetada IBGE)",sem valor de referência,Não Informado,Não Informado,2022,"534,38"
URBANO,OFERTA DE SERVIÇOS SOCIAIS DE ALTO NÍVEL E PROMOÇÃO DA COESÃO SOCIAL,SAÚDE,NÍVEL DE SAÚDE,122,NOVO,125,N/A,SMS,Taxa de internação por doenças cardiovasculares por 100.000 habitantes (População projetada IBGE),sem valor de referência,Não Informado,Não Informado,2022,"418,49"
URBANO,OFERTA DE SERVIÇOS SOCIAIS DE ALTO NÍVEL E PROMOÇÃO DA COESÃO SOCIAL,SAÚDE,NÍVEL DE SAÚDE,123,NOVO,126,N/A,SMS,Taxa de internação por neoplasias por 100.000 habitantes (População projetada IBGE),sem valor de referência,Não Informado,Não Informado,2022,"466,61"
URBANO,OFERTA DE SERVIÇOS SOCIAIS DE ALTO NÍVEL E PROMOÇÃO DA COESÃO SOCIAL,SAÚDE,NÍVEL DE SAÚDE,125,L 23,128,3.1.2009,SMS/FNR,"Prevalência de obesidade: Percentual de indivíduos, com Índice de Massa Corporal (IMC) maior ou igual a 25 (População projetada pelo IBGE)",sem valor de referência,Não Informado,Não Informado,2022,"20,2"
URBANO,OFERTA DE SERVIÇOS SOCIAIS DE ALTO NÍVEL E PROMOÇÃO DA COESÃO SOCIAL,SAÚDE,NÍVEL DE SAÚDE,126,L 24,129,N/A,SMS,Prevalência de Hipertensão: Percentual de pessoas com  diagnóstico de hipertensão (População projetada pelo IBGE),"Abaixo de 5,7%","5,7% a 7,14%",Acima de 10%,2022,"23,3"
URBANO,OFERTA DE SERVIÇOS SOCIAIS DE ALTO NÍVEL E PROMOÇÃO DA COESÃO SOCIAL,SAÚDE,OFERTA DE SERVIÇOS DE SAÚDE,127,96,130,3.1.2003,SMS/FNR,Quantidade de médicos por 100 mil habitantes (População projetada pelo IBGE),> 200,75 - 200,< 75,2022,"2759,53"
URBANO,OFERTA DE SERVIÇOS SOCIAIS DE ALTO NÍVEL E PROMOÇÃO DA COESÃO SOCIAL,SAÚDE,OFERTA DE SERVIÇOS DE SAÚDE,128,97,131,N/A,SMS,"Quantidade de leitos de hospital por 100 mil habitantes, em hospitais públicos e privados",> 100,50 - 100,< 50,2022,"353,86"
URBANO,OFERTA DE SERVIÇOS SOCIAIS DE ALTO NÍVEL E PROMOÇÃO DA COESÃO SOCIAL,SAÚDE,OFERTA DE SERVIÇOS DE SAÚDE,129,NOVO,132,N/A,SMS,Quantidade de leitos de UTI em hospitais públicos e privados,sem valor de referência,Não Informado,Não Informado,2022,"58,44"
URBANO,OFERTA DE SERVIÇOS SOCIAIS DE ALTO NÍVEL E PROMOÇÃO DA COESÃO SOCIAL,SAÚDE,OFERTA DE SERVIÇOS DE SAÚDE,130,NOVO,133,N/A,SMS,Total de gasto do município com saúde pública por 100.000 habitantes,Sem valor de referência,Não Informado,Não Informado,2022,100
URBANO,OFERTA DE SERVIÇOS SOCIAIS DE ALTO NÍVEL E PROMOÇÃO DA COESÃO SOCIAL,SAÚDE,OFERTA DE SERVIÇOS DE SAÚDE,131,NOVO,134,N/A,SMS,"Total do valor recebidos do Estado e do Governo Federal, destinados à saúde no município por 100.000 habitantes",Sem valor de referência,Não Informado,Não Informado,2022,23
URBANO,OFERTA DE SERVIÇOS SOCIAIS DE ALTO NÍVEL E PROMOÇÃO DA COESÃO SOCIAL,SAÚDE,OFERTA DE SERVIÇOS DE SAÚDE,132,NOVO,135,N/A,SMS,Cobertura de saúde da família: Média/mês de residências atendidas na modalidade de saúde da família,Sem valor de referência,Não Informado,Não Informado,2022,"103,77"
URBANO,OFERTA DE SERVIÇOS SOCIAIS DE ALTO NÍVEL E PROMOÇÃO DA COESÃO SOCIAL,SAÚDE,OFERTA DE SERVIÇOS DE SAÚDE,133,NOVO,136,N/A,SMS,Média/mês de pessoas atendidas nas UPAS e nos Postos de Saúde.,Sem valor de referência,Não Informado,Não Informado,2022,"203,685"
URBANO,OFERTA DE SERVIÇOS SOCIAIS DE ALTO NÍVEL E PROMOÇÃO DA COESÃO SOCIAL,SAÚDE,OFERTA DE SERVIÇOS DE SAÚDE,134,NOVO,137,N/A,ACM,Quantas vidas asseguradas em plano de saúde privada?,Sem valor de referência,Não Informado,Não Informado,2022,"209,105"
URBANO,OFERTA DE SERVIÇOS SOCIAIS DE ALTO NÍVEL E PROMOÇÃO DA COESÃO SOCIAL,SAÚDE,OFERTA DE SERVIÇOS DE SAÚDE,135,L 21,138,N/A,SMS,Cobertura de vacinas,sem valor de referência,Não Informado,Não Informado,2022,69
URBANO,COMPETITIVIDADE,CAPITAL HUMANO,CULTURA,136,L 18,139,N/A,SMF,Investimento em cultura per capita: por habitante (população projetada IBGE),"> R$ 26,83","R$ 17,88  a R$ 26,82","< R$ 17,87",2022,"26,24"
URBANO,COMPETITIVIDADE,CAPITAL HUMANO,CULTURA,137,L 19,140,N/A,SMF,"Investimento em cultura sobre receita corrente líquida: total da receita líquida investida em cultura, no ano.","> R$ 2,47","R$ 1,77 a R$ 2,47","< R$ 1,76",2022,"0,54"
URBANO,COMPETITIVIDADE,TECIDO EMPRESARIAL,INTERNACIONALIZAÇÃO,138,99,141,N/A,SMTDI,Percentual de  exportações de bens e serviços em relação ao PIB projetado IBGE do município  (Fonte: http://comexstat.mdic.gov.br/pt/municipio - Exportações no SISCOMEX - Ministério da Economia e PIB do IBGE),sem valor de referência,Não Informado,Não Informado,2022,"46,283"
URBANO,COMPETITIVIDADE,TECIDO EMPRESARIAL,DESENVOLVIMENTO EMPRESARIAL,139,102,142,N/A,SMTDI,Incremento anual da quantidade de  empresas - Porcentagem de novas empresas abertas no ano (inclui todos os tamanhos de empresas),sem valor de referência,Não Informado,Não Informado,2022,22
URBANO,COMPETITIVIDADE,TECIDO EMPRESARIAL,DESENVOLVIMENTO EMPRESARIAL,140,NOVO,143,N/A,SMF,"Porcentagem de variação do faturamento, em relação ao ano anterior, das empresas de tecnologia",sem valor de referência,Não Informado,Não Informado,2022,"34,22"
URBANO,COMPETITIVIDADE,TECIDO EMPRESARIAL,DESENVOLVIMENTO EMPRESARIAL,141,NOVO,144,N/A,SMF,Porcentagem de participação da receita de impostos cobrados do setor de tecnologia em relação aos impostos totais,sem valor de referência,Não Informado,Não Informado,2022,"26,7"
URBANO,COMPETITIVIDADE,TECIDO EMPRESARIAL,DESENVOLVIMENTO EMPRESARIAL,142,NOVO,145,N/A,SMF,"Porcentagem de variação do faturamento, em relação ao ano anterior, das empresas de hotelaria e pousadas",sem valor de referência,Não Informado,Não Informado,2022,"70,71"
URBANO,COMPETITIVIDADE,TECIDO EMPRESARIAL,DESENVOLVIMENTO EMPRESARIAL,143,NOVO,146,N/A,SMF,Porcentagem de participação da receita de impostos cobrados do setor de saúde privada em relação aos impostos totais,sem valor de referência,Não Informado,Não Informado,2022,"15,9"
URBANO,COMPETITIVIDADE,TECIDO EMPRESARIAL,DESENVOLVIMENTO EMPRESARIAL,144,NOVO,147,N/A,SMF,"Porcentagem de variação do faturamento, em relação ao ano anterior, das empresas de saúde privada",sem valor de referência,Não Informado,Não Informado,2022,"21,16"
URBANO,COMPETITIVIDADE,TECIDO EMPRESARIAL,DESENVOLVIMENTO EMPRESARIAL,145,NOVO,148,N/A,SMF,Porcentagem de participação da receita de impostos cobrados do segmento de hotelaria e pousada em relação aos impostos totais,sem valor de referência,Não Informado,Não Informado,2022,"4,68"
URBANO,COMPETITIVIDADE,TECIDO EMPRESARIAL,DESENVOLVIMENTO EMPRESARIAL,146,NOVO,149,N/A,SEF,"Porcentagem de variação do faturamento, em relação ao ano anterior, das empresas de bares e restaurantes",sem valor de referência,Não Informado,Não Informado,2022,"36,3"
URBANO,COMPETITIVIDADE,TECIDO EMPRESARIAL,DESENVOLVIMENTO EMPRESARIAL,147,NOVO,150,N/A,SEF,Percentual de participação da receita de impostos do segmento de bares e restaurantes em relação aos impostos totais,sem valor de referência,Não Informado,Não Informado,2022,"0,8"
URBANO,COMPETITIVIDADE,TECIDO EMPRESARIAL,DESENVOLVIMENTO EMPRESARIAL,149,NOVO,152,N/A,SMTDI,Porcentagem de Crescimento de pessoas empregadas no segmento de tecnologia (Fonte: ACATE),sem valor de referência,Não Informado,Não Informado,2022,"22,15"
URBANO,COMPETITIVIDADE,TECIDO EMPRESARIAL,DESENVOLVIMENTO EMPRESARIAL,151,NOVO,154,N/A,SHRBS,Porcentagem de ocupação dos leitos de hotelaria e pousada (Fonte SHRBS),sem valor de referência,Não Informado,Não Informado,2022,"69,1"
FISCAL,MECANISMOS ADEQUADOS DE GOVERNO,GESTÃO PÚBLICA PARTICIPATIVA,PRESTAÇÃO DE CONTAS AO CIDADÃO,154,NOVO,157,N/A,SMF,Qual a porcentagem do orçamento que a Sociedade Civil participa na sua definição,sem valor de referência,Não Informado,Não Informado,2022,5
FISCAL,MECANISMOS ADEQUADOS DE GOVERNO,GESTÃO PÚBLICA MODERNA,PROCESSOS MODERNOS DE GESTÃO PÚBLICA DO ORÇAMENTO MUNICIPAL,155,NOVO,158,N/A,SMF,Porcentagem do gasto com pessoal em relação ao gasto total  (conforme conta 3.1.1.00.00.00 conforme dados do SICONFI do TCE-SC),sem valor de referência,Não Informado,Não Informado,2022,"51,85"
FISCAL,MECANISMOS ADEQUADOS DE GOVERNO,GESTÃO PÚBLICA MODERNA,PROCESSOS MODERNOS DE GESTÃO PÚBLICA DO ORÇAMENTO MUNICIPAL,156,NOVO,159,N/A,SMA,"Porcentagem mensal de horas falta sem atestado, em relação ao total de horas contratadas",sem valor de referência,Não Informado,Não Informado,2022,"0,43"
FISCAL,MECANISMOS ADEQUADOS DE GOVERNO,GESTÃO PÚBLICA MODERNA,PROCESSOS MODERNOS DE GESTÃO PÚBLICA DO ORÇAMENTO MUNICIPAL,157,NOVO,160,N/A,SMA,"Porcentagem mensal de horas falta com atestado, em relação ao total de horas contratadas",sem valor de referência,Não Informado,Não Informado,2022,"8,32"
FISCAL,MECANISMOS ADEQUADOS DE GOVERNO,GESTÃO PÚBLICA MODERNA,PROCESSOS MODERNOS DE GESTÃO PÚBLICA DO ORÇAMENTO MUNICIPAL,158,NOVO,161,N/A,SMLCP,Porcentagem do valor das compras totais da administração pública municipal feitas por meio de pregão eletrônico,sem valor de referência,Não Informado,Não Informado,2022,"47,75"
FISCAL,MECANISMOS ADEQUADOS DE GOVERNO,GESTÃO PÚBLICA MODERNA,PROCESSOS MODERNOS DE GESTÃO PÚBLICA DO ORÇAMENTO MUNICIPAL,159,NOVO,162,N/A,SMLCP,Porcentagem do valor das compras totais da administração pública municipais feitas por meio de pregão presencial,sem valor de referência,Não Informado,Não Informado,2022,"4,55"
FISCAL,MECANISMOS ADEQUADOS DE GOVERNO,GESTÃO PÚBLICA MODERNA,PROCESSOS MODERNOS DE GESTÃO PÚBLICA DO ORÇAMENTO MUNICIPAL,160,NOVO,163,N/A,SMLCP,Porcentagem do valor das compras totais da administração pública municipais feitas por meio de tomada de preços,sem valor de referência,Não Informado,Não Informado,2022,"3,26"
FISCAL,MECANISMOS ADEQUADOS DE GOVERNO,GESTÃO PÚBLICA MODERNA,PROCESSOS MODERNOS DE GESTÃO PÚBLICA DO ORÇAMENTO MUNICIPAL,161,NOVO,164,N/A,SMLCP,"Porcentagem do valor das compras totais da administração pública por inexigibilidade, por contratação direta",sem valor de referência,Não Informado,Não Informado,2022,"7,17"
FISCAL,MECANISMOS ADEQUADOS DE GOVERNO,GESTÃO PÚBLICA MODERNA,PROCESSOS MODERNOS DE GESTÃO PÚBLICA DO ORÇAMENTO MUNICIPAL,162,NOVO,165,N/A,SMLCP,Porcentagem do valor das compras totais da administração pública municipais em que são dispensadas licitações com base em lei especifica,sem valor de referência,Não Informado,Não Informado,2022,"12,31"
FISCAL,MECANISMOS ADEQUADOS DE GOVERNO,GESTÃO PÚBLICA MODERNA,PROCESSOS MODERNOS DE GESTÃO PÚBLICA DO ORÇAMENTO MUNICIPAL,163,NOVO,166,N/A,SMLCP,Porcentagem do valor das compras totais da administração pública municipal feitas por meio de concorrência pública,sem valor de referência,Não Informado,Não Informado,2022,"24,13"
FISCAL,MECANISMOS ADEQUADOS DE GOVERNO,TRANSPARÊNCIA,TRANSPARÊNCIA E AUDITORIA DA GESTÃO PÚBLICA,164,114,,N/A,Controladoria Geral do Município,Índice de transparência: Consultar transparência internacional Brasil,> 6,"3,0 - 6,0",< 3,2022,"97,4"
FISCAL,GESTÃO ADEQUADA DA RECEITA,IMPOSTOS E AUTONOMIA FINANCEIRA,RECEITAS E IMPOSTOS MUNICIPAIS,165,118,168,9.2.2006,SMF/FNR,"Receita própria: Porcentagem da receita do governo municipal proveniente de tributos (tarifas, encargos e impostos) permitidos pela lei em relação à receita total.",Comparar com as metas da PMF,Não Informado,Não Informado,2022,"55,51"
FISCAL,GESTÃO ADEQUADA DA RECEITA,IMPOSTOS E AUTONOMIA FINANCEIRA,RECEITAS E IMPOSTOS MUNICIPAIS,166,119,169,N/A,SMF,Porcentagem das transferências totais recebidas de outros níveis de governo em relação a receita total.,Comparado com diferentes cidades - sem padrão - fazer parâmetro em SC,Não Informado,Não Informado,2022,"34,49"
FISCAL,GESTÃO ADEQUADA DA RECEITA,IMPOSTOS E AUTONOMIA FINANCEIRA,RECEITAS E IMPOSTOS MUNICIPAIS,167,120,170,N/A,SMF,Porcentagem das transferências recebidas destinadas a usos específicos (pré-definidos) em relação as transferências totais,Comparado com diferentes cidades - sem padrão - fazer parâmetro em SC,Não Informado,Não Informado,2022,"50,97"
FISCAL,GESTÃO ADEQUADA DA RECEITA,IMPOSTOS E AUTONOMIA FINANCEIRA,RECEITAS E IMPOSTOS MUNICIPAIS,168,121,171,N/A,SMF,Porcentagem das receitas de fontes externas ao governo municipal (excluindo-se receita própria e transferências) em relação a receita total,Comparado com diferentes cidades - sem padrão - fazer parâmetro em SC,Não Informado,Não Informado,2022,"10,01"
FISCAL,GESTÃO ADEQUADA DA RECEITA,IMPOSTOS E AUTONOMIA FINANCEIRA,RECEITAS E IMPOSTOS MUNICIPAIS,169,122,172,N/A,SMF,Porcentagem das receitas próprias acrescidas as transferências sem fim definido em relação a receita total,≥ 80%,> 61%  e  < 80%,≤ 61%,2022,"72,42"
FISCAL,GESTÃO ADEQUADA DA RECEITA,IMPOSTOS E AUTONOMIA FINANCEIRA,RECEITAS E IMPOSTOS MUNICIPAIS,170,NOVO,173,N/A,SMF,Porcentagem da variação anual da cota parte do ICMS,Acima do IPCA,Igual ao IPCA,Abaixo do IPCA,2022,"7,63"
FISCAL,GESTÃO ADEQUADA DA RECEITA,IMPOSTOS E AUTONOMIA FINANCEIRA,RECEITAS E IMPOSTOS MUNICIPAIS,171,NOVO,174,N/A,SMF,Porcentagem de variação anual da arrecadação do ISS,Acima do IPCA,Igual ao IPCA,Abaixo do IPCA,2022,"30,7"
FISCAL,GESTÃO ADEQUADA DA RECEITA,IMPOSTOS E AUTONOMIA FINANCEIRA,RECEITAS E IMPOSTOS MUNICIPAIS,172,NOVO,175,N/A,SMF,Porcentagem de variação anual da arrecadação do IPTU,Acima do IPCA,Igual ao IPCA,Abaixo do IPCA,2022,"12,23"
FISCAL,GESTÃO ADEQUADA DA RECEITA,IMPOSTOS E AUTONOMIA FINANCEIRA,RECEITAS E IMPOSTOS MUNICIPAIS,173,NOVO,176,N/A,SMF,Percentual da variação anual da arrecadação do ITBI,Acima do IPCA,Igual ao IPCA,Abaixo do IPCA,2022,"-8,83"
FISCAL,GESTÃO ADEQUADA DA RECEITA,IMPOSTOS E AUTONOMIA FINANCEIRA,RECEITAS E IMPOSTOS MUNICIPAIS,174,NOVO,177,N/A,SMF,Porcentagem de variação da dívida ativa em relação ao ano anterior,< 0,0 - IPCA,> IPCA,2022,"54,78"
FISCAL,GESTÃO ADEQUADA DA RECEITA,IMPOSTOS E AUTONOMIA FINANCEIRA,GESTÃO DE COBRANÇAS,175,NOVO,178,N/A,SMF,Porcentagem de inadimplência do IPTU,sem valor de referência,Não Informado,Não Informado,2022,"19,77"
FISCAL,GESTÃO ADEQUADA DAS DESPESAS,GESTÃO DO GASTO PÚBLICO,QUALIDADE DO GASTO PÚBLICO,176,126,179,N/A,SMF (Siconfi-TCE/SC),Porcentagem dos gastos correntes em relação aos gastos totais,Comparado com diferentes cidades - sem padrão - fazer parâmetro em SC,Não Informado,Não Informado,2022,"87,07"
FISCAL,GESTÃO ADEQUADA DAS DESPESAS,GESTÃO DO GASTO PÚBLICO,QUALIDADE DO GASTO PÚBLICO,177,127,180,9.2.2005,SMF/FNR,Despesas de capital como porcentagem do total de gastos: Percentual de investimentos em ativo fixo (despesas de capital) em relação aos gastos totais,Comparado com diferentes cidades - sem padrão - fazer parâmetro em SC,Não Informado,Não Informado,2022,"6,82"
FISCAL,GESTÃO ADEQUADA DAS DESPESAS,GESTÃO DO GASTO PÚBLICO,QUALIDADE DO GASTO PÚBLICO,178,128,181,N/A,SMF,Taxa média de crescimento anual do gasto corrente: Porcentagem de variação no ano dos gastos correntes,< 0,0 - IPCA,> IPCA,2022,"23,8"
FISCAL,GESTÃO ADEQUADA DAS DESPESAS,GESTÃO DO GASTO PÚBLICO,QUALIDADE DO GASTO PÚBLICO,179,L 1,182,N/A,SMF,Despesa de pessoal/Receita corrente líquida: percentual da depesas totais (salário + engargos + vales transporte e alimentação + plano de saúde) e de pessoal em relação a receita corrente líquida,"< 51,3%","51,3% a 54%",> 54%,2022,"45,42"
FISCAL,GESTÃO ADEQUADA DAS DESPESAS,GESTÃO DO GASTO PÚBLICO,QUALIDADE DO GASTO PÚBLICO,180,NOVO,183,N/A,SMF,Porcentagem das despesas com contratação de pessoal tercerizado (terceiros PJ + PF +  locação de mão de obra) em relação a receita total líquida.,sem valor de referência,Não Informado,Não Informado,2022,"4,56"
FISCAL,Gestao Adequada da Divida,Divida,SUSTENTABILIDADE DA DÍVIDA,181,131,184,9.2.2004,SMF/FNR,Crescimento do serviço da dívida: Porcentagem dos juros da dívida em relação a receita própria,< 5%,5% - 10%,> 10%,2022,"101,28"
FISCAL,Gestao Adequada da Divida,Divida,SUSTENTABILIDADE DA DÍVIDA,182,132,185,N/A,SMF,Crescimento da dívida: Porcentagem de crescimento da dívida (Emprestimos de curto e longo prazo),A taxa de crescimento real anual é negativa,A taxa de crescimento real anual está entre 0% e 2%,A taxa de crescimento real anual é superior a 2%,2022,"64,54"
FISCAL,Gestao Adequada da Divida,Divida,LEI DE RESPONSABILIDADE FISCAL,183,L 2,186,N/A,SMF,Dívida consolidada líquida/Receita corrente líquida: Porcentagem da dívida consolidada líquida em relação a receita corrente líquida,< 50%,50% a 60%,> 60%,2022,"45,27"
FISCAL,Gestao Adequada da Divida,Divida,LEI DE RESPONSABILIDADE FISCAL,184,L 3,187,N/A,SMF,Operação de Crédito/Receita Corrente Líquida:Porcentagem do valor das operações de crédito contratadas no ano em relação a receita corrente líquida,Menor 10%,Entre 10 e 16%,Acima 16%,2022,"10,12"
AMBIENTAL,MANEJO AMBIENTAL E CONSUMO DOS RECURSOS NATURAIS,ÁGUA,COBERTURA DE ÁGUA,1,1,1,7.1.2001,CASAN/FNR,Porcentagem de pessoas com serviço de abastecimento de água potável em relação à população total do município,> 90%–100%,75%–90%,< 75%,2023,100
AMBIENTAL,MANEJO AMBIENTAL E CONSUMO DOS RECURSOS NATURAIS,ÁGUA,EFICIÊNCIA NO USO DA ÁGUA,2,2,2,7.1.2005,CASAN/FNR,Quantidade total do consumo de água em litros por dia dividida pelo total da população. Inclui uso não doméstico.,120–200,80–120 ou 200–250,< 80 ou > 250,2023,"1,799"
AMBIENTAL,MANEJO AMBIENTAL E CONSUMO DOS RECURSOS NATURAIS,ÁGUA,EFICIÊNCIA NO SERVIÇO DE ABASTECIMENTO DE ÁGUA,3,3,3,N/A,CASAN,Média anual de horas/dia em que há o fornecimento contínuo de água.,> 20 h/dia,12–20 h/dia,< 12 h/dia,2023,24
AMBIENTAL,MANEJO AMBIENTAL E CONSUMO DOS RECURSOS NATURAIS,ÁGUA,EFICIÊNCIA NO SERVIÇO DE ABASTECIMENTO DE ÁGUA,4,4,4,7.1.2004,CASAN/FNR,Qualidade da água: Porcentagem do número total de testes conformes em relação ao número total de testes de qualidade de água tratada realizados.,> 97%,90%–97%,< 90%,2023,97
AMBIENTAL,MANEJO AMBIENTAL E CONSUMO DOS RECURSOS NATURAIS,ÁGUA,EFICIÊNCIA NO SERVIÇO DE ABASTECIMENTO DE ÁGUA,5,5,5,7.1.2006,CASAN/FNR,Água não contabilizada = Índice de perdas na distribuição de água.,0%–30%,30%–45%,> 45%,2023,"35,87"
AMBIENTAL,MANEJO AMBIENTAL E CONSUMO DOS RECURSOS NATURAIS,SANEAMENTO E DRENAGEM,COBERTURA DE SANEAMENTO,7,7,7,N/A,CASAN,Porcentagem de moradias com ligação ao sistema de esgoto,> 75%,75%–60%,< 60%,2023,"66,67"
AMBIENTAL,MANEJO AMBIENTAL E CONSUMO DOS RECURSOS NATURAIS,SANEAMENTO E DRENAGEM,TRATAMENTO DE ÁGUA RESIDUÁRIAS,8,8,8,N/A,CASAN,Porcentagem de águas residuais ou efluente (águas de esgoto) tratadas: total de m³ de águas residuais que entram anualmente nas estações de tratamento dividido pelo total de m³ de água faturadas.,> 60%,40%–60%,< 40%,2023,"60,14"
AMBIENTAL,MANEJO AMBIENTAL E CONSUMO DOS RECURSOS NATURAIS,SANEAMENTO E DRENAGEM,EFETIVIDADE DA DRENAGEM,9,9,9,N/A,SMSP,Porcentagem anual de moradias afetadas por inundações intensas decorrentes de transbordamentos dos sistemas de drenagem e esgoto e de inundações causadas por rios e marés.,"< 0,5%","0,5–3",> 3%,2023,13
AMBIENTAL,MANEJO AMBIENTAL E CONSUMO DOS RECURSOS NATURAIS,GESTÃO DE RESÍDUOS  SÓLIDOS,COBERTURA COLETA DE RESÍDUOS SÓLIDOS,10,10,10,N/A,COMCAP,Porcentagem das moradias com coleta regular de resíduos sólidos.,90%–100%,80%–90%,< 80%,2023,100
AMBIENTAL,MANEJO AMBIENTAL E CONSUMO DOS RECURSOS NATURAIS,GESTÃO DE RESÍDUOS  SÓLIDOS,VOLUME DE RESIDUOS SÓLIDOS,11,L 5,11,N/A,COMCAP,"Toneladas totais de resíduos sólidos recolhidos (lixo convencional, coleta seletiva, lixo hospitalar, lixo pesado).",Sem valor de referência,Não Informado,Não Informado,2023,"253,577"
AMBIENTAL,MANEJO AMBIENTAL E CONSUMO DOS RECURSOS NATURAIS,GESTÃO DE RESÍDUOS  SÓLIDOS,VOLUME DE RESIDUOS SÓLIDOS,12,NOVO,12,N/A,COMCAP,"Quantidade (kg) de resíduos sólidos coletados por habitante, por dia (população projetada IBGE)","≤ 1,0","1,01 - 1,5",">1,5",2023,"1,28"
AMBIENTAL,MANEJO AMBIENTAL E CONSUMO DOS RECURSOS NATURAIS,GESTÃO DE RESÍDUOS  SÓLIDOS,DISPOSIÇÃO FINAL DOS RESÍDUOS SÓLIDOS,13,11,13,7.3.2005,COMCAP/FNR,Porcentagem de resíduos sólidos municipais depositados em aterros sanitários,<35%,36%- 50%,> 50%,2023,"86,38"
AMBIENTAL,MANEJO AMBIENTAL E CONSUMO DOS RECURSOS NATURAIS,GESTÃO DE RESÍDUOS  SÓLIDOS,TRATAMENTO DOS                                                                    RESÍDUOS SÓLIDOS,15,14,15,N/A,COMCAP,Porcentagem de resíduos sólidos municipais compostados pela Prefeitura,> 20%,5%–20%,< 5%,2023,"4,56"
AMBIENTAL,MANEJO AMBIENTAL E CONSUMO DOS RECURSOS NATURAIS,GESTÃO DE RESÍDUOS  SÓLIDOS,TRATAMENTO DOS                                                                    RESÍDUOS SÓLIDOS,16,15,16,7.3.2004,COMCAP/FNR,Porcentagem de resíduos sólidos separados e classificados para reciclagem,> 25%,15%–25%,< 15%,2023,"09,05"
AMBIENTAL,MANEJO AMBIENTAL E CONSUMO DOS RECURSOS NATURAIS,GESTÃO DE RESÍDUOS  SÓLIDOS,TRATAMENTO DOS                                                                    RESÍDUOS SÓLIDOS,17,16,17,7.3.2006,COMCAP/FNR,Porcentagem de resíduos sólidos tratados em usinas de geração de energia a partir de resíduos em relação ao total de resíduos sólidos produzidos.,> 20 %,10%- 19%,< 10%,2023,0
AMBIENTAL,MANEJO AMBIENTAL E CONSUMO DOS RECURSOS NATURAIS,ENERGIA,COBERTURA ENERGÉTICA,18,17,18,N/A,CELESC,Porcentagem de domicílios(residenciais) com ligação autorizada à energia elétrica,90%–100%,70%–90%,< 70%,2023,"276,889"
AMBIENTAL,MANEJO AMBIENTAL E CONSUMO DOS RECURSOS NATURAIS,ENERGIA,COBERTURA ENERGÉTICA,19,,20,7.4.2006,SC GÁS /FNR,Número de conexões de serviço de distribuição de gás - residencial (por 100 mil habitantes),> 54.000,> 33.000 = < 54.000,< 33.000,2023,"3,74"
AMBIENTAL,MANEJO AMBIENTAL E CONSUMO DOS RECURSOS NATURAIS,ENERGIA,COBERTURA ENERGÉTICA,20,19,21,7.4.2007,CELESC /FNR,"Média de interrupção do fornecimento de energia elétrica por domicílio/ano, expresso em h/domicílio/ano",< 7h,7–10h,> 10h,2023,"5,45"
AMBIENTAL,MANEJO AMBIENTAL E CONSUMO DOS RECURSOS NATURAIS,ENERGIA,EFICIÊNCIA ENERGÉTICA,21,21,22,N/A,CELESC,Consumo anual de eletricidade por cliente residencial em Kw/h,1500–3500 kWh/por domicílio/ano,"900–1500 kWh/por domicílio/ano
3500–5000 kWh/por domicílio/ano","< 900 kWh/por domicílio/ano
> 5000 kWh/por domicílio/ano",2023,"3,071"
AMBIENTAL,MANEJO AMBIENTAL E CONSUMO DOS RECURSOS NATURAIS,ENERGIA,EFICIÊNCIA ENERGÉTICA,22,NOVO,23,N/A,COSIP,Porcentagem da iluminação pública que utiliza a tecnologia LED,50%,50% - 30%,< 30%,2023,45
AMBIENTAL,MANEJO AMBIENTAL E CONSUMO DOS RECURSOS NATURAIS,ENERGIA,ENERGIA ALTERNATIVA E RENOVÁVEL,23,,25,7.4.2004,CELESC /FNR,Energia proveniente de fontes renováveis (porcentagem),> 50%,20%–50%,< 20%,2023,"1,95"
AMBIENTAL,MITIGAÇÃO DOS GASES DE EFEITO ESTUFA E OUTRAS FORMAS DE CONTAMINAÇÃO,MITIGAÇÃO DA MUDANÇA CLIMÁTICA,EMISSÕES TOTAIS DE GEE,26,29,28,6.3.2003,FLORAM/FNR,Emissões de GEE -Toneladas per capita (População projetada do IBGE),< 5,5–10,> 10,2023,"1,7412"
AMBIENTAL,REDUÇÃO DA VULNERABILIDADE DIANTE DE DESASTRES NATURAIS E ADAPTAÇÃO À MUDANÇA DO CLIMA,VULNERABILIDADE FRENTE A DESASTRES NATURAIS NO CONTEXTO DA MUDANÇA CLIMÁTICA,CAPACIDADE DE ADAPTAÇÃO À MUDANÇA CLIMÁTICA E A EVENTOS NATURAIS EXTREMOS,28,30,30,N/A,SMSP/Defesa Civil,"Mapas de risco: porcentagem das áreas sujeitas a riscos decorrentes de deslizamentos, inundações costeiras e fluviais, mapeadas na escala 1:10.000, com grau de risco alto, médio ou baixo risco.",acima de 90%,"de 60 a 89,99%",abaixo de 60%,2023,100
AMBIENTAL,REDUÇÃO DA VULNERABILIDADE DIANTE DE DESASTRES NATURAIS E ADAPTAÇÃO À MUDANÇA DO CLIMA,VULNERABILIDADE FRENTE A DESASTRES NATURAIS NO CONTEXTO DA MUDANÇA CLIMÁTICA,CAPACIDADE DE ADAPTAÇÃO À MUDANÇA CLIMÁTICA E A EVENTOS NATURAIS EXTREMOS,29,34,31,N/A,SMSP,"Porcentagem das áreas de risco e vulnerabilidades da cidade (áreas de risco de deslizamento, de inundação costeira e pluvial, de vulnerabilidade social, de interrupções das pontes, de secas com comprometimento de abastecimento de água, apagões e de congestionamento viário extremo) que possuem planos de contingência adequados e atualizados.",acima de 90%,"de 60 a 89,99%",abaixo de 60%,2023,100
AMBIENTAL,REDUÇÃO DA VULNERABILIDADE DIANTE DE DESASTRES NATURAIS E ADAPTAÇÃO À MUDANÇA DO CLIMA,VULNERABILIDADE FRENTE A DESASTRES NATURAIS NO CONTEXTO DA MUDANÇA CLIMÁTICA,CAPACIDADE DE ADAPTAÇÃO À MUDANÇA CLIMÁTICA E A EVENTOS NATURAIS EXTREMOS,30,35,32,N/A,SMSP,Porcentagem dos planos de contingência de riscos que possui alerta precoce,acima de 90%,"de 60 a 89,99%",abaixo de 60%,2023,100
AMBIENTAL,REDUÇÃO DA VULNERABILIDADE DIANTE DE DESASTRES NATURAIS E ADAPTAÇÃO À MUDANÇA DO CLIMA,VULNERABILIDADE FRENTE A DESASTRES NATURAIS NO CONTEXTO DA MUDANÇA CLIMÁTICA,CAPACIDADE DE ADAPTAÇÃO À MUDANÇA CLIMÁTICA E A EVENTOS NATURAIS EXTREMOS,31,38,33,N/A,SMSP,Porcentagem da Lei Orçamentária Anual (LOA) planejados para mitigação dos riscos de desastres naturais e mudanças climáticas,"acima de 0,5%","0,5 a 0,3%","abaixo de 0,3%",2023,"0,12"
AMBIENTAL,REDUÇÃO DA VULNERABILIDADE DIANTE DE DESASTRES NATURAIS E ADAPTAÇÃO À MUDANÇA DO CLIMA,VULNERABILIDADE FRENTE A DESASTRES NATURAIS NO CONTEXTO DA MUDANÇA CLIMÁTICA,SUSTENTABILIDADE A DESASTRES NATURAIS,32,,35,6.5.2002,SMSP/Defesa Civil/FRN,Número de edificações em áreas de risco.,Não Informado,Não Informado,Não Informado,2023,1593
URBANO,CONTROLE DO CRESCIMENTO E MELHORIA DO HABITAT URBANO,USO DO SOLO / ORDENAMENTO TERRITORIAL,Não Informado,37,44,40,N/A,SMDU,Déficit de moradias quantitativo,< 10%,10%–25%,> 20%,2023,"21,705"
URBANO,CONTROLE DO CRESCIMENTO E MELHORIA DO HABITAT URBANO,USO DO SOLO / ORDENAMENTO TERRITORIAL,PLANEJAMENTO DO SOLO,43,L 4,46,1.9.2001,SMPIU,Porcentagem de área parcelada irregularmente sobre área urbanizável. (Floripa em Números = Núcelos Urbanos informais),< 10%,10% - 25%,> 25%,2023,"37,89"
URBANO,CONTROLE DO CRESCIMENTO E MELHORIA DO HABITAT URBANO,DESIGUALDADE URBANA,POBREZA,44,,47,5.2.2005,SEMAS/FNR,População vivendo abaixo da linha internacional de pobreza (porcentagem),Não Informado,Não Informado,Não Informado,2023,"8,5"
URBANO,CONTROLE DO CRESCIMENTO E MELHORIA DO HABITAT URBANO,DESIGUALDADE URBANA,POBREZA,45,,48,5.2.2008,SEMAS/FNR,População vivendo abaixo da linha nacional de pobreza (porcentagem),Não Informado,Não Informado,Não Informado,2023,"4,81"
URBANO,CONTROLE DO CRESCIMENTO E MELHORIA DO HABITAT URBANO,DESIGUALDADE URBANA,POBREZA,47,L 12,50,N/A,SMDU,"Porcentagem de Domicílios em Áreas Especiais de Interesse Social (AEIS) e nas Zonas Especial de Interesse Social (ZEIS), em relação aos domicílios municipais",sem valor de referência,Não Informado,Não Informado,2023,38
URBANO,CONTROLE DO CRESCIMENTO E MELHORIA DO HABITAT URBANO,DESIGUALDADE URBANA,SEGREGAÇÃO SOCIOESPACIAL,48,,52,1.9.2003,SMDU/FNR,Percentual de moradias sem títulos legais de propriedade em relação ao número total de moradias.,Não Informado,Não Informado,Não Informado,2023,"3,94"
URBANO,CONTROLE DO CRESCIMENTO E MELHORIA DO HABITAT URBANO,DESIGUALDADE URBANA,SEGREGAÇÃO SOCIOESPACIAL,49,,53,5.1.2004,SMDU/FNR,Percentual de pessoas vivendo em moradias inadequadas em relação à população total.,Não Informado,Não Informado,Não Informado,2023,"2,52"
URBANO,CONTROLE DO CRESCIMENTO E MELHORIA DO HABITAT URBANO,DESIGUALDADE URBANA,SEGREGAÇÃO SOCIOESPACIAL,50,,54,5.1.2006,SMDU/FNR,Pessoas em situação de rua (por 100 mil habitantes),Não Informado,Não Informado,Não Informado,2023,"1,002"
URBANO,CONTROLE DO CRESCIMENTO E MELHORIA DO HABITAT URBANO,DESIGUALDADE URBANA,DESIGUALDADE DE RENDA,51,51,55,5.2.10,SEMAS/FRN,Coeficiente de Gini da renda (Fonte: PENAD Contínua do IBGE),"< 0,40","0,40–0,49","> 0,49",2023,419
URBANO,PROMOÇÃO DO TRANSPORTE URBANO SUSTENTÁVEL,MOBILIDADE / TRANSPORTE,INFRAESTRUTURA DE TRANSPORTE EQUILIBRADA,53,52,57,N/A,SMPIU,Quilômetros de vias públicas por 100 mil habitantes (População projetada do IBGE),< 300,300–400,> 400,2023,"334,3"
URBANO,PROMOÇÃO DO TRANSPORTE URBANO SUSTENTÁVEL,MOBILIDADE / TRANSPORTE,INFRAESTRUTURA DE TRANSPORTE EQUILIBRADA,54,NOVO,58,2.5.2003,SMPU,Porcentagem de vias públicas não pavimentadas em relação ao total de quilômetros de vias públicas,< 5%,5%-10%,> 10%,2023,"6,65"
URBANO,PROMOÇÃO DO TRANSPORTE URBANO SUSTENTÁVEL,MOBILIDADE / TRANSPORTE,INFRAESTRUTURA DE TRANSPORTE EQUILIBRADA,55,,59,2.1.2005,SMTI/FNR,"Comprimento total (km) dos sistemas de transporte público em operação na cidade dividido pela população total da cidade, expresso km por 100.000 habitantes.",Não Informado,Não Informado,Não Informado,2023,"1,282"
URBANO,PROMOÇÃO DO TRANSPORTE URBANO SUSTENTÁVEL,MOBILIDADE / TRANSPORTE,INFRAESTRUTURA DE TRANSPORTE EQUILIBRADA,57,54,61,somar: 2.2.2 + 2.2.3 + 2.2.4,SMTI/FNR,"Quilômetros de ciclovias, ciclofaixas e ciclorotas por 100 mil habitantes (população projetada IBGE)",> 25,15–25,< 15,2023,"25,89"
URBANO,PROMOÇÃO DO TRANSPORTE URBANO SUSTENTÁVEL,MOBILIDADE / TRANSPORTE,INFRAESTRUTURA DE TRANSPORTE EQUILIBRADA,58,NOVO,62,N/A,SMTI,"Porcentagem de km de ciclovias, ciclofaixas e ciclorotas em relação ao total de km de vias  da cidade",>25%,25%-15%,<15%,2023,"11,98"
URBANO,PROMOÇÃO DO TRANSPORTE URBANO SUSTENTÁVEL,MOBILIDADE / TRANSPORTE,INFRAESTRUTURA DE TRANSPORTE EQUILIBRADA,60,NOVO,64,N/A,SMTI,"Porcentagem de km de calçadas e calçadões pavimentados, em relação ao total de km de vias",>70%,70%-50%,<50%,2023,60
URBANO,PROMOÇÃO DO TRANSPORTE URBANO SUSTENTÁVEL,MOBILIDADE / TRANSPORTE,INFRAESTRUTURA DE TRANSPORTE EQUILIBRADA,61,NOVO,65,N/A,SMTI,Quilometragem média/mês rodada pela frota de transporte público,sem valor de referência,Não Informado,Não Informado,2023,"2,811"
URBANO,PROMOÇÃO DO TRANSPORTE URBANO SUSTENTÁVEL,MOBILIDADE / TRANSPORTE,INFRAESTRUTURA DE TRANSPORTE EQUILIBRADA,62,NOVO,66,N/A,SMTI,Quantidade média/mês de pessoas transportadas pelo transporte público,sem valor de referência,Não Informado,Não Informado,2023,"4,902"
URBANO,PROMOÇÃO DO TRANSPORTE URBANO SUSTENTÁVEL,MOBILIDADE / TRANSPORTE,INFRAESTRUTURA DE TRANSPORTE EQUILIBRADA,63,NOVO,67,N/A,SMTI,Custo anual do sistema de transporte público (subsídio + custo do consórcio) por pessoa transportada,sem valor de referência,Não Informado,Não Informado,2023,"5,32"
URBANO,PROMOÇÃO DO TRANSPORTE URBANO SUSTENTÁVEL,MOBILIDADE / TRANSPORTE,INFRAESTRUTURA DE TRANSPORTE EQUILIBRADA,64,NOVO,68,N/A,SMTI,Velocidade média/mês da frota de transporte público,>30%,30%–15%,< 15%,2023,23
URBANO,PROMOÇÃO DO TRANSPORTE URBANO SUSTENTÁVEL,MOBILIDADE / TRANSPORTE,INFRAESTRUTURA DE TRANSPORTE EQUILIBRADA,65,NOVO,69,N/A,SMTI,Média/mês da capacidade ofertada para o transporte de pessoas no sistema de transporte público,sem valor de referência,Não Informado,Não Informado,2023,"14,442"
URBANO,PROMOÇÃO DO TRANSPORTE URBANO SUSTENTÁVEL,MOBILIDADE / TRANSPORTE,INFRAESTRUTURA DE TRANSPORTE EQUILIBRADA,67,NOVO,71,N/A,SMTI,Média/litros/mês do consumo de óleo diesel da frota de transporte público (Fonte: Consórcio Fênix),sem valor de referência,Não Informado,Não Informado,2023,"1,062"
URBANO,PROMOÇÃO DO TRANSPORTE URBANO SUSTENTÁVEL,MOBILIDADE / TRANSPORTE,TRANSPORTE LIMPO,68,NOVO,72,N/A,SMTI,Porcentagem da frota de transporte público movida a energia elétrica,> 20%,20%–10%,< 10%,2023,0
URBANO,PROMOÇÃO DO TRANSPORTE URBANO SUSTENTÁVEL,MOBILIDADE / TRANSPORTE,TRANSPORTE LIMPO,69,NOVO,73,N/A,SMTI,Porcentagem da frota de transporte público com ar condicionado,> 70%,70%–50%,< 50%,2023,18
URBANO,PROMOÇÃO DO TRANSPORTE URBANO SUSTENTÁVEL,MOBILIDADE / TRANSPORTE,TRANSPORTE LIMPO,70,57,74,N/A,SMTI,Idade média da frota do transporte público,< 6,6–12,> 12,2023,"8,43"
URBANO,PROMOÇÃO DO TRANSPORTE URBANO SUSTENTÁVEL,MOBILIDADE / TRANSPORTE,TRANSPORTE SEGURO,71,58,75,10.2.2001,SSP/FNR,Vítimas mortais de acidentes de trânsito por 100 mil habitantes,< 10,10–20,> 20,2023,"6,1"
URBANO,PROMOÇÃO DO TRANSPORTE URBANO SUSTENTÁVEL,MOBILIDADE / TRANSPORTE,TRANSPORTE SEGURO,72,NOVO,76,N/A,SMS,Quantidade anual de pessoas hospitalizadas por acidentes de trânsito por 100.000 habitantes (população projetada IBGE),sem valor de referência,Não Informado,Não Informado,2023,"12,91"
URBANO,PROMOÇÃO DO TRANSPORTE URBANO SUSTENTÁVEL,MOBILIDADE / TRANSPORTE,MENOS CONGESTIONAMENTO,73,59,77,N/A,SMTI,Velocidade média de viagem (transporte público e privado) nas principais vias públicas durante os horários de pico,> 30,15–30,< 15,2023,"19,75"
URBANO,PROMOÇÃO DO TRANSPORTE URBANO SUSTENTÁVEL,MOBILIDADE / TRANSPORTE,MENOS CONGESTIONAMENTO,74,60,78,2.4.2001,SMTI/FNR,"Número de veículos de uso pessoal (automóveis, SUV's, etc) registrados no DETRAN local (exceto táxis) per capita (população projetada IBGE)","< 0,3","0,3–0,4","> 0,4",2023,"0,65"
URBANO,PROMOÇÃO DO TRANSPORTE URBANO SUSTENTÁVEL,MOBILIDADE / TRANSPORTE,TRANSPORTE ECONÔMICO,75,62,79,N/A,SMTI,Índice de acessibilidade (Salário Mínimo Nacional/(44 viagens mês* valor da tarifa em dinheiro)),Até 5%,5%–10%,> 10%,2023,"1,412"
URBANO,PROMOÇÃO DO DESENVOLVIMENTO ECONÔMICO LOCAL COMPETITIVO SUSTENTÁVEL,AMBIENTE DE NEGÓCIOS,REG. NEGÓCIOS E INVESTIMENTOS,76,65,80,N/A,SMDECT,Quantidade de dias para abrir uma empresa,< 12,12–20,> 20,2023,12
URBANO,PROMOÇÃO DO DESENVOLVIMENTO ECONÔMICO LOCAL COMPETITIVO SUSTENTÁVEL,TECIDO PRODUTIVO,GESTÃO ESTRATÉGICA DA INFRAESTRUTURA,77,NOVO,81,N/A,FLORIPA AIRPORT,Tonelada de carga transportada pelo aeroporto em comparação com a sua capacidade máxima (Fonte: Infraero e aeroporto),sem valor de referência,Não Informado,Não Informado,2023,"03,07"
URBANO,PROMOÇÃO DO DESENVOLVIMENTO ECONÔMICO LOCAL COMPETITIVO SUSTENTÁVEL,TECIDO PRODUTIVO,GESTÃO ESTRATÉGICA DA INFRAESTRUTURA,78,NOVO,82,N/A,FLORIPA AIPORT,Quantidade de pessoas transportadas pelo aeroporto ano- Consultar Infraero e aeroporto,sem valor de referência,Não Informado,Não Informado,2023,"3,955"
URBANO,PROMOÇÃO DO DESENVOLVIMENTO ECONÔMICO LOCAL COMPETITIVO SUSTENTÁVEL,TECIDO PRODUTIVO,GESTÃO ESTRATÉGICA DA INFRAESTRUTURA,80,NOVO,84,N/A,SIE,Quantidade de pessoas transportadas pela rodoviária ano (Fonte: rodoviária e Deter),sem valor de referência,Não Informado,Não Informado,2023,"985,834"
URBANO,PROMOÇÃO DO DESENVOLVIMENTO ECONÔMICO LOCAL COMPETITIVO SUSTENTÁVEL,TECIDO PRODUTIVO,CRESCIMENTO PRODUTIVO,81,67,85,8.2.2001,SMDECT/SIE/FRN,PIB per capita da cidade (Fonte IBGE - Estatisticas),>US$ 9.000,US$ 3.000–US$ 9.000,< US$ 3.000,2023,2021
URBANO,PROMOÇÃO DO DESENVOLVIMENTO ECONÔMICO LOCAL COMPETITIVO SUSTENTÁVEL,TECIDO PRODUTIVO,CRESCIMENTO PRODUTIVO,82,68,86,N/A,SMTDI,Taxa de crescimento do PIB per capita da cidade (Fonte: IBGE Estatísticas),"> 2,5%
O crescimento do PIB per capita da cidade é positivo e superior ao crescimento do PIB nacional (2)","2-2,5%
O crescimento do PIB per capita da cidade é positivo e igual ou similar ao crescimento do PIB nacional (1)","<2%
O crescimento do PIB per capita da cidade é positivo e igual ou similar ao ao crescimento do PIB nacional (0)",2023,"01,08"
URBANO,PROMOÇÃO DO DESENVOLVIMENTO ECONÔMICO LOCAL COMPETITIVO SUSTENTÁVEL,TECIDO PRODUTIVO,CRESCIMENTO PRODUTIVO,83,L 13,87,N/A,"Secretaria Executiva de Desenvolvimento Econômico, Ciência e Tecnologia",Porcentagem do PIB de Florianópolis em relação ao PIB de SC,> maior que a inflação,igual a inflação,< que a inflação,2023,"5,48"
URBANO,PROMOÇÃO DO DESENVOLVIMENTO ECONÔMICO LOCAL COMPETITIVO SUSTENTÁVEL,TECIDO PRODUTIVO,CRESCIMENTO PRODUTIVO,84,EBA 1,88,N/A,SMTDI,Taxa de crescimento do PIB da cidade (Fonte: IBGE Estatisticas),">3,5%
O crescimento do PIB da cidade é positivo e superior ao crescimento do PIB nacional (2)","3-3,5%
O crescimento do PIB  da cidade é positivo e igual ou similar ao crescimento do PIB nacional (1)","<3%
O crescimento do PIB da cidade é positivo e igual ou similar ao ao crescimento do PIB nacional (0)",2023,10
URBANO,PROMOÇÃO DO DESENVOLVIMENTO ECONÔMICO LOCAL COMPETITIVO SUSTENTÁVEL,MERCADO LABORAL,DESEMPREGO,85,69,89,8.1.2005,SMTDI/FNR,Taxa de desemprego (Fonte: IBGE - ESTATISTICAS - PNAD Contínua),< 7%,7%–12%,> 12%,2023,"4,3"
URBANO,PROMOÇÃO DO DESENVOLVIMENTO ECONÔMICO LOCAL COMPETITIVO SUSTENTÁVEL,MERCADO LABORAL,EMPREGO FORMAL,86,NOVO,90,8.1.2007,SMTDI/FNR,Porcentagem da população ocupada - Formal (Fonte: IBGE - ESTATISTICAS - PNAD Contínua) https://cidades.ibge.gov.br/brasil/sc/florianopolis/panorama,> 75%,75% - 65%,< 65%,2023,"63,72"
URBANO,PROMOÇÃO DO DESENVOLVIMENTO ECONÔMICO LOCAL COMPETITIVO SUSTENTÁVEL,MERCADO LABORAL,EMPREGO INFORMAL,87,70,91,N/A,SMTDI,Emprego informal como porcentagem do emprego total (Fonte: IBGE - ESTATISTICAS - PNAD Contínua) https://cidades.ibge.gov.br/brasil/sc/florianopolis/panorama,< 20%,20%–35%,> 35%,2023,"27,5"
URBANO,OFERTA DE SERVIÇOS SOCIAIS DE ALTO NÍVEL E PROMOÇÃO DA COESÃO SOCIAL,EDUCAÇÃO,QUALIDADE DO ENSINO,89,76,94,N/A,SME,Taxa de analfabetismo de pessoas acima de 15 anos,"< 0,5%","0,5% - 2%",> 2%,2023,"1,1"
URBANO,OFERTA DE SERVIÇOS SOCIAIS DE ALTO NÍVEL E PROMOÇÃO DA COESÃO SOCIAL,EDUCAÇÃO,QUALIDADE DO ENSINO,90,77,95,N/A,SME,Porcentagem de Estudantes do ensino fundamental com nível satisfatório em provas padronizadas (IDEB) de Leitura,>=70%,69%–50%,> 50%,2023,43
URBANO,OFERTA DE SERVIÇOS SOCIAIS DE ALTO NÍVEL E PROMOÇÃO DA COESÃO SOCIAL,EDUCAÇÃO,QUALIDADE DO ENSINO,91,78,96,N/A,SME,Porcentagem de Estudantes do ensino fundamental com nível satisfatório em provas padronizadas (IDEB) de Matemática,>=70%,69%–50%,> 50%,2023,18
URBANO,OFERTA DE SERVIÇOS SOCIAIS DE ALTO NÍVEL E PROMOÇÃO DA COESÃO SOCIAL,EDUCAÇÃO,QUALIDADE DO ENSINO,92,79,97,N/A,SME,Quantidade de alunos por professor nas escolas públicas,< 15:1,Entre 15:1 e 25:1,> 25:1,2023,"15,4"
URBANO,OFERTA DE SERVIÇOS SOCIAIS DE ALTO NÍVEL E PROMOÇÃO DA COESÃO SOCIAL,EDUCAÇÃO,ASSISTÊNCIA ESCOLAR,93,80,98,N/A,SME,Número de estudantes matriculados na pré-escola e recebem atendimento integral,Não Informado,Não Informado,Não Informado,2023,4382
URBANO,OFERTA DE SERVIÇOS SOCIAIS DE ALTO NÍVEL E PROMOÇÃO DA COESÃO SOCIAL,EDUCAÇÃO,ASSISTÊNCIA ESCOLAR,94,81,99,N/A,SME,Número de estudantes matriculados nos anos iniciais do ensino fundamental (6 a 11 anos),Não Informado,Não Informado,Não Informado,2023,"33,929"
URBANO,OFERTA DE SERVIÇOS SOCIAIS DE ALTO NÍVEL E PROMOÇÃO DA COESÃO SOCIAL,EDUCAÇÃO,ASSISTÊNCIA ESCOLAR,95,82,100,N/A,SME,Número de estudantes matriculados nos anos finais do ensino fundamental (12 a 15 anos),Não Informado,Não Informado,Não Informado,2023,"26,075"
URBANO,OFERTA DE SERVIÇOS SOCIAIS DE ALTO NÍVEL E PROMOÇÃO DA COESÃO SOCIAL,EDUCAÇÃO,ASSISTÊNCIA ESCOLAR,96,83,101,N/A,SEE,Número de estudantes matriculados no ensino médio (16 a 18 anos),Não Informado,Não Informado,Não Informado,2023,"18,056"
URBANO,OFERTA DE SERVIÇOS SOCIAIS DE ALTO NÍVEL E PROMOÇÃO DA COESÃO SOCIAL,EDUCAÇÃO,ASSISTÊNCIA ESCOLAR,98,NOVO,103,N/A,SME,Número de crianças com necessidades especiais matriculadas na Educação Básica (4 a 17 anos),sem valor de referência,Não Informado,Não Informado,2023,"3,85"
URBANO,OFERTA DE SERVIÇOS SOCIAIS DE ALTO NÍVEL E PROMOÇÃO DA COESÃO SOCIAL,EDUCAÇÃO,ASSISTÊNCIA ESCOLAR,99,NOVO,104,N/A,SME,Porcentagem das escolas que cumprem a Lei de Acessibilidade,> 95%,95% - 90%,< 90%,2023,"96,19"
URBANO,OFERTA DE SERVIÇOS SOCIAIS DE ALTO NÍVEL E PROMOÇÃO DA COESÃO SOCIAL,EDUCAÇÃO,ENSINO SUPERIOR,100,,103,4.1.2006,SME/FNR,Número de pessoas com ensino superior completo acima de 25 anos (por 100 mil habitantes),Não Informado,Não Informado,Não Informado,2023,383891
URBANO,OFERTA DE SERVIÇOS SOCIAIS DE ALTO NÍVEL E PROMOÇÃO DA COESÃO SOCIAL,SEGURANÇA,VIOLÊNCIA,101,85,104,10.1.2005,SSP/FNR,Quantidade de homicídios por 100 mil habitantes - população projetada pelo IBGE,< 10,10–25,> 25,2023,"4,5"
URBANO,OFERTA DE SERVIÇOS SOCIAIS DE ALTO NÍVEL E PROMOÇÃO DA COESÃO SOCIAL,SEGURANÇA,VIOLÊNCIA,102,NOVO,105,N/A,SSP,Quantidade de latrocínios por 100.000 habitantes - população projetada pelo IBGE,<5,5-10,>10,2023,"0,2"
URBANO,OFERTA DE SERVIÇOS SOCIAIS DE ALTO NÍVEL E PROMOÇÃO DA COESÃO SOCIAL,SEGURANÇA,VIOLÊNCIA,103,NOVO,106,N/A,SSP,Quantidade de feminicídios por 100.000 habitantes mulheres - população projetada pelo IBGE,<5,5-10,>10,2023,"0,2"
URBANO,OFERTA DE SERVIÇOS SOCIAIS DE ALTO NÍVEL E PROMOÇÃO DA COESÃO SOCIAL,SEGURANÇA,VIOLÊNCIA,104,86,107,N/A,SSP,Número de ocorrências de violência doméstica em mulheres,Não Informado,Não Informado,Não Informado,2023,"6,865"
URBANO,OFERTA DE SERVIÇOS SOCIAIS DE ALTO NÍVEL E PROMOÇÃO DA COESÃO SOCIAL,SEGURANÇA,VIOLÊNCIA,105,88,108,N/A,SSP,Roubos por 100 mil habitantes - população projetada pelo IBGE,< 300,300–1.000,> 1.000,2023,"144,5"
URBANO,OFERTA DE SERVIÇOS SOCIAIS DE ALTO NÍVEL E PROMOÇÃO DA COESÃO SOCIAL,SEGURANÇA,VIOLÊNCIA,106,89,109,N/A,SSP,Furtos por 100 mil habitantes - população projetada pelo IBGE,< 3.000,3.000–5.000,> 5.000,2023,"2770,1"
URBANO,OFERTA DE SERVIÇOS SOCIAIS DE ALTO NÍVEL E PROMOÇÃO DA COESÃO SOCIAL,SEGURANÇA,VIOLÊNCIA,107,NOVO,110,N/A,SSP,Furtos de veículos por 100 mil habitantes - população projetada pelo IBGE,<100,100-150,>150,2023,71
URBANO,OFERTA DE SERVIÇOS SOCIAIS DE ALTO NÍVEL E PROMOÇÃO DA COESÃO SOCIAL,SEGURANÇA,VIOLÊNCIA,108,NOVO,111,N/A,SSP,Roubos de veículos por 100 mil habitantes - população projetada pelo IBGE,<50,50-75,>75,2023,"16,8"
URBANO,OFERTA DE SERVIÇOS SOCIAIS DE ALTO NÍVEL E PROMOÇÃO DA COESÃO SOCIAL,SEGURANÇA,VIOLÊNCIA,109,,112,10.1.10,SSP/FNR,Crimes contra a propriedade por 100 000 habitantes,<50,50-75,>75,2023,"10,9"
URBANO,OFERTA DE SERVIÇOS SOCIAIS DE ALTO NÍVEL E PROMOÇÃO DA COESÃO SOCIAL,SAÚDE,NÍVEL DE SAÚDE,111,NOVO,114,N/A,SMS,Taxa Geral de mortalidade por 100.000 habitantes (População projetada IBGE),sem valor de referência,Não Informado,Não Informado,2023,"545,65"
URBANO,OFERTA DE SERVIÇOS SOCIAIS DE ALTO NÍVEL E PROMOÇÃO DA COESÃO SOCIAL,SAÚDE,NÍVEL DE SAÚDE,112,NOVO,115,N/A,SMS,Taxa Geral de mortalidade de homens por 100.000 habitantes (População projetada IBGE),sem valor de referência,Não Informado,Não Informado,2023,"569,4"
URBANO,OFERTA DE SERVIÇOS SOCIAIS DE ALTO NÍVEL E PROMOÇÃO DA COESÃO SOCIAL,SAÚDE,NÍVEL DE SAÚDE,113,NOVO,116,N/A,SMS,Taxa Geral de mortalidade de mulheres por 100.000 habitantes (População projetada IBGE),sem valor de referência,Não Informado,Não Informado,2023,"523,64"
URBANO,OFERTA DE SERVIÇOS SOCIAIS DE ALTO NÍVEL E PROMOÇÃO DA COESÃO SOCIAL,SAÚDE,NÍVEL DE SAÚDE,114,95,117,3.1.2004,SMS/FNR,Taxa de mortalidade infantil (crianças menores de 5 anos)por 100.000 habitantes (População projetada IBGE),< 20,20 -30,> 30,2023,"6,37"
URBANO,OFERTA DE SERVIÇOS SOCIAIS DE ALTO NÍVEL E PROMOÇÃO DA COESÃO SOCIAL,SAÚDE,NÍVEL DE SAÚDE,115,NOVO,118,N/A,SMS,Taxa de mortalidade Precoce (Anos potenciais de vida perdido - APVP) por 100.000 habitantes (População projetada IBGE),sem valor de referência,Não Informado,Não Informado,2023,"4238,98"
URBANO,OFERTA DE SERVIÇOS SOCIAIS DE ALTO NÍVEL E PROMOÇÃO DA COESÃO SOCIAL,SAÚDE,NÍVEL DE SAÚDE,116,NOVO,119,N/A,SMS,Taxa de mortalidade por doenças cardovasculares por 100.000 habitantes (População projetada IBGE),sem valor de referência,Não Informado,Não Informado,2023,"154,18"
URBANO,OFERTA DE SERVIÇOS SOCIAIS DE ALTO NÍVEL E PROMOÇÃO DA COESÃO SOCIAL,SAÚDE,NÍVEL DE SAÚDE,117,NOVO,120,N/A,SMS,Taxa de mortalidade por neoplasias por 100.000 habitantes (População projetada IBGE),sem valor de referência,Não Informado,Não Informado,2023,"149,23"
URBANO,OFERTA DE SERVIÇOS SOCIAIS DE ALTO NÍVEL E PROMOÇÃO DA COESÃO SOCIAL,SAÚDE,NÍVEL DE SAÚDE,118,NOVO,121,N/A,SMS,"Taxa de mortalidade por causas externas (acidentes, crimes, etc.) por 100.000 habitantes (População projetada IBGE)",sem valor de referência,Não Informado,Não Informado,2023,"46,86"
URBANO,OFERTA DE SERVIÇOS SOCIAIS DE ALTO NÍVEL E PROMOÇÃO DA COESÃO SOCIAL,SAÚDE,NÍVEL DE SAÚDE,119,NOVO,122,N/A,SMS,Taxa de internação de adultos por 100.000 habitantes (População projetada IBGE),sem valor de referência,Não Informado,Não Informado,2023,"5254,74"
URBANO,OFERTA DE SERVIÇOS SOCIAIS DE ALTO NÍVEL E PROMOÇÃO DA COESÃO SOCIAL,SAÚDE,NÍVEL DE SAÚDE,120,NOVO,123,N/A,SMS,Taxa de internação de crianças por 100.000 habitantes (População projetada IBGE),sem valor de referência,Não Informado,Não Informado,2023,"4932,08"
URBANO,OFERTA DE SERVIÇOS SOCIAIS DE ALTO NÍVEL E PROMOÇÃO DA COESÃO SOCIAL,SAÚDE,NÍVEL DE SAÚDE,121,NOVO,124,N/A,SMS,"Taxa de internação por causas externas (acidentes, crimes, etc. ) por 100.000 habitantes (População projetada IBGE)",sem valor de referência,Não Informado,Não Informado,2023,"644,14"
URBANO,OFERTA DE SERVIÇOS SOCIAIS DE ALTO NÍVEL E PROMOÇÃO DA COESÃO SOCIAL,SAÚDE,NÍVEL DE SAÚDE,122,NOVO,125,N/A,SMS,Taxa de internação por doenças cardiovasculares por 100.000 habitantes (População projetada IBGE),sem valor de referência,Não Informado,Não Informado,2023,"455,83"
URBANO,OFERTA DE SERVIÇOS SOCIAIS DE ALTO NÍVEL E PROMOÇÃO DA COESÃO SOCIAL,SAÚDE,NÍVEL DE SAÚDE,123,NOVO,126,N/A,SMS,Taxa de internação por neoplasias por 100.000 habitantes (População projetada IBGE),sem valor de referência,Não Informado,Não Informado,2023,"461,31"
URBANO,OFERTA DE SERVIÇOS SOCIAIS DE ALTO NÍVEL E PROMOÇÃO DA COESÃO SOCIAL,SAÚDE,NÍVEL DE SAÚDE,124,L 22,127,N/A,SMS,Prevalência de Diabetes Millitus: Percentual da população atendida nos hospitais e postos de Saúde pública que tem diabetes - População projetada pelo IBGE,sem valor de referência,Não Informado,Não Informado,2023,"7,27"
URBANO,OFERTA DE SERVIÇOS SOCIAIS DE ALTO NÍVEL E PROMOÇÃO DA COESÃO SOCIAL,SAÚDE,NÍVEL DE SAÚDE,125,L 23,128,3.1.2009,SMS/FNR,"Prevalência de obesidade: Percentual de indivíduos, com Índice de Massa Corporal (IMC) maior ou igual a 25 (População projetada pelo IBGE)",sem valor de referência,Não Informado,Não Informado,2023,"21,91"
URBANO,OFERTA DE SERVIÇOS SOCIAIS DE ALTO NÍVEL E PROMOÇÃO DA COESÃO SOCIAL,SAÚDE,NÍVEL DE SAÚDE,126,L 24,129,N/A,SMS,Prevalência de Hipertensão: Percentual de pessoas com  diagnóstico de hipertensão (População projetada pelo IBGE),"Abaixo de 5,7%","5,7% a 7,14%",Acima de 10%,2023,"22,08"
URBANO,OFERTA DE SERVIÇOS SOCIAIS DE ALTO NÍVEL E PROMOÇÃO DA COESÃO SOCIAL,SAÚDE,OFERTA DE SERVIÇOS DE SAÚDE,127,96,130,3.1.2003,SMS/FNR,Quantidade de médicos por 100 mil habitantes (População projetada pelo IBGE),> 200,75 - 200,< 75,2023,"2963,17"
URBANO,OFERTA DE SERVIÇOS SOCIAIS DE ALTO NÍVEL E PROMOÇÃO DA COESÃO SOCIAL,SAÚDE,OFERTA DE SERVIÇOS DE SAÚDE,128,97,131,N/A,SMS,"Quantidade de leitos de hospital por 100 mil habitantes, em hospitais públicos e privados",> 100,50 - 100,< 50,2023,"356,21"
URBANO,OFERTA DE SERVIÇOS SOCIAIS DE ALTO NÍVEL E PROMOÇÃO DA COESÃO SOCIAL,SAÚDE,OFERTA DE SERVIÇOS DE SAÚDE,129,NOVO,132,N/A,SMS,Quantidade de leitos de UTI em hospitais públicos e privados,sem valor de referência,Não Informado,Não Informado,2023,"51,6"
URBANO,OFERTA DE SERVIÇOS SOCIAIS DE ALTO NÍVEL E PROMOÇÃO DA COESÃO SOCIAL,SAÚDE,OFERTA DE SERVIÇOS DE SAÚDE,130,NOVO,133,N/A,SMS,Total de gasto do município com saúde pública por 100.000 habitantes,Sem valor de referência,Não Informado,Não Informado,2023,"104,182"
URBANO,OFERTA DE SERVIÇOS SOCIAIS DE ALTO NÍVEL E PROMOÇÃO DA COESÃO SOCIAL,SAÚDE,OFERTA DE SERVIÇOS DE SAÚDE,131,NOVO,134,N/A,SMS,"Total do valor recebidos do Estado e do Governo Federal, destinados à saúde no município por 100.000 habitantes",Sem valor de referência,Não Informado,Não Informado,2023,"33,716"
URBANO,OFERTA DE SERVIÇOS SOCIAIS DE ALTO NÍVEL E PROMOÇÃO DA COESÃO SOCIAL,SAÚDE,OFERTA DE SERVIÇOS DE SAÚDE,132,NOVO,135,N/A,SMS,Cobertura de saúde da família: Média/mês de residências atendidas na modalidade de saúde da família,Sem valor de referência,Não Informado,Não Informado,2023,"104,73"
URBANO,OFERTA DE SERVIÇOS SOCIAIS DE ALTO NÍVEL E PROMOÇÃO DA COESÃO SOCIAL,SAÚDE,OFERTA DE SERVIÇOS DE SAÚDE,133,NOVO,136,N/A,SMS,Média/mês de pessoas atendidas nas UPAS e nos Postos de Saúde.,Sem valor de referência,Não Informado,Não Informado,2023,"210,034"
URBANO,OFERTA DE SERVIÇOS SOCIAIS DE ALTO NÍVEL E PROMOÇÃO DA COESÃO SOCIAL,SAÚDE,OFERTA DE SERVIÇOS DE SAÚDE,134,NOVO,137,N/A,ACM,Quantas vidas asseguradas em plano de saúde privada?,Sem valor de referência,Não Informado,Não Informado,2023,"345,085"
URBANO,OFERTA DE SERVIÇOS SOCIAIS DE ALTO NÍVEL E PROMOÇÃO DA COESÃO SOCIAL,SAÚDE,OFERTA DE SERVIÇOS DE SAÚDE,135.1,,,N/A,SMS,Cobertura Vacinal - BCG - ao nascer,>=meta 90%,41 até <meta,<40,2023,"21,71"
URBANO,OFERTA DE SERVIÇOS SOCIAIS DE ALTO NÍVEL E PROMOÇÃO DA COESÃO SOCIAL,SAÚDE,OFERTA DE SERVIÇOS DE SAÚDE,135.2,,,N/A,SMS,Cobertura Vacinal - HEPATITE B - ao nascer,>=meta 95%,41 até <meta,<40,2023,"20,16"
URBANO,OFERTA DE SERVIÇOS SOCIAIS DE ALTO NÍVEL E PROMOÇÃO DA COESÃO SOCIAL,SAÚDE,OFERTA DE SERVIÇOS DE SAÚDE,135.3,,,N/A,SMS,Cobertura Vacinal - FEBRE AMARELA - menores 1 ano,>=meta 95%,41 até <meta,<40,2023,"64,83"
URBANO,OFERTA DE SERVIÇOS SOCIAIS DE ALTO NÍVEL E PROMOÇÃO DA COESÃO SOCIAL,SAÚDE,OFERTA DE SERVIÇOS DE SAÚDE,135.4,,,N/A,SMS,Cobertura Vacinal - HEPATITE B - menores 1 ano,>=meta 95%,41 até <meta,<40,2023,"79,58"
URBANO,OFERTA DE SERVIÇOS SOCIAIS DE ALTO NÍVEL E PROMOÇÃO DA COESÃO SOCIAL,SAÚDE,OFERTA DE SERVIÇOS DE SAÚDE,135.5,,,N/A,SMS,Cobertura Vacinal - DTP - menores 1 ano,>=meta 95%,41 até <meta,<40,2023,"79,6"
URBANO,OFERTA DE SERVIÇOS SOCIAIS DE ALTO NÍVEL E PROMOÇÃO DA COESÃO SOCIAL,SAÚDE,OFERTA DE SERVIÇOS DE SAÚDE,135.6,,,N/A,SMS,Cobertura Vacinal - MENINGO C - menores 1 ano,>=meta 95%,41 até <meta,<40,2023,"67,23"
URBANO,OFERTA DE SERVIÇOS SOCIAIS DE ALTO NÍVEL E PROMOÇÃO DA COESÃO SOCIAL,SAÚDE,OFERTA DE SERVIÇOS DE SAÚDE,135.7,,,N/A,SMS,Cobertura Vacinal - PENTAVALENTE - menores 1 no,>=meta 95%,41 até <meta,<40,2023,"79,57"
URBANO,OFERTA DE SERVIÇOS SOCIAIS DE ALTO NÍVEL E PROMOÇÃO DA COESÃO SOCIAL,SAÚDE,OFERTA DE SERVIÇOS DE SAÚDE,135.8,,,N/A,SMS,Cobertura Vacinal - PNEUMO 10 - menores 1 ano,>=meta 95%,41 até <meta,<40,2023,"78,46"
URBANO,OFERTA DE SERVIÇOS SOCIAIS DE ALTO NÍVEL E PROMOÇÃO DA COESÃO SOCIAL,SAÚDE,OFERTA DE SERVIÇOS DE SAÚDE,135.9,,,N/A,SMS,Cobertura Vacinal - POLIOMELITE injetável - menores 1 ano,>=meta 95%,41 até <meta,<40,2023,"79,11"
URBANO,OFERTA DE SERVIÇOS SOCIAIS DE ALTO NÍVEL E PROMOÇÃO DA COESÃO SOCIAL,SAÚDE,OFERTA DE SERVIÇOS DE SAÚDE,135.10,,,N/A,SMS,Cobertura Vacinal - ROTAVIRUS - menores 1 ano,>=meta 90%,41 até <meta,<40,2023,"76,55"
URBANO,OFERTA DE SERVIÇOS SOCIAIS DE ALTO NÍVEL E PROMOÇÃO DA COESÃO SOCIAL,SAÚDE,OFERTA DE SERVIÇOS DE SAÚDE,135.11,,,N/A,SMS,Cobertura Vacinal - HEPATITE A - 1 ano de idade,>=meta 95%,41 até <meta,<40,2023,"74,74"
URBANO,OFERTA DE SERVIÇOS SOCIAIS DE ALTO NÍVEL E PROMOÇÃO DA COESÃO SOCIAL,SAÚDE,OFERTA DE SERVIÇOS DE SAÚDE,135.12,,,N/A,SMS,Cobertura Vacinal - DTP 1º reforço - 1 ano de idade,>=meta 95%,41 até <meta,<40,2023,"68,22"
URBANO,OFERTA DE SERVIÇOS SOCIAIS DE ALTO NÍVEL E PROMOÇÃO DA COESÃO SOCIAL,SAÚDE,OFERTA DE SERVIÇOS DE SAÚDE,135.13,,,N/A,SMS,Cobertura Vacinal - TRIPLICE VIRAL 1ª dose - 1 ano de idade,>=meta 95%,41 até <meta,<40,2023,"75,93"
URBANO,OFERTA DE SERVIÇOS SOCIAIS DE ALTO NÍVEL E PROMOÇÃO DA COESÃO SOCIAL,SAÚDE,OFERTA DE SERVIÇOS DE SAÚDE,135.14,,,N/A,SMS,Cobertura Vacinal - TRIPLICE VIRAL 2ª dose - 1 ano de idade,>=meta 95%,41 até <meta,<40,2023,"59,3"
URBANO,OFERTA DE SERVIÇOS SOCIAIS DE ALTO NÍVEL E PROMOÇÃO DA COESÃO SOCIAL,SAÚDE,OFERTA DE SERVIÇOS DE SAÚDE,135.15,,,N/A,SMS,Cobertura Vacinal - PNEUMO 10 1º reforço - 1 ano de idade,>=meta 95%,41 até <meta,<40,2023,"68,62"
URBANO,OFERTA DE SERVIÇOS SOCIAIS DE ALTO NÍVEL E PROMOÇÃO DA COESÃO SOCIAL,SAÚDE,OFERTA DE SERVIÇOS DE SAÚDE,135.16,,,N/A,SMS,Cobertura Vacinal - VARICELA - 1 ano de idade,>=meta 95%,41 até <meta,<40,2023,"53,92"
URBANO,OFERTA DE SERVIÇOS SOCIAIS DE ALTO NÍVEL E PROMOÇÃO DA COESÃO SOCIAL,SAÚDE,OFERTA DE SERVIÇOS DE SAÚDE,135.17,,,N/A,SMS,Cobertura Vacinal - POLIO ORAL LIVALENTE - 1 ano de idade,>=meta 95%,41 até <meta,<40,2023,"68,66"
URBANO,OFERTA DE SERVIÇOS SOCIAIS DE ALTO NÍVEL E PROMOÇÃO DA COESÃO SOCIAL,SAÚDE,OFERTA DE SERVIÇOS DE SAÚDE,135.18,,,N/A,SMS,Cobertura Vacinal - MENINGO C - 1 ano de idade,>=meta 95%,41 até <meta,<40,2023,"63,31"
URBANO,OFERTA DE SERVIÇOS SOCIAIS DE ALTO NÍVEL E PROMOÇÃO DA COESÃO SOCIAL,SAÚDE,OFERTA DE SERVIÇOS DE SAÚDE,135.19,,,N/A,SMS,Cobertura Vacinal - DTPA ADULTO,>=meta 95%,41 até <meta,<40,2023,"69,46"
URBANO,OFERTA DE SERVIÇOS SOCIAIS DE ALTO NÍVEL E PROMOÇÃO DA COESÃO SOCIAL,SAÚDE,OFERTA DE SERVIÇOS DE SAÚDE,135,L 21,138,N/A,SMS,Cobertura de vacinas,sem valor de referência,Não Informado,Não Informado,2023,69
URBANO,COMPETITIVIDADE,CAPITAL HUMANO,CULTURA,136,L 18,139,N/A,SMF,Investimento em cultura per capita: por habitante (população projetada IBGE),"> R$ 26,83","R$ 17,88  a R$ 26,82","< R$ 17,87",2023,"58,22"
URBANO,COMPETITIVIDADE,CAPITAL HUMANO,CULTURA,137,L 19,140,N/A,SMF,"Investimento em cultura sobre receita corrente líquida: total da receita líquida investida em cultura, no ano.","> R$ 2,47","R$ 1,77 a R$ 2,47","< R$ 1,76",2023,"01,04"
URBANO,COMPETITIVIDADE,TECIDO EMPRESARIAL,INTERNACIONALIZAÇÃO,138,99,141,N/A,SMTDI,Percentual de  exportações de bens e serviços em relação ao PIB projetado IBGE do município  (Fonte: http://comexstat.mdic.gov.br/pt/municipio - Exportações no SISCOMEX - Ministério da Economia e PIB do IBGE),sem valor de referência,Não Informado,Não Informado,2023,"51,811"
URBANO,COMPETITIVIDADE,TECIDO EMPRESARIAL,DESENVOLVIMENTO EMPRESARIAL,139,102,142,N/A,SMTDI,Incremento anual da quantidade de  empresas - Porcentagem de novas empresas abertas no ano (inclui todos os tamanhos de empresas),sem valor de referência,Não Informado,Não Informado,2023,21
URBANO,COMPETITIVIDADE,TECIDO EMPRESARIAL,DESENVOLVIMENTO EMPRESARIAL,140,NOVO,143,N/A,SMF,"Porcentagem de variação do faturamento, em relação ao ano anterior, das empresas de tecnologia",sem valor de referência,Não Informado,Não Informado,2023,"25,07"
URBANO,COMPETITIVIDADE,TECIDO EMPRESARIAL,DESENVOLVIMENTO EMPRESARIAL,141,NOVO,144,N/A,SMF,Porcentagem de participação da receita de impostos cobrados do setor de tecnologia em relação aos impostos totais,sem valor de referência,Não Informado,Não Informado,2023,"15,78"
URBANO,COMPETITIVIDADE,TECIDO EMPRESARIAL,DESENVOLVIMENTO EMPRESARIAL,142,NOVO,145,N/A,SMF,"Porcentagem de variação do faturamento, em relação ao ano anterior, das empresas de hotelaria e pousadas",sem valor de referência,Não Informado,Não Informado,2023,"29,62"
URBANO,COMPETITIVIDADE,TECIDO EMPRESARIAL,DESENVOLVIMENTO EMPRESARIAL,143,NOVO,146,N/A,SMF,Porcentagem de participação da receita de impostos cobrados do setor de saúde privada em relação aos impostos totais,sem valor de referência,Não Informado,Não Informado,2023,"5,86"
URBANO,COMPETITIVIDADE,TECIDO EMPRESARIAL,DESENVOLVIMENTO EMPRESARIAL,144,NOVO,147,N/A,SMF,"Porcentagem de variação do faturamento, em relação ao ano anterior, das empresas de saúde privada",sem valor de referência,Não Informado,Não Informado,2023,"18,61"
URBANO,COMPETITIVIDADE,TECIDO EMPRESARIAL,DESENVOLVIMENTO EMPRESARIAL,145,NOVO,148,N/A,SMF,Porcentagem de participação da receita de impostos cobrados do segmento de hotelaria e pousada em relação aos impostos totais,sem valor de referência,Não Informado,Não Informado,2023,"2,66"
URBANO,COMPETITIVIDADE,TECIDO EMPRESARIAL,DESENVOLVIMENTO EMPRESARIAL,146,NOVO,149,N/A,SEF,"Porcentagem de variação do faturamento, em relação ao ano anterior, das empresas de bares e restaurantes",sem valor de referência,Não Informado,Não Informado,2023,"16,7"
URBANO,COMPETITIVIDADE,TECIDO EMPRESARIAL,DESENVOLVIMENTO EMPRESARIAL,147,NOVO,150,N/A,SEF,Percentual de participação da receita de impostos do segmento de bares e restaurantes em relação aos impostos totais,sem valor de referência,Não Informado,Não Informado,2023,"0,87"
URBANO,COMPETITIVIDADE,TECIDO EMPRESARIAL,DESENVOLVIMENTO EMPRESARIAL,149,NOVO,152,N/A,SMTDI,Porcentagem de Crescimento de pessoas empregadas no segmento de tecnologia (Fonte: ACATE),sem valor de referência,Não Informado,Não Informado,2023,2022
URBANO,COMPETITIVIDADE,TECIDO EMPRESARIAL,DESENVOLVIMENTO EMPRESARIAL,151,NOVO,154,N/A,SHRBS,Porcentagem de ocupação dos leitos de hotelaria e pousada (Fonte SHRBS),sem valor de referência,Não Informado,Não Informado,2023,"57,16"
URBANO,COMPETITIVIDADE,TECIDO EMPRESARIAL,DESENVOLVIMENTO EMPRESARIAL,153,,156,8.1.2006,SMTDI/FNR,Número de empresas (por 100 mil habitantes),sem valor de referência,Não Informado,Não Informado,2023,"23,44"
FISCAL,MECANISMOS ADEQUADOS DE GOVERNO,GESTÃO PÚBLICA PARTICIPATIVA,PRESTAÇÃO DE CONTAS AO CIDADÃO,154,NOVO,157,N/A,SMF,Qual a porcentagem do orçamento que a Sociedade Civil participa na sua definição,sem valor de referência,Não Informado,Não Informado,2023,756
FISCAL,MECANISMOS ADEQUADOS DE GOVERNO,GESTÃO PÚBLICA MODERNA,PROCESSOS MODERNOS DE GESTÃO PÚBLICA DO ORÇAMENTO MUNICIPAL,155,NOVO,158,N/A,SMF,Porcentagem do gasto com pessoal em relação ao gasto total  (conforme conta 3.1.1.00.00.00 conforme dados do SICONFI do TCE-SC),sem valor de referência,Não Informado,Não Informado,2023,"54,49"
FISCAL,MECANISMOS ADEQUADOS DE GOVERNO,GESTÃO PÚBLICA MODERNA,PROCESSOS MODERNOS DE GESTÃO PÚBLICA DO ORÇAMENTO MUNICIPAL,156,NOVO,159,N/A,SMA,"Porcentagem mensal de horas falta sem atestado, em relação ao total de horas contratadas",sem valor de referência,Não Informado,Não Informado,2023,"0,45"
FISCAL,MECANISMOS ADEQUADOS DE GOVERNO,GESTÃO PÚBLICA MODERNA,PROCESSOS MODERNOS DE GESTÃO PÚBLICA DO ORÇAMENTO MUNICIPAL,157,NOVO,160,N/A,SMA,"Porcentagem mensal de horas falta com atestado, em relação ao total de horas contratadas",sem valor de referência,Não Informado,Não Informado,2023,"9,43"
FISCAL,MECANISMOS ADEQUADOS DE GOVERNO,GESTÃO PÚBLICA MODERNA,PROCESSOS MODERNOS DE GESTÃO PÚBLICA DO ORÇAMENTO MUNICIPAL,158,NOVO,161,N/A,SMLCP,Porcentagem do valor das compras totais da administração pública municipal feitas por meio de pregão eletrônico,sem valor de referência,Não Informado,Não Informado,2023,"43,02"
FISCAL,MECANISMOS ADEQUADOS DE GOVERNO,GESTÃO PÚBLICA MODERNA,PROCESSOS MODERNOS DE GESTÃO PÚBLICA DO ORÇAMENTO MUNICIPAL,159,NOVO,162,N/A,SMLCP,Porcentagem do valor das compras totais da administração pública municipais feitas por meio de pregão presencial,sem valor de referência,Não Informado,Não Informado,2023,"2,22"
FISCAL,MECANISMOS ADEQUADOS DE GOVERNO,GESTÃO PÚBLICA MODERNA,PROCESSOS MODERNOS DE GESTÃO PÚBLICA DO ORÇAMENTO MUNICIPAL,160,NOVO,163,N/A,SMLCP,Porcentagem do valor das compras totais da administração pública municipais feitas por meio de tomada de preços,sem valor de referência,Não Informado,Não Informado,2023,"6,65"
FISCAL,MECANISMOS ADEQUADOS DE GOVERNO,GESTÃO PÚBLICA MODERNA,PROCESSOS MODERNOS DE GESTÃO PÚBLICA DO ORÇAMENTO MUNICIPAL,161,NOVO,164,N/A,SMLCP,"Porcentagem do valor das compras totais da administração pública por inexigibilidade, por contratação direta",sem valor de referência,Não Informado,Não Informado,2023,"13,3"
FISCAL,MECANISMOS ADEQUADOS DE GOVERNO,GESTÃO PÚBLICA MODERNA,PROCESSOS MODERNOS DE GESTÃO PÚBLICA DO ORÇAMENTO MUNICIPAL,162,NOVO,165,N/A,SMLCP,Porcentagem do valor das compras totais da administração pública municipais em que são dispensadas licitações com base em lei especifica,sem valor de referência,Não Informado,Não Informado,2023,"25,72"
FISCAL,MECANISMOS ADEQUADOS DE GOVERNO,GESTÃO PÚBLICA MODERNA,PROCESSOS MODERNOS DE GESTÃO PÚBLICA DO ORÇAMENTO MUNICIPAL,163,NOVO,166,N/A,SMLCP,Porcentagem do valor das compras totais da administração pública municipal feitas por meio de concorrência pública,sem valor de referência,Não Informado,Não Informado,2023,"6,65"
FISCAL,MECANISMOS ADEQUADOS DE GOVERNO,TRANSPARÊNCIA,TRANSPARÊNCIA E AUDITORIA DA GESTÃO PÚBLICA,164,114,,N/A,Controladoria Geral do Município,Índice de transparência: Consultar transparência internacional Brasil,> 6,"3,0 - 6,0",< 3,2023,"85,77"
FISCAL,GESTÃO ADEQUADA DA RECEITA,IMPOSTOS E AUTONOMIA FINANCEIRA,RECEITAS E IMPOSTOS MUNICIPAIS,165,118,168,9.2.2006,SMF/FNR,"Receita própria: Porcentagem da receita do governo municipal proveniente de tributos (tarifas, encargos e impostos) permitidos pela lei em relação à receita total.",Comparar com as metas da PMF,Não Informado,Não Informado,2023,"51,19"
FISCAL,GESTÃO ADEQUADA DA RECEITA,IMPOSTOS E AUTONOMIA FINANCEIRA,RECEITAS E IMPOSTOS MUNICIPAIS,166,119,169,N/A,SMF,Porcentagem das transferências totais recebidas de outros níveis de governo em relação a receita total.,Comparado com diferentes cidades - sem padrão - fazer parâmetro em SC,Não Informado,Não Informado,2023,"34,05"
FISCAL,GESTÃO ADEQUADA DA RECEITA,IMPOSTOS E AUTONOMIA FINANCEIRA,RECEITAS E IMPOSTOS MUNICIPAIS,167,120,170,N/A,SMF,Porcentagem das transferências recebidas destinadas a usos específicos (pré-definidos) em relação as transferências totais,Comparado com diferentes cidades - sem padrão - fazer parâmetro em SC,Não Informado,Não Informado,2023,"46,03"
FISCAL,GESTÃO ADEQUADA DA RECEITA,IMPOSTOS E AUTONOMIA FINANCEIRA,RECEITAS E IMPOSTOS MUNICIPAIS,168,121,171,N/A,SMF,Porcentagem das receitas de fontes externas ao governo municipal (excluindo-se receita própria e transferências) em relação a receita total,Comparado com diferentes cidades - sem padrão - fazer parâmetro em SC,Não Informado,Não Informado,2023,"27,63"
FISCAL,GESTÃO ADEQUADA DA RECEITA,IMPOSTOS E AUTONOMIA FINANCEIRA,RECEITAS E IMPOSTOS MUNICIPAIS,169,122,172,N/A,SMF,Porcentagem das receitas próprias acrescidas as transferências sem fim definido em relação a receita total,≥ 80%,> 61%  e  < 80%,≤ 61%,2023,"72,37"
FISCAL,GESTÃO ADEQUADA DA RECEITA,IMPOSTOS E AUTONOMIA FINANCEIRA,RECEITAS E IMPOSTOS MUNICIPAIS,170,NOVO,173,N/A,SMF,Porcentagem da variação anual da cota parte do ICMS,Acima do IPCA,Igual ao IPCA,Abaixo do IPCA,2023,"0,83"
FISCAL,GESTÃO ADEQUADA DA RECEITA,IMPOSTOS E AUTONOMIA FINANCEIRA,RECEITAS E IMPOSTOS MUNICIPAIS,171,NOVO,174,N/A,SMF,Porcentagem de variação anual da arrecadação do ISS,Acima do IPCA,Igual ao IPCA,Abaixo do IPCA,2023,"28,37"
FISCAL,GESTÃO ADEQUADA DA RECEITA,IMPOSTOS E AUTONOMIA FINANCEIRA,RECEITAS E IMPOSTOS MUNICIPAIS,172,NOVO,175,N/A,SMF,Porcentagem de variação anual da arrecadação do IPTU,Acima do IPCA,Igual ao IPCA,Abaixo do IPCA,2023,"14,27"
FISCAL,GESTÃO ADEQUADA DA RECEITA,IMPOSTOS E AUTONOMIA FINANCEIRA,RECEITAS E IMPOSTOS MUNICIPAIS,173,NOVO,176,N/A,SMF,Percentual da variação anual da arrecadação do ITBI,Acima do IPCA,Igual ao IPCA,Abaixo do IPCA,2023,"-4,74"
FISCAL,GESTÃO ADEQUADA DA RECEITA,IMPOSTOS E AUTONOMIA FINANCEIRA,RECEITAS E IMPOSTOS MUNICIPAIS,174,NOVO,177,N/A,SMF,Porcentagem de variação da dívida ativa em relação ao ano anterior,< 0,0 - IPCA,> IPCA,2023,"105,18"
FISCAL,GESTÃO ADEQUADA DA RECEITA,IMPOSTOS E AUTONOMIA FINANCEIRA,GESTÃO DE COBRANÇAS,175,NOVO,178,N/A,SMF,Porcentagem de inadimplência do IPTU,sem valor de referência,Não Informado,Não Informado,2023,"19,81"
FISCAL,GESTÃO ADEQUADA DAS DESPESAS,GESTÃO DO GASTO PÚBLICO,QUALIDADE DO GASTO PÚBLICO,176,126,179,N/A,SMF (Siconfi-TCE/SC),Porcentagem dos gastos correntes em relação aos gastos totais,Comparado com diferentes cidades - sem padrão - fazer parâmetro em SC,Não Informado,Não Informado,2023,"85,36"
FISCAL,GESTÃO ADEQUADA DAS DESPESAS,GESTÃO DO GASTO PÚBLICO,QUALIDADE DO GASTO PÚBLICO,177,127,180,9.2.2005,SMF/FNR,Despesas de capital como porcentagem do total de gastos: Percentual de investimentos em ativo fixo (despesas de capital) em relação aos gastos totais,Comparado com diferentes cidades - sem padrão - fazer parâmetro em SC,Não Informado,Não Informado,2023,"14,63"
FISCAL,GESTÃO ADEQUADA DAS DESPESAS,GESTÃO DO GASTO PÚBLICO,QUALIDADE DO GASTO PÚBLICO,178,128,181,N/A,SMF,Taxa média de crescimento anual do gasto corrente: Porcentagem de variação no ano dos gastos correntes,< 0,0 - IPCA,> IPCA,2023,"16,95"
FISCAL,GESTÃO ADEQUADA DAS DESPESAS,GESTÃO DO GASTO PÚBLICO,QUALIDADE DO GASTO PÚBLICO,179,L 1,182,N/A,SMF,Despesa de pessoal/Receita corrente líquida: percentual da depesas totais (salário + engargos + vales transporte e alimentação + plano de saúde) e de pessoal em relação a receita corrente líquida,"< 51,3%","51,3% a 54%",> 54%,2023,"49,53"
FISCAL,GESTÃO ADEQUADA DAS DESPESAS,GESTÃO DO GASTO PÚBLICO,QUALIDADE DO GASTO PÚBLICO,180,NOVO,183,N/A,SMF,Porcentagem das despesas com contratação de pessoal tercerizado (terceiros PJ + PF +  locação de mão de obra) em relação a receita total líquida.,sem valor de referência,Não Informado,Não Informado,2023,"4,73"
FISCAL,Gestao Adequada da Divida,Divida,SUSTENTABILIDADE DA DÍVIDA,181,131,184,9.2.2004,SMF/FNR,Crescimento do serviço da dívida: Porcentagem dos juros da dívida em relação a receita própria,< 5%,5% - 10%,> 10%,2023,"8,55"
FISCAL,Gestao Adequada da Divida,Divida,SUSTENTABILIDADE DA DÍVIDA,182,132,185,N/A,SMF,Crescimento da dívida: Porcentagem de crescimento da dívida (Emprestimos de curto e longo prazo),A taxa de crescimento real anual é negativa,A taxa de crescimento real anual está entre 0% e 2%,A taxa de crescimento real anual é superior a 2%,2023,"-61,7"
FISCAL,Gestao Adequada da Divida,Divida,LEI DE RESPONSABILIDADE FISCAL,183,L 2,186,N/A,SMF,Dívida consolidada líquida/Receita corrente líquida: Porcentagem da dívida consolidada líquida em relação a receita corrente líquida,< 50%,50% a 60%,> 60%,2023,"24,19"
FISCAL,Gestao Adequada da Divida,Divida,LEI DE RESPONSABILIDADE FISCAL,184,L 3,187,N/A,SMF,Operação de Crédito/Receita Corrente Líquida:Porcentagem do valor das operações de crédito contratadas no ano em relação a receita corrente líquida,Menor 10%,Entre 10 e 16%,Acima 16%,2023,"1,97"
AMBIENTAL,MANEJO AMBIENTAL E CONSUMO DOS RECURSOS NATURAIS,ÁGUA,COBERTURA DE ÁGUA,1,1,1,7.1.2001,CASAN/FNR,Porcentagem de pessoas com serviço de abastecimento de água potável em relação à população total do município,> 90%–100%,75%–90%,< 75%,2024,"0,93"
AMBIENTAL,MANEJO AMBIENTAL E CONSUMO DOS RECURSOS NATURAIS,ÁGUA,EFICIÊNCIA NO USO DA ÁGUA,2,2,2,7.1.2005,CASAN/FNR,Quantidade total do consumo de água em litros por dia dividida pelo total da população. Inclui uso não doméstico.,120–200,80–120 ou 200–250,< 80 ou > 250,2024,"178,9"
AMBIENTAL,MANEJO AMBIENTAL E CONSUMO DOS RECURSOS NATURAIS,ÁGUA,EFICIÊNCIA NO SERVIÇO DE ABASTECIMENTO DE ÁGUA,3,3,3,N/A,CASAN,Média anual de horas/dia em que há o fornecimento contínuo de água.,> 20 h/dia,12–20 h/dia,< 12 h/dia,2024,24
AMBIENTAL,MANEJO AMBIENTAL E CONSUMO DOS RECURSOS NATURAIS,ÁGUA,EFICIÊNCIA NO SERVIÇO DE ABASTECIMENTO DE ÁGUA,4,4,4,7.1.2004,CASAN/FNR,Qualidade da água: Porcentagem do número total de testes conformes em relação ao número total de testes de qualidade de água tratada realizados.,> 97%,90%–97%,< 90%,2024,"0,9608"
AMBIENTAL,MANEJO AMBIENTAL E CONSUMO DOS RECURSOS NATURAIS,ÁGUA,EFICIÊNCIA NO SERVIÇO DE ABASTECIMENTO DE ÁGUA,5,5,5,7.1.2006,CASAN/FNR,Água não contabilizada = Índice de perdas na distribuição de água.,0%–30%,30%–45%,> 45%,2024,"0,38"
AMBIENTAL,MANEJO AMBIENTAL E CONSUMO DOS RECURSOS NATURAIS,SANEAMENTO E DRENAGEM,COBERTURA DE SANEAMENTO,7,7,7,N/A,CASAN,Porcentagem de moradias com ligação ao sistema de esgoto,> 75%,75%–60%,< 60%,2024,"0,65"
AMBIENTAL,MANEJO AMBIENTAL E CONSUMO DOS RECURSOS NATURAIS,SANEAMENTO E DRENAGEM,TRATAMENTO DE ÁGUA RESIDUÁRIAS,8,8,8,N/A,CASAN,Porcentagem de águas residuais ou efluente (águas de esgoto) tratadas: total de m³ de águas residuais que entram anualmente nas estações de tratamento dividido pelo total de m³ de água faturadas.,> 60%,40%–60%,< 40%,2024,"0,63"
AMBIENTAL,MANEJO AMBIENTAL E CONSUMO DOS RECURSOS NATURAIS,GESTÃO DE RESÍDUOS  SÓLIDOS,COBERTURA COLETA DE RESÍDUOS SÓLIDOS,10,10,10,N/A,COMCAP,Porcentagem das moradias com coleta regular de resíduos sólidos.,90%–100%,80%–90%,< 80%,2024,"1,00"
AMBIENTAL,MANEJO AMBIENTAL E CONSUMO DOS RECURSOS NATURAIS,GESTÃO DE RESÍDUOS  SÓLIDOS,VOLUME DE RESIDUOS SÓLIDOS,11,L 5,11,N/A,COMCAP,"Toneladas totais de resíduos sólidos recolhidos (lixo convencional, coleta seletiva, lixo hospitalar, lixo pesado).",Sem valor de referência,Não Informado,Não Informado,2024,"259,313"
AMBIENTAL,MANEJO AMBIENTAL E CONSUMO DOS RECURSOS NATURAIS,GESTÃO DE RESÍDUOS  SÓLIDOS,VOLUME DE RESIDUOS SÓLIDOS,12,NOVO,12,N/A,COMCAP,"Quantidade (kg) de resíduos sólidos coletados por habitante, por dia (população projetada IBGE)","≤ 1,0","1,01 - 1,5",">1,5",2024,"1,14"
AMBIENTAL,MANEJO AMBIENTAL E CONSUMO DOS RECURSOS NATURAIS,GESTÃO DE RESÍDUOS  SÓLIDOS,DISPOSIÇÃO FINAL DOS RESÍDUOS SÓLIDOS,13,11,13,7.3.2005,COMCAP/FNR,Porcentagem de resíduos sólidos municipais depositados em aterros sanitários,<35%,36%- 50%,> 50%,2024,"0,8681"
AMBIENTAL,MANEJO AMBIENTAL E CONSUMO DOS RECURSOS NATURAIS,GESTÃO DE RESÍDUOS  SÓLIDOS,DISPOSIÇÃO FINAL DOS RESÍDUOS SÓLIDOS,14,12,14,N/A,COMCAP,Vida remanescente útil das instalações de aterro sanitário,> 8,5–8,< 5,2024,24
AMBIENTAL,MANEJO AMBIENTAL E CONSUMO DOS RECURSOS NATURAIS,GESTÃO DE RESÍDUOS  SÓLIDOS,TRATAMENTO DOS                                                                    RESÍDUOS SÓLIDOS,15,14,15,N/A,COMCAP,Porcentagem de resíduos sólidos municipais compostados pela Prefeitura,> 20%,5%–20%,< 5%,2024,"0,1293"
AMBIENTAL,MANEJO AMBIENTAL E CONSUMO DOS RECURSOS NATURAIS,GESTÃO DE RESÍDUOS  SÓLIDOS,TRATAMENTO DOS                                                                    RESÍDUOS SÓLIDOS,16,15,16,7.3.2004,COMCAP/FNR,Porcentagem de resíduos sólidos separados e classificados para reciclagem,> 25%,15%–25%,< 15%,2024,"0,1073"
AMBIENTAL,MANEJO AMBIENTAL E CONSUMO DOS RECURSOS NATURAIS,GESTÃO DE RESÍDUOS  SÓLIDOS,TRATAMENTO DOS                                                                    RESÍDUOS SÓLIDOS,17,16,17,7.3.2006,COMCAP/FNR,Porcentagem de resíduos sólidos tratados em usinas de geração de energia a partir de resíduos em relação ao total de resíduos sólidos produzidos.,> 20 %,10%- 19%,< 10%,2024,0
AMBIENTAL,MANEJO AMBIENTAL E CONSUMO DOS RECURSOS NATURAIS,ENERGIA,COBERTURA ENERGÉTICA,18,17,18,N/A,CELESC,Porcentagem de domicílios(residenciais) com ligação autorizada à energia elétrica,90%–100%,70%–90%,< 70%,2024,"0,9808"
AMBIENTAL,MANEJO AMBIENTAL E CONSUMO DOS RECURSOS NATURAIS,ENERGIA,COBERTURA ENERGÉTICA,19,,20,7.4.2006,SC GÁS /FNR,Número de conexões de serviço de distribuição de gás - residencial (por 100 mil habitantes),> 54.000,> 33.000 = < 54.000,< 33.000,2024,"4,588"
AMBIENTAL,MANEJO AMBIENTAL E CONSUMO DOS RECURSOS NATURAIS,ENERGIA,COBERTURA ENERGÉTICA,20,19,21,7.4.2007,CELESC /FNR,"Média de interrupção do fornecimento de energia elétrica por domicílio/ano, expresso em h/domicílio/ano",< 7h,7–10h,> 10h,2024,"5,61"
AMBIENTAL,MANEJO AMBIENTAL E CONSUMO DOS RECURSOS NATURAIS,ENERGIA,EFICIÊNCIA ENERGÉTICA,21,21,22,N/A,CELESC,Consumo anual de eletricidade por cliente residencial em Kw/h,1500–3500 kWh/por domicílio/ano,"900–1500 kWh/por domicílio/ano
3500–5000 kWh/por domicílio/ano","< 900 kWh/por domicílio/ano
> 5000 kWh/por domicílio/ano",2024,"3,286"
AMBIENTAL,MANEJO AMBIENTAL E CONSUMO DOS RECURSOS NATURAIS,ENERGIA,EFICIÊNCIA ENERGÉTICA,22,NOVO,23,N/A,COSIP,Porcentagem da iluminação pública que utiliza a tecnologia LED,50%,50% - 30%,< 30%,2024,"0,77"
AMBIENTAL,MANEJO AMBIENTAL E CONSUMO DOS RECURSOS NATURAIS,ENERGIA,ENERGIA ALTERNATIVA E RENOVÁVEL,23,,25,7.4.2004,CELESC /FNR,Energia proveniente de fontes renováveis (porcentagem),> 50%,20%–50%,< 20%,2024,"0,388"
URBANO,CONTROLE DO CRESCIMENTO E MELHORIA DO HABITAT URBANO,USO DO SOLO / ORDENAMENTO TERRITORIAL,Não Informado,41,L 10,44,6.1.2001,FLORAM,Áreas naturais protegidas: porcentagem de Unidades de Conservação (UC) com plano de manejo.,acima de 90%,"de 60 a 89,99%",abaixo de 60%,2024,"0,2"
URBANO,CONTROLE DO CRESCIMENTO E MELHORIA DO HABITAT URBANO,DESIGUALDADE URBANA,POBREZA,44,,47,5.2.2005,SEMAS/FNR,População vivendo abaixo da linha internacional de pobreza (porcentagem),Não Informado,Não Informado,Não Informado,2024,"0,048"
URBANO,CONTROLE DO CRESCIMENTO E MELHORIA DO HABITAT URBANO,DESIGUALDADE URBANA,POBREZA,45,,48,5.2.2008,SEMAS/FNR,População vivendo abaixo da linha nacional de pobreza (porcentagem),Não Informado,Não Informado,Não Informado,2024,"0,0481"
URBANO,CONTROLE DO CRESCIMENTO E MELHORIA DO HABITAT URBANO,DESIGUALDADE URBANA,DESIGUALDADE DE RENDA,51,51,55,5.2.10,SEMAS/FRN,Coeficiente de Gini da renda (Fonte: PENAD Contínua do IBGE),"< 0,40","0,40–0,49","> 0,49",2024,"0,4"
URBANO,PROMOÇÃO DO TRANSPORTE URBANO SUSTENTÁVEL,MOBILIDADE / TRANSPORTE,INFRAESTRUTURA DE TRANSPORTE EQUILIBRADA,55,,59,2.1.2005,SMTI/FNR,"Comprimento total (km) dos sistemas de transporte público em operação na cidade dividido pela população total da cidade, expresso km por 100.000 habitantes.",Não Informado,Não Informado,Não Informado,2024,"1,282"
URBANO,PROMOÇÃO DO TRANSPORTE URBANO SUSTENTÁVEL,MOBILIDADE / TRANSPORTE,INFRAESTRUTURA DE TRANSPORTE EQUILIBRADA,56,53,60,2.1.2004,SMTI,Quilômetros de vias dedicadas exclusivamente ao  transporte público por 100 mil habitantes (população projetada do IBGE),> 40,10–40,< 10,2024,"0,31"
URBANO,PROMOÇÃO DO TRANSPORTE URBANO SUSTENTÁVEL,MOBILIDADE / TRANSPORTE,INFRAESTRUTURA DE TRANSPORTE EQUILIBRADA,57,54,61,somar: 2.2.2 + 2.2.3 + 2.2.4,SMTI/FNR,"Quilômetros de ciclovias, ciclofaixas e ciclorotas por 100 mil habitantes (população projetada IBGE)",> 25,15–25,< 15,2024,"26,81"
URBANO,PROMOÇÃO DO TRANSPORTE URBANO SUSTENTÁVEL,MOBILIDADE / TRANSPORTE,INFRAESTRUTURA DE TRANSPORTE EQUILIBRADA,58,NOVO,62,N/A,SMTI,"Porcentagem de km de ciclovias, ciclofaixas e ciclorotas em relação ao total de km de vias  da cidade",>25%,25%-15%,<15%,2024,"154,52"
URBANO,PROMOÇÃO DO TRANSPORTE URBANO SUSTENTÁVEL,MOBILIDADE / TRANSPORTE,INFRAESTRUTURA DE TRANSPORTE EQUILIBRADA,60,NOVO,64,N/A,SMTI,"Porcentagem de km de calçadas e calçadões pavimentados, em relação ao total de km de vias",>70%,70%-50%,<50%,2024,60
URBANO,PROMOÇÃO DO TRANSPORTE URBANO SUSTENTÁVEL,MOBILIDADE / TRANSPORTE,INFRAESTRUTURA DE TRANSPORTE EQUILIBRADA,61,NOVO,65,N/A,SMTI,Quilometragem média/mês rodada pela frota de transporte público,sem valor de referência,Não Informado,Não Informado,2024,"2,734"
URBANO,PROMOÇÃO DO TRANSPORTE URBANO SUSTENTÁVEL,MOBILIDADE / TRANSPORTE,INFRAESTRUTURA DE TRANSPORTE EQUILIBRADA,62,NOVO,66,N/A,SMTI,Quantidade média/mês de pessoas transportadas pelo transporte público,sem valor de referência,Não Informado,Não Informado,2024,"4,934"
URBANO,PROMOÇÃO DO TRANSPORTE URBANO SUSTENTÁVEL,MOBILIDADE / TRANSPORTE,INFRAESTRUTURA DE TRANSPORTE EQUILIBRADA,63,NOVO,67,N/A,SMTI,Custo anual do sistema de transporte público (subsídio + custo do consórcio) por pessoa transportada,sem valor de referência,Não Informado,Não Informado,2024,"5,84"
URBANO,PROMOÇÃO DO TRANSPORTE URBANO SUSTENTÁVEL,MOBILIDADE / TRANSPORTE,INFRAESTRUTURA DE TRANSPORTE EQUILIBRADA,64,NOVO,68,N/A,SMTI,Velocidade média/mês da frota de transporte público,>30%,30%–15%,< 15%,2024,"22,91"
URBANO,PROMOÇÃO DO TRANSPORTE URBANO SUSTENTÁVEL,MOBILIDADE / TRANSPORTE,INFRAESTRUTURA DE TRANSPORTE EQUILIBRADA,65,NOVO,69,N/A,SMTI,Média/mês da capacidade ofertada para o transporte de pessoas no sistema de transporte público,sem valor de referência,Não Informado,Não Informado,2024,"16,099"
URBANO,PROMOÇÃO DO TRANSPORTE URBANO SUSTENTÁVEL,MOBILIDADE / TRANSPORTE,INFRAESTRUTURA DE TRANSPORTE EQUILIBRADA,67,NOVO,71,N/A,SMTI,Média/litros/mês do consumo de óleo diesel da frota de transporte público (Fonte: Consórcio Fênix),sem valor de referência,Não Informado,Não Informado,2024,"1,222"
URBANO,PROMOÇÃO DO TRANSPORTE URBANO SUSTENTÁVEL,MOBILIDADE / TRANSPORTE,TRANSPORTE LIMPO,68,NOVO,72,N/A,SMTI,Porcentagem da frota de transporte público movida a energia elétrica,> 20%,20%–10%,< 10%,2024,0
URBANO,PROMOÇÃO DO TRANSPORTE URBANO SUSTENTÁVEL,MOBILIDADE / TRANSPORTE,TRANSPORTE LIMPO,69,NOVO,73,N/A,SMTI,Porcentagem da frota de transporte público com ar condicionado,> 70%,70%–50%,< 50%,2024,"0,04"
URBANO,PROMOÇÃO DO TRANSPORTE URBANO SUSTENTÁVEL,MOBILIDADE / TRANSPORTE,TRANSPORTE LIMPO,70,57,74,N/A,SMTI,Idade média da frota do transporte público,< 6,6–12,> 12,2024,"8,94"
URBANO,PROMOÇÃO DO TRANSPORTE URBANO SUSTENTÁVEL,MOBILIDADE / TRANSPORTE,TRANSPORTE SEGURO,71,58,75,10.2.2001,SSP/FNR,Vítimas mortais de acidentes de trânsito por 100 mil habitantes,< 10,10–20,> 20,2024,"8,5"
URBANO,PROMOÇÃO DO TRANSPORTE URBANO SUSTENTÁVEL,MOBILIDADE / TRANSPORTE,TRANSPORTE SEGURO,72,NOVO,76,N/A,SMS,Quantidade anual de pessoas hospitalizadas por acidentes de trânsito por 100.000 habitantes (população projetada IBGE),sem valor de referência,Não Informado,Não Informado,2024,"10,58"
URBANO,PROMOÇÃO DO TRANSPORTE URBANO SUSTENTÁVEL,MOBILIDADE / TRANSPORTE,MENOS CONGESTIONAMENTO,73,59,77,N/A,SMTI,Velocidade média de viagem (transporte público e privado) nas principais vias públicas durante os horários de pico,> 30,15–30,< 15,2024,"21,81"
URBANO,PROMOÇÃO DO TRANSPORTE URBANO SUSTENTÁVEL,MOBILIDADE / TRANSPORTE,MENOS CONGESTIONAMENTO,74,60,78,2.4.2001,SMTI/FNR,"Número de veículos de uso pessoal (automóveis, SUV's, etc) registrados no DETRAN local (exceto táxis) per capita (população projetada IBGE)","< 0,3","0,3–0,4","> 0,4",2024,723
URBANO,PROMOÇÃO DO TRANSPORTE URBANO SUSTENTÁVEL,MOBILIDADE / TRANSPORTE,TRANSPORTE ECONÔMICO,75,62,79,N/A,SMTI,Índice de acessibilidade (Salário Mínimo Nacional/(44 viagens mês* valor da tarifa em dinheiro)),Até 5%,5%–10%,> 10%,2024,"0,0465"
URBANO,PROMOÇÃO DO DESENVOLVIMENTO ECONÔMICO LOCAL COMPETITIVO SUSTENTÁVEL,AMBIENTE DE NEGÓCIOS,REG. NEGÓCIOS E INVESTIMENTOS,76,65,80,N/A,SMDECT,Quantidade de dias para abrir uma empresa,< 12,12–20,> 20,2024,5
URBANO,PROMOÇÃO DO DESENVOLVIMENTO ECONÔMICO LOCAL COMPETITIVO SUSTENTÁVEL,TECIDO PRODUTIVO,GESTÃO ESTRATÉGICA DA INFRAESTRUTURA,77,NOVO,81,N/A,FLORIPA AIRPORT,Tonelada de carga transportada pelo aeroporto em comparação com a sua capacidade máxima (Fonte: Infraero e aeroporto),sem valor de referência,Não Informado,Não Informado,2024,"6,568"
URBANO,PROMOÇÃO DO DESENVOLVIMENTO ECONÔMICO LOCAL COMPETITIVO SUSTENTÁVEL,TECIDO PRODUTIVO,GESTÃO ESTRATÉGICA DA INFRAESTRUTURA,78,NOVO,82,N/A,FLORIPA AIPORT,Quantidade de pessoas transportadas pelo aeroporto ano- Consultar Infraero e aeroporto,sem valor de referência,Não Informado,Não Informado,2024,"4,895"
URBANO,PROMOÇÃO DO DESENVOLVIMENTO ECONÔMICO LOCAL COMPETITIVO SUSTENTÁVEL,TECIDO PRODUTIVO,GESTÃO ESTRATÉGICA DA INFRAESTRUTURA,79,NOVO,83,N/A,SIE e Adm da Rodoviária Rita Maria (SINART ORGANIZAÇÕES),Quantidade de viagens de ônibus ano (chegadas e saídas no ano) (indicador novo 2024),sem valor de referência,Não Informado,Não Informado,2024,"72,618"
URBANO,PROMOÇÃO DO DESENVOLVIMENTO ECONÔMICO LOCAL COMPETITIVO SUSTENTÁVEL,TECIDO PRODUTIVO,GESTÃO ESTRATÉGICA DA INFRAESTRUTURA,80,NOVO,84,N/A,SIE,Quantidade de pessoas transportadas pela rodoviária ano (Fonte: rodoviária e Deter),sem valor de referência,Não Informado,Não Informado,2024,"1,218"
URBANO,PROMOÇÃO DO DESENVOLVIMENTO ECONÔMICO LOCAL COMPETITIVO SUSTENTÁVEL,TECIDO PRODUTIVO,CRESCIMENTO PRODUTIVO,81,67,85,8.2.2001,SMDECT/SIE/FRN,PIB per capita da cidade (Fonte IBGE - Estatisticas),>US$ 9.000,US$ 3.000–US$ 9.000,< US$ 3.000,2024,"45,602"
URBANO,PROMOÇÃO DO DESENVOLVIMENTO ECONÔMICO LOCAL COMPETITIVO SUSTENTÁVEL,TECIDO PRODUTIVO,CRESCIMENTO PRODUTIVO,82,68,86,N/A,SMTDI,Taxa de crescimento do PIB per capita da cidade (Fonte: IBGE Estatísticas),"> 2,5%
O crescimento do PIB per capita da cidade é positivo e superior ao crescimento do PIB nacional (2)","2-2,5%
O crescimento do PIB per capita da cidade é positivo e igual ou similar ao crescimento do PIB nacional (1)","<2%
O crescimento do PIB per capita da cidade é positivo e igual ou similar ao ao crescimento do PIB nacional (0)",2024,"0,0108"
URBANO,PROMOÇÃO DO DESENVOLVIMENTO ECONÔMICO LOCAL COMPETITIVO SUSTENTÁVEL,TECIDO PRODUTIVO,CRESCIMENTO PRODUTIVO,83,L 13,87,N/A,"Secretaria Executiva de Desenvolvimento Econômico, Ciência e Tecnologia",Porcentagem do PIB de Florianópolis em relação ao PIB de SC,> maior que a inflação,igual a inflação,< que a inflação,2024,"0,055"
URBANO,PROMOÇÃO DO DESENVOLVIMENTO ECONÔMICO LOCAL COMPETITIVO SUSTENTÁVEL,MERCADO LABORAL,DESEMPREGO,85,69,89,8.1.2005,SMTDI/FNR,Taxa de desemprego (Fonte: IBGE - ESTATISTICAS - PNAD Contínua),< 7%,7%–12%,> 12%,2024,"0,044"
URBANO,PROMOÇÃO DO DESENVOLVIMENTO ECONÔMICO LOCAL COMPETITIVO SUSTENTÁVEL,MERCADO LABORAL,EMPREGO FORMAL,86,NOVO,90,8.1.2007,SMTDI/FNR,Porcentagem da população ocupada - Formal (Fonte: IBGE - ESTATISTICAS - PNAD Contínua) https://cidades.ibge.gov.br/brasil/sc/florianopolis/panorama,> 75%,75% - 65%,< 65%,2024,"0,644"
URBANO,OFERTA DE SERVIÇOS SOCIAIS DE ALTO NÍVEL E PROMOÇÃO DA COESÃO SOCIAL,EDUCAÇÃO,QUALIDADE DO ENSINO,89,76,94,N/A,SME,Taxa de analfabetismo de pessoas acima de 15 anos,"< 0,5%","0,5% - 2%",> 2%,2024,"1,4"
URBANO,OFERTA DE SERVIÇOS SOCIAIS DE ALTO NÍVEL E PROMOÇÃO DA COESÃO SOCIAL,EDUCAÇÃO,QUALIDADE DO ENSINO,90,77,95,N/A,SME,Porcentagem de Estudantes do ensino fundamental com nível satisfatório em provas padronizadas (IDEB) de Leitura,>=70%,69%–50%,> 50%,2024,"0,31"
URBANO,OFERTA DE SERVIÇOS SOCIAIS DE ALTO NÍVEL E PROMOÇÃO DA COESÃO SOCIAL,EDUCAÇÃO,QUALIDADE DO ENSINO,91,78,96,N/A,SME,Porcentagem de Estudantes do ensino fundamental com nível satisfatório em provas padronizadas (IDEB) de Matemática,>=70%,69%–50%,> 50%,2024,"0,14"
URBANO,OFERTA DE SERVIÇOS SOCIAIS DE ALTO NÍVEL E PROMOÇÃO DA COESÃO SOCIAL,EDUCAÇÃO,QUALIDADE DO ENSINO,92,79,97,N/A,SME,Quantidade de alunos por professor nas escolas públicas,< 15:1,Entre 15:1 e 25:1,> 25:1,2024,"71,896"
URBANO,OFERTA DE SERVIÇOS SOCIAIS DE ALTO NÍVEL E PROMOÇÃO DA COESÃO SOCIAL,EDUCAÇÃO,ASSISTÊNCIA ESCOLAR,93,80,98,N/A,SME,Número de estudantes matriculados na pré-escola e recebem atendimento integral,Não Informado,Não Informado,Não Informado,2024,"4,35"
URBANO,OFERTA DE SERVIÇOS SOCIAIS DE ALTO NÍVEL E PROMOÇÃO DA COESÃO SOCIAL,EDUCAÇÃO,ASSISTÊNCIA ESCOLAR,94,81,99,N/A,SME,Número de estudantes matriculados nos anos iniciais do ensino fundamental (6 a 11 anos),Não Informado,Não Informado,Não Informado,2024,34301
URBANO,OFERTA DE SERVIÇOS SOCIAIS DE ALTO NÍVEL E PROMOÇÃO DA COESÃO SOCIAL,EDUCAÇÃO,ASSISTÊNCIA ESCOLAR,95,82,100,N/A,SME,Número de estudantes matriculados nos anos finais do ensino fundamental (12 a 15 anos),Não Informado,Não Informado,Não Informado,2024,"26,561"
URBANO,OFERTA DE SERVIÇOS SOCIAIS DE ALTO NÍVEL E PROMOÇÃO DA COESÃO SOCIAL,EDUCAÇÃO,ASSISTÊNCIA ESCOLAR,96,83,101,N/A,SEE,Número de estudantes matriculados no ensino médio (16 a 18 anos),Não Informado,Não Informado,Não Informado,2024,"18,588"
URBANO,OFERTA DE SERVIÇOS SOCIAIS DE ALTO NÍVEL E PROMOÇÃO DA COESÃO SOCIAL,EDUCAÇÃO,ASSISTÊNCIA ESCOLAR,98,NOVO,103,N/A,SME,Número de crianças com necessidades especiais matriculadas na Educação Básica (4 a 17 anos),sem valor de referência,Não Informado,Não Informado,2024,"4,524"
URBANO,OFERTA DE SERVIÇOS SOCIAIS DE ALTO NÍVEL E PROMOÇÃO DA COESÃO SOCIAL,EDUCAÇÃO,ASSISTÊNCIA ESCOLAR,99,NOVO,104,N/A,SME,Porcentagem das escolas que cumprem a Lei de Acessibilidade,> 95%,95% - 90%,< 90%,2024,"0,9621"
URBANO,OFERTA DE SERVIÇOS SOCIAIS DE ALTO NÍVEL E PROMOÇÃO DA COESÃO SOCIAL,EDUCAÇÃO,ENSINO SUPERIOR,100,,103,4.1.2006,SME/FNR,Número de pessoas com ensino superior completo acima de 25 anos (por 100 mil habitantes),Não Informado,Não Informado,Não Informado,2024,383891
URBANO,OFERTA DE SERVIÇOS SOCIAIS DE ALTO NÍVEL E PROMOÇÃO DA COESÃO SOCIAL,SEGURANÇA,VIOLÊNCIA,101,85,104,10.1.2005,SSP/FNR,Quantidade de homicídios por 100 mil habitantes - população projetada pelo IBGE,< 10,10–25,> 25,2024,"5,4"
URBANO,OFERTA DE SERVIÇOS SOCIAIS DE ALTO NÍVEL E PROMOÇÃO DA COESÃO SOCIAL,SEGURANÇA,VIOLÊNCIA,102,NOVO,105,N/A,SSP,Quantidade de latrocínios por 100.000 habitantes - população projetada pelo IBGE,<5,5-10,>10,2024,0
URBANO,OFERTA DE SERVIÇOS SOCIAIS DE ALTO NÍVEL E PROMOÇÃO DA COESÃO SOCIAL,SEGURANÇA,VIOLÊNCIA,103,NOVO,106,N/A,SSP,Quantidade de feminicídios por 100.000 habitantes mulheres - população projetada pelo IBGE,<5,5-10,>10,2024,"0,5"
URBANO,OFERTA DE SERVIÇOS SOCIAIS DE ALTO NÍVEL E PROMOÇÃO DA COESÃO SOCIAL,SEGURANÇA,VIOLÊNCIA,104,86,107,N/A,SSP,Número de ocorrências de violência doméstica em mulheres,Não Informado,Não Informado,Não Informado,2024,5864
URBANO,OFERTA DE SERVIÇOS SOCIAIS DE ALTO NÍVEL E PROMOÇÃO DA COESÃO SOCIAL,SEGURANÇA,VIOLÊNCIA,105,88,108,N/A,SSP,Roubos por 100 mil habitantes - população projetada pelo IBGE,< 300,300–1.000,> 1.000,2024,153
URBANO,OFERTA DE SERVIÇOS SOCIAIS DE ALTO NÍVEL E PROMOÇÃO DA COESÃO SOCIAL,SEGURANÇA,VIOLÊNCIA,106,89,109,N/A,SSP,Furtos por 100 mil habitantes - população projetada pelo IBGE,< 3.000,3.000–5.000,> 5.000,2024,"2661,4"
URBANO,OFERTA DE SERVIÇOS SOCIAIS DE ALTO NÍVEL E PROMOÇÃO DA COESÃO SOCIAL,SEGURANÇA,VIOLÊNCIA,107,NOVO,110,N/A,SSP,Furtos de veículos por 100 mil habitantes - população projetada pelo IBGE,<100,100-150,>150,2024,"66,5"
URBANO,OFERTA DE SERVIÇOS SOCIAIS DE ALTO NÍVEL E PROMOÇÃO DA COESÃO SOCIAL,SEGURANÇA,VIOLÊNCIA,108,NOVO,111,N/A,SSP,Roubos de veículos por 100 mil habitantes - população projetada pelo IBGE,<50,50-75,>75,2024,"13,9"
URBANO,OFERTA DE SERVIÇOS SOCIAIS DE ALTO NÍVEL E PROMOÇÃO DA COESÃO SOCIAL,SEGURANÇA,VIOLÊNCIA,109,,112,10.1.10,SSP/FNR,Crimes contra a propriedade por 100 000 habitantes,<50,50-75,>75,2024,"8,8"
URBANO,OFERTA DE SERVIÇOS SOCIAIS DE ALTO NÍVEL E PROMOÇÃO DA COESÃO SOCIAL,SAÚDE,NÍVEL DE SAÚDE,111,NOVO,114,N/A,SMS,Taxa Geral de mortalidade por 100.000 habitantes (População projetada IBGE),sem valor de referência,Não Informado,Não Informado,2024,"518,6"
URBANO,OFERTA DE SERVIÇOS SOCIAIS DE ALTO NÍVEL E PROMOÇÃO DA COESÃO SOCIAL,SAÚDE,NÍVEL DE SAÚDE,112,NOVO,115,N/A,SMS,Taxa Geral de mortalidade de homens por 100.000 habitantes (População projetada IBGE),sem valor de referência,Não Informado,Não Informado,2024,"548,67"
URBANO,OFERTA DE SERVIÇOS SOCIAIS DE ALTO NÍVEL E PROMOÇÃO DA COESÃO SOCIAL,SAÚDE,NÍVEL DE SAÚDE,113,NOVO,116,N/A,SMS,Taxa Geral de mortalidade de mulheres por 100.000 habitantes (População projetada IBGE),sem valor de referência,Não Informado,Não Informado,2024,"490,4"
URBANO,OFERTA DE SERVIÇOS SOCIAIS DE ALTO NÍVEL E PROMOÇÃO DA COESÃO SOCIAL,SAÚDE,NÍVEL DE SAÚDE,114,95,117,3.1.2004,SMS/FNR,Taxa de mortalidade infantil (crianças menores de 5 anos)por 100.000 habitantes (População projetada IBGE),< 20,20 -30,> 30,2024,"6,9"
URBANO,OFERTA DE SERVIÇOS SOCIAIS DE ALTO NÍVEL E PROMOÇÃO DA COESÃO SOCIAL,SAÚDE,NÍVEL DE SAÚDE,115,NOVO,118,N/A,SMS,Taxa de mortalidade Precoce (Anos potenciais de vida perdido - APVP) por 100.000 habitantes (População projetada IBGE),sem valor de referência,Não Informado,Não Informado,2024,"3884,54"
URBANO,OFERTA DE SERVIÇOS SOCIAIS DE ALTO NÍVEL E PROMOÇÃO DA COESÃO SOCIAL,SAÚDE,NÍVEL DE SAÚDE,116,NOVO,119,N/A,SMS,Taxa de mortalidade por doenças cardovasculares por 100.000 habitantes (População projetada IBGE),sem valor de referência,Não Informado,Não Informado,2024,"141,4"
URBANO,OFERTA DE SERVIÇOS SOCIAIS DE ALTO NÍVEL E PROMOÇÃO DA COESÃO SOCIAL,SAÚDE,NÍVEL DE SAÚDE,117,NOVO,120,N/A,SMS,Taxa de mortalidade por neoplasias por 100.000 habitantes (População projetada IBGE),sem valor de referência,Não Informado,Não Informado,2024,"140,19"
URBANO,OFERTA DE SERVIÇOS SOCIAIS DE ALTO NÍVEL E PROMOÇÃO DA COESÃO SOCIAL,SAÚDE,NÍVEL DE SAÚDE,118,NOVO,121,N/A,SMS,"Taxa de mortalidade por causas externas (acidentes, crimes, etc.) por 100.000 habitantes (População projetada IBGE)",sem valor de referência,Não Informado,Não Informado,2024,"44,59"
URBANO,OFERTA DE SERVIÇOS SOCIAIS DE ALTO NÍVEL E PROMOÇÃO DA COESÃO SOCIAL,SAÚDE,NÍVEL DE SAÚDE,119,NOVO,122,N/A,SMS,Taxa de internação de adultos por 100.000 habitantes (População projetada IBGE),sem valor de referência,Não Informado,Não Informado,2024,"4940,43"
URBANO,OFERTA DE SERVIÇOS SOCIAIS DE ALTO NÍVEL E PROMOÇÃO DA COESÃO SOCIAL,SAÚDE,NÍVEL DE SAÚDE,120,NOVO,123,N/A,SMS,Taxa de internação de crianças por 100.000 habitantes (População projetada IBGE),sem valor de referência,Não Informado,Não Informado,2024,"4684,31"
URBANO,OFERTA DE SERVIÇOS SOCIAIS DE ALTO NÍVEL E PROMOÇÃO DA COESÃO SOCIAL,SAÚDE,NÍVEL DE SAÚDE,121,NOVO,124,N/A,SMS,"Taxa de internação por causas externas (acidentes, crimes, etc. ) por 100.000 habitantes (População projetada IBGE)",sem valor de referência,Não Informado,Não Informado,2024,"566,14"
URBANO,OFERTA DE SERVIÇOS SOCIAIS DE ALTO NÍVEL E PROMOÇÃO DA COESÃO SOCIAL,SAÚDE,NÍVEL DE SAÚDE,122,NOVO,125,N/A,SMS,Taxa de internação por doenças cardiovasculares por 100.000 habitantes (População projetada IBGE),sem valor de referência,Não Informado,Não Informado,2024,"428,72"
URBANO,OFERTA DE SERVIÇOS SOCIAIS DE ALTO NÍVEL E PROMOÇÃO DA COESÃO SOCIAL,SAÚDE,NÍVEL DE SAÚDE,123,NOVO,126,N/A,SMS,Taxa de internação por neoplasias por 100.000 habitantes (População projetada IBGE),sem valor de referência,Não Informado,Não Informado,2024,"527,97"
URBANO,OFERTA DE SERVIÇOS SOCIAIS DE ALTO NÍVEL E PROMOÇÃO DA COESÃO SOCIAL,SAÚDE,NÍVEL DE SAÚDE,124,L 22,127,N/A,SMS,Prevalência de Diabetes Millitus: Percentual da população atendida nos hospitais e postos de Saúde pública que tem diabetes - População projetada pelo IBGE,sem valor de referência,Não Informado,Não Informado,2024,27
URBANO,OFERTA DE SERVIÇOS SOCIAIS DE ALTO NÍVEL E PROMOÇÃO DA COESÃO SOCIAL,SAÚDE,NÍVEL DE SAÚDE,125,L 23,128,3.1.2009,SMS/FNR,"Prevalência de obesidade: Percentual de indivíduos, com Índice de Massa Corporal (IMC) maior ou igual a 25 (População projetada pelo IBGE)",sem valor de referência,Não Informado,Não Informado,2024,2024
URBANO,OFERTA DE SERVIÇOS SOCIAIS DE ALTO NÍVEL E PROMOÇÃO DA COESÃO SOCIAL,SAÚDE,NÍVEL DE SAÚDE,126,L 24,129,N/A,SMS,Prevalência de Hipertensão: Percentual de pessoas com  diagnóstico de hipertensão (População projetada pelo IBGE),"Abaixo de 5,7%","5,7% a 7,14%",Acima de 10%,2024,2024
URBANO,OFERTA DE SERVIÇOS SOCIAIS DE ALTO NÍVEL E PROMOÇÃO DA COESÃO SOCIAL,SAÚDE,OFERTA DE SERVIÇOS DE SAÚDE,127,96,130,3.1.2003,SMS/FNR,Quantidade de médicos por 100 mil habitantes (População projetada pelo IBGE),> 200,75 - 200,< 75,2024,"3060,03"
URBANO,OFERTA DE SERVIÇOS SOCIAIS DE ALTO NÍVEL E PROMOÇÃO DA COESÃO SOCIAL,SAÚDE,OFERTA DE SERVIÇOS DE SAÚDE,128,97,131,N/A,SMS,"Quantidade de leitos de hospital por 100 mil habitantes, em hospitais públicos e privados",> 100,50 - 100,< 50,2024,"347,02"
URBANO,OFERTA DE SERVIÇOS SOCIAIS DE ALTO NÍVEL E PROMOÇÃO DA COESÃO SOCIAL,SAÚDE,OFERTA DE SERVIÇOS DE SAÚDE,129,NOVO,132,N/A,SMS,Quantidade de leitos de UTI em hospitais públicos e privados,sem valor de referência,Não Informado,Não Informado,2024,"52,93"
URBANO,OFERTA DE SERVIÇOS SOCIAIS DE ALTO NÍVEL E PROMOÇÃO DA COESÃO SOCIAL,SAÚDE,OFERTA DE SERVIÇOS DE SAÚDE,132,NOVO,135,N/A,SMS,Cobertura de saúde da família: Média/mês de residências atendidas na modalidade de saúde da família,Sem valor de referência,Não Informado,Não Informado,2024,"108,39"
URBANO,OFERTA DE SERVIÇOS SOCIAIS DE ALTO NÍVEL E PROMOÇÃO DA COESÃO SOCIAL,SAÚDE,OFERTA DE SERVIÇOS DE SAÚDE,133,NOVO,136,N/A,SMS,Média/mês de pessoas atendidas nas UPAS e nos Postos de Saúde.,Sem valor de referência,Não Informado,Não Informado,2024,"213,306"
URBANO,OFERTA DE SERVIÇOS SOCIAIS DE ALTO NÍVEL E PROMOÇÃO DA COESÃO SOCIAL,SAÚDE,OFERTA DE SERVIÇOS DE SAÚDE,135.1,,,N/A,SMS,Cobertura Vacinal - BCG - ao nascer,>=meta 90%,41 até <meta,<40,2024,"0,3917"
URBANO,OFERTA DE SERVIÇOS SOCIAIS DE ALTO NÍVEL E PROMOÇÃO DA COESÃO SOCIAL,SAÚDE,OFERTA DE SERVIÇOS DE SAÚDE,135.2,,,N/A,SMS,Cobertura Vacinal - HEPATITE B - ao nascer,>=meta 95%,41 até <meta,<40,2024,"0,3494"
URBANO,OFERTA DE SERVIÇOS SOCIAIS DE ALTO NÍVEL E PROMOÇÃO DA COESÃO SOCIAL,SAÚDE,OFERTA DE SERVIÇOS DE SAÚDE,135.3,,,N/A,SMS,Cobertura Vacinal - FEBRE AMARELA - menores 1 ano,>=meta 95%,41 até <meta,<40,2024,"0,6639"
URBANO,OFERTA DE SERVIÇOS SOCIAIS DE ALTO NÍVEL E PROMOÇÃO DA COESÃO SOCIAL,SAÚDE,OFERTA DE SERVIÇOS DE SAÚDE,135.4,,,N/A,SMS,Cobertura Vacinal - HEPATITE B - menores 1 ano,>=meta 95%,41 até <meta,<40,2024,"0,8411"
URBANO,OFERTA DE SERVIÇOS SOCIAIS DE ALTO NÍVEL E PROMOÇÃO DA COESÃO SOCIAL,SAÚDE,OFERTA DE SERVIÇOS DE SAÚDE,135.5,,,N/A,SMS,Cobertura Vacinal - DTP - menores 1 ano,>=meta 95%,41 até <meta,<40,2024,"0,8451"
URBANO,OFERTA DE SERVIÇOS SOCIAIS DE ALTO NÍVEL E PROMOÇÃO DA COESÃO SOCIAL,SAÚDE,OFERTA DE SERVIÇOS DE SAÚDE,135.6,,,N/A,SMS,Cobertura Vacinal - MENINGO C - menores 1 ano,>=meta 95%,41 até <meta,<40,2024,"0,728"
URBANO,OFERTA DE SERVIÇOS SOCIAIS DE ALTO NÍVEL E PROMOÇÃO DA COESÃO SOCIAL,SAÚDE,OFERTA DE SERVIÇOS DE SAÚDE,135.7,,,N/A,SMS,Cobertura Vacinal - PENTAVALENTE - menores 1 no,>=meta 95%,41 até <meta,<40,2024,"0,8411"
URBANO,OFERTA DE SERVIÇOS SOCIAIS DE ALTO NÍVEL E PROMOÇÃO DA COESÃO SOCIAL,SAÚDE,OFERTA DE SERVIÇOS DE SAÚDE,135.8,,,N/A,SMS,Cobertura Vacinal - PNEUMO 10 - menores 1 ano,>=meta 95%,41 até <meta,<40,2024,"0,8678"
URBANO,OFERTA DE SERVIÇOS SOCIAIS DE ALTO NÍVEL E PROMOÇÃO DA COESÃO SOCIAL,SAÚDE,OFERTA DE SERVIÇOS DE SAÚDE,135.9,,,N/A,SMS,Cobertura Vacinal - POLIOMELITE injetável - menores 1 ano,>=meta 95%,41 até <meta,<40,2024,"0,8347"
URBANO,OFERTA DE SERVIÇOS SOCIAIS DE ALTO NÍVEL E PROMOÇÃO DA COESÃO SOCIAL,SAÚDE,OFERTA DE SERVIÇOS DE SAÚDE,135.10,,,N/A,SMS,Cobertura Vacinal - ROTAVIRUS - menores 1 ano,>=meta 90%,41 até <meta,<40,2024,"0,8354"
URBANO,OFERTA DE SERVIÇOS SOCIAIS DE ALTO NÍVEL E PROMOÇÃO DA COESÃO SOCIAL,SAÚDE,OFERTA DE SERVIÇOS DE SAÚDE,135.11,,,N/A,SMS,Cobertura Vacinal - HEPATITE A - 1 ano de idade,>=meta 95%,41 até <meta,<40,2024,"0,7432"
URBANO,OFERTA DE SERVIÇOS SOCIAIS DE ALTO NÍVEL E PROMOÇÃO DA COESÃO SOCIAL,SAÚDE,OFERTA DE SERVIÇOS DE SAÚDE,135.12,,,N/A,SMS,Cobertura Vacinal - DTP 1º reforço - 1 ano de idade,>=meta 95%,41 até <meta,<40,2024,"0,7477"
URBANO,OFERTA DE SERVIÇOS SOCIAIS DE ALTO NÍVEL E PROMOÇÃO DA COESÃO SOCIAL,SAÚDE,OFERTA DE SERVIÇOS DE SAÚDE,135.13,,,N/A,SMS,Cobertura Vacinal - TRIPLICE VIRAL 1ª dose - 1 ano de idade,>=meta 95%,41 até <meta,<40,2024,"0,8561"
URBANO,OFERTA DE SERVIÇOS SOCIAIS DE ALTO NÍVEL E PROMOÇÃO DA COESÃO SOCIAL,SAÚDE,OFERTA DE SERVIÇOS DE SAÚDE,135.14,,,N/A,SMS,Cobertura Vacinal - TRIPLICE VIRAL 2ª dose - 1 ano de idade,>=meta 95%,41 até <meta,<40,2024,"0,5804"
URBANO,OFERTA DE SERVIÇOS SOCIAIS DE ALTO NÍVEL E PROMOÇÃO DA COESÃO SOCIAL,SAÚDE,OFERTA DE SERVIÇOS DE SAÚDE,135.15,,,N/A,SMS,Cobertura Vacinal - PNEUMO 10 1º reforço - 1 ano de idade,>=meta 95%,41 até <meta,<40,2024,"0,7968"
URBANO,OFERTA DE SERVIÇOS SOCIAIS DE ALTO NÍVEL E PROMOÇÃO DA COESÃO SOCIAL,SAÚDE,OFERTA DE SERVIÇOS DE SAÚDE,135.16,,,N/A,SMS,Cobertura Vacinal - VARICELA - 1 ano de idade,>=meta 95%,41 até <meta,<40,2024,"0,567"
URBANO,OFERTA DE SERVIÇOS SOCIAIS DE ALTO NÍVEL E PROMOÇÃO DA COESÃO SOCIAL,SAÚDE,OFERTA DE SERVIÇOS DE SAÚDE,135.17,,,N/A,SMS,Cobertura Vacinal - POLIO ORAL LIVALENTE - 1 ano de idade,>=meta 95%,41 até <meta,<40,2024,"0,8061"
URBANO,OFERTA DE SERVIÇOS SOCIAIS DE ALTO NÍVEL E PROMOÇÃO DA COESÃO SOCIAL,SAÚDE,OFERTA DE SERVIÇOS DE SAÚDE,135.18,,,N/A,SMS,Cobertura Vacinal - MENINGO C - 1 ano de idade,>=meta 95%,41 até <meta,<40,2024,"0,6783"
URBANO,OFERTA DE SERVIÇOS SOCIAIS DE ALTO NÍVEL E PROMOÇÃO DA COESÃO SOCIAL,SAÚDE,OFERTA DE SERVIÇOS DE SAÚDE,135.19,,,N/A,SMS,Cobertura Vacinal - DTPA ADULTO,>=meta 95%,41 até <meta,<40,2024,"0,7539"
URBANO,COMPETITIVIDADE,CAPITAL HUMANO,CULTURA,136,L 18,139,N/A,SMF,Investimento em cultura per capita: por habitante (população projetada IBGE),"> R$ 26,83","R$ 17,88  a R$ 26,82","< R$ 17,87",2024,"52,26"
URBANO,COMPETITIVIDADE,CAPITAL HUMANO,CULTURA,137,L 19,140,N/A,SMF,"Investimento em cultura sobre receita corrente líquida: total da receita líquida investida em cultura, no ano.","> R$ 2,47","R$ 1,77 a R$ 2,47","< R$ 1,76",2024,"0,89"
URBANO,COMPETITIVIDADE,TECIDO EMPRESARIAL,INTERNACIONALIZAÇÃO,138,99,141,N/A,SMTDI,Percentual de  exportações de bens e serviços em relação ao PIB projetado IBGE do município  (Fonte: http://comexstat.mdic.gov.br/pt/municipio - Exportações no SISCOMEX - Ministério da Economia e PIB do IBGE),sem valor de referência,Não Informado,Não Informado,2024,"0,652"
URBANO,COMPETITIVIDADE,TECIDO EMPRESARIAL,DESENVOLVIMENTO EMPRESARIAL,139,102,142,N/A,SMTDI,Incremento anual da quantidade de  empresas - Porcentagem de novas empresas abertas no ano (inclui todos os tamanhos de empresas),sem valor de referência,Não Informado,Não Informado,2024,"0,21"
URBANO,COMPETITIVIDADE,TECIDO EMPRESARIAL,DESENVOLVIMENTO EMPRESARIAL,140,NOVO,143,N/A,SMF,"Porcentagem de variação do faturamento, em relação ao ano anterior, das empresas de tecnologia",sem valor de referência,Não Informado,Não Informado,2024,"0,2839"
URBANO,COMPETITIVIDADE,TECIDO EMPRESARIAL,DESENVOLVIMENTO EMPRESARIAL,141,NOVO,144,N/A,SMF,Porcentagem de participação da receita de impostos cobrados do setor de tecnologia em relação aos impostos totais,sem valor de referência,Não Informado,Não Informado,2024,"0,1887"
URBANO,COMPETITIVIDADE,TECIDO EMPRESARIAL,DESENVOLVIMENTO EMPRESARIAL,142,NOVO,145,N/A,SMF,"Porcentagem de variação do faturamento, em relação ao ano anterior, das empresas de hotelaria e pousadas",sem valor de referência,Não Informado,Não Informado,2024,"0,3521"
URBANO,COMPETITIVIDADE,TECIDO EMPRESARIAL,DESENVOLVIMENTO EMPRESARIAL,143,NOVO,146,N/A,SMF,Porcentagem de participação da receita de impostos cobrados do setor de saúde privada em relação aos impostos totais,sem valor de referência,Não Informado,Não Informado,2024,"0,0632"
URBANO,COMPETITIVIDADE,TECIDO EMPRESARIAL,DESENVOLVIMENTO EMPRESARIAL,144,NOVO,147,N/A,SMF,"Porcentagem de variação do faturamento, em relação ao ano anterior, das empresas de saúde privada",sem valor de referência,Não Informado,Não Informado,2024,"0,1552"
URBANO,COMPETITIVIDADE,TECIDO EMPRESARIAL,DESENVOLVIMENTO EMPRESARIAL,145,NOVO,148,N/A,SMF,Porcentagem de participação da receita de impostos cobrados do segmento de hotelaria e pousada em relação aos impostos totais,sem valor de referência,Não Informado,Não Informado,2024,"0,0319"
URBANO,COMPETITIVIDADE,TECIDO EMPRESARIAL,DESENVOLVIMENTO EMPRESARIAL,146,NOVO,149,N/A,SEF,"Porcentagem de variação do faturamento, em relação ao ano anterior, das empresas de bares e restaurantes",sem valor de referência,Não Informado,Não Informado,2024,"0,1304"
URBANO,COMPETITIVIDADE,TECIDO EMPRESARIAL,DESENVOLVIMENTO EMPRESARIAL,147,NOVO,150,N/A,SEF,Percentual de participação da receita de impostos do segmento de bares e restaurantes em relação aos impostos totais,sem valor de referência,Não Informado,Não Informado,2024,"0,0214"
URBANO,COMPETITIVIDADE,TECIDO EMPRESARIAL,DESENVOLVIMENTO EMPRESARIAL,149,NOVO,152,N/A,SMTDI,Porcentagem de Crescimento de pessoas empregadas no segmento de tecnologia (Fonte: ACATE),sem valor de referência,Não Informado,Não Informado,2024,"20,22"
URBANO,COMPETITIVIDADE,TECIDO EMPRESARIAL,DESENVOLVIMENTO EMPRESARIAL,151,NOVO,154,N/A,SHRBS,Porcentagem de ocupação dos leitos de hotelaria e pousada (Fonte SHRBS),sem valor de referência,Não Informado,Não Informado,2024,"0,638"
URBANO,COMPETITIVIDADE,TECIDO EMPRESARIAL,DESENVOLVIMENTO EMPRESARIAL,153,,156,8.1.2006,SMTDI/FNR,Número de empresas (por 100 mil habitantes),sem valor de referência,Não Informado,Não Informado,2024,24779
FISCAL,MECANISMOS ADEQUADOS DE GOVERNO,GESTÃO PÚBLICA PARTICIPATIVA,PRESTAÇÃO DE CONTAS AO CIDADÃO,154,NOVO,157,N/A,SMF,Qual a porcentagem do orçamento que a Sociedade Civil participa na sua definição,sem valor de referência,Não Informado,Não Informado,2024,"0,02"
FISCAL,MECANISMOS ADEQUADOS DE GOVERNO,GESTÃO PÚBLICA MODERNA,PROCESSOS MODERNOS DE GESTÃO PÚBLICA DO ORÇAMENTO MUNICIPAL,155,NOVO,158,N/A,SMF,Porcentagem do gasto com pessoal em relação ao gasto total  (conforme conta 3.1.1.00.00.00 conforme dados do SICONFI do TCE-SC),sem valor de referência,Não Informado,Não Informado,2024,"0,4607"
FISCAL,MECANISMOS ADEQUADOS DE GOVERNO,GESTÃO PÚBLICA MODERNA,PROCESSOS MODERNOS DE GESTÃO PÚBLICA DO ORÇAMENTO MUNICIPAL,156,NOVO,159,N/A,SMA,"Porcentagem mensal de horas falta sem atestado, em relação ao total de horas contratadas",sem valor de referência,Não Informado,Não Informado,2024,"0,0052"
FISCAL,MECANISMOS ADEQUADOS DE GOVERNO,GESTÃO PÚBLICA MODERNA,PROCESSOS MODERNOS DE GESTÃO PÚBLICA DO ORÇAMENTO MUNICIPAL,157,NOVO,160,N/A,SMA,"Porcentagem mensal de horas falta com atestado, em relação ao total de horas contratadas",sem valor de referência,Não Informado,Não Informado,2024,"0,1024"
FISCAL,MECANISMOS ADEQUADOS DE GOVERNO,GESTÃO PÚBLICA MODERNA,PROCESSOS MODERNOS DE GESTÃO PÚBLICA DO ORÇAMENTO MUNICIPAL,158,NOVO,161,N/A,SMLCP,Porcentagem do valor das compras totais da administração pública municipal feitas por meio de pregão eletrônico,sem valor de referência,Não Informado,Não Informado,2024,"0,5362"
FISCAL,MECANISMOS ADEQUADOS DE GOVERNO,GESTÃO PÚBLICA MODERNA,PROCESSOS MODERNOS DE GESTÃO PÚBLICA DO ORÇAMENTO MUNICIPAL,159,NOVO,162,N/A,SMLCP,Porcentagem do valor das compras totais da administração pública municipais feitas por meio de pregão presencial,sem valor de referência,Não Informado,Não Informado,2024,0
FISCAL,MECANISMOS ADEQUADOS DE GOVERNO,GESTÃO PÚBLICA MODERNA,PROCESSOS MODERNOS DE GESTÃO PÚBLICA DO ORÇAMENTO MUNICIPAL,160,NOVO,163,N/A,SMLCP,Porcentagem do valor das compras totais da administração pública municipais feitas por meio de tomada de preços,sem valor de referência,Não Informado,Não Informado,2024,0
FISCAL,MECANISMOS ADEQUADOS DE GOVERNO,GESTÃO PÚBLICA MODERNA,PROCESSOS MODERNOS DE GESTÃO PÚBLICA DO ORÇAMENTO MUNICIPAL,161,NOVO,164,N/A,SMLCP,"Porcentagem do valor das compras totais da administração pública por inexigibilidade, por contratação direta",sem valor de referência,Não Informado,Não Informado,2024,"0,2055"
FISCAL,MECANISMOS ADEQUADOS DE GOVERNO,GESTÃO PÚBLICA MODERNA,PROCESSOS MODERNOS DE GESTÃO PÚBLICA DO ORÇAMENTO MUNICIPAL,162,NOVO,165,N/A,SMLCP,Porcentagem do valor das compras totais da administração pública municipais em que são dispensadas licitações com base em lei especifica,sem valor de referência,Não Informado,Não Informado,2024,"0,0585"
FISCAL,MECANISMOS ADEQUADOS DE GOVERNO,GESTÃO PÚBLICA MODERNA,PROCESSOS MODERNOS DE GESTÃO PÚBLICA DO ORÇAMENTO MUNICIPAL,163,NOVO,166,N/A,SMLCP,Porcentagem do valor das compras totais da administração pública municipal feitas por meio de concorrência pública,sem valor de referência,Não Informado,Não Informado,2024,"0,1374"
FISCAL,MECANISMOS ADEQUADOS DE GOVERNO,TRANSPARÊNCIA,TRANSPARÊNCIA E AUDITORIA DA GESTÃO PÚBLICA,164,114,,N/A,Controladoria Geral do Município,Índice de transparência: Consultar transparência internacional Brasil,> 6,"3,0 - 6,0",< 3,2024,"0,8516"
FISCAL,GESTÃO ADEQUADA DA RECEITA,IMPOSTOS E AUTONOMIA FINANCEIRA,RECEITAS E IMPOSTOS MUNICIPAIS,165,118,168,9.2.2006,SMF/FNR,"Receita própria: Porcentagem da receita do governo municipal proveniente de tributos (tarifas, encargos e impostos) permitidos pela lei em relação à receita total.",Comparar com as metas da PMF,Não Informado,Não Informado,2024,"0,4685"
FISCAL,GESTÃO ADEQUADA DA RECEITA,IMPOSTOS E AUTONOMIA FINANCEIRA,RECEITAS E IMPOSTOS MUNICIPAIS,166,119,169,N/A,SMF,Porcentagem das transferências totais recebidas de outros níveis de governo em relação a receita total.,Comparado com diferentes cidades - sem padrão - fazer parâmetro em SC,Não Informado,Não Informado,2024,"0,3297"
FISCAL,GESTÃO ADEQUADA DA RECEITA,IMPOSTOS E AUTONOMIA FINANCEIRA,RECEITAS E IMPOSTOS MUNICIPAIS,167,120,170,N/A,SMF,Porcentagem das transferências recebidas destinadas a usos específicos (pré-definidos) em relação as transferências totais,Comparado com diferentes cidades - sem padrão - fazer parâmetro em SC,Não Informado,Não Informado,2024,"0,5648"
FISCAL,GESTÃO ADEQUADA DA RECEITA,IMPOSTOS E AUTONOMIA FINANCEIRA,RECEITAS E IMPOSTOS MUNICIPAIS,168,121,171,N/A,SMF,Porcentagem das receitas de fontes externas ao governo municipal (excluindo-se receita própria e transferências) em relação a receita total,Comparado com diferentes cidades - sem padrão - fazer parâmetro em SC,Não Informado,Não Informado,2024,"0,3737"
FISCAL,GESTÃO ADEQUADA DA RECEITA,IMPOSTOS E AUTONOMIA FINANCEIRA,RECEITAS E IMPOSTOS MUNICIPAIS,169,122,172,N/A,SMF,Porcentagem das receitas próprias acrescidas as transferências sem fim definido em relação a receita total,≥ 80%,> 61%  e  < 80%,≤ 61%,2024,"0,6263"
FISCAL,GESTÃO ADEQUADA DA RECEITA,IMPOSTOS E AUTONOMIA FINANCEIRA,RECEITAS E IMPOSTOS MUNICIPAIS,170,NOVO,173,N/A,SMF,Porcentagem da variação anual da cota parte do ICMS,Acima do IPCA,Igual ao IPCA,Abaixo do IPCA,2024,"0,1226"
FISCAL,GESTÃO ADEQUADA DA RECEITA,IMPOSTOS E AUTONOMIA FINANCEIRA,RECEITAS E IMPOSTOS MUNICIPAIS,171,NOVO,174,N/A,SMF,Porcentagem de variação anual da arrecadação do ISS,Acima do IPCA,Igual ao IPCA,Abaixo do IPCA,2024,"0,0933"
FISCAL,GESTÃO ADEQUADA DA RECEITA,IMPOSTOS E AUTONOMIA FINANCEIRA,RECEITAS E IMPOSTOS MUNICIPAIS,172,NOVO,175,N/A,SMF,Porcentagem de variação anual da arrecadação do IPTU,Acima do IPCA,Igual ao IPCA,Abaixo do IPCA,2024,"2,09"
FISCAL,GESTÃO ADEQUADA DA RECEITA,IMPOSTOS E AUTONOMIA FINANCEIRA,RECEITAS E IMPOSTOS MUNICIPAIS,173,NOVO,176,N/A,SMF,Percentual da variação anual da arrecadação do ITBI,Acima do IPCA,Igual ao IPCA,Abaixo do IPCA,2024,"0,1817"
FISCAL,GESTÃO ADEQUADA DA RECEITA,IMPOSTOS E AUTONOMIA FINANCEIRA,RECEITAS E IMPOSTOS MUNICIPAIS,174,NOVO,177,N/A,SMF,Porcentagem de variação da dívida ativa em relação ao ano anterior,< 0,0 - IPCA,> IPCA,2024,"0,1482"
FISCAL,GESTÃO ADEQUADA DA RECEITA,IMPOSTOS E AUTONOMIA FINANCEIRA,GESTÃO DE COBRANÇAS,175,NOVO,178,N/A,SMF,Porcentagem de inadimplência do IPTU,sem valor de referência,Não Informado,Não Informado,2024,"0,1673"
FISCAL,GESTÃO ADEQUADA DAS DESPESAS,GESTÃO DO GASTO PÚBLICO,QUALIDADE DO GASTO PÚBLICO,176,126,179,N/A,SMF (Siconfi-TCE/SC),Porcentagem dos gastos correntes em relação aos gastos totais,Comparado com diferentes cidades - sem padrão - fazer parâmetro em SC,Não Informado,Não Informado,2024,"0,8621"
FISCAL,GESTÃO ADEQUADA DAS DESPESAS,GESTÃO DO GASTO PÚBLICO,QUALIDADE DO GASTO PÚBLICO,177,127,180,9.2.2005,SMF/FNR,Despesas de capital como porcentagem do total de gastos: Percentual de investimentos em ativo fixo (despesas de capital) em relação aos gastos totais,Comparado com diferentes cidades - sem padrão - fazer parâmetro em SC,Não Informado,Não Informado,2024,"0,1379"
FISCAL,GESTÃO ADEQUADA DAS DESPESAS,GESTÃO DO GASTO PÚBLICO,QUALIDADE DO GASTO PÚBLICO,178,128,181,N/A,SMF,Taxa média de crescimento anual do gasto corrente: Porcentagem de variação no ano dos gastos correntes,< 0,0 - IPCA,> IPCA,2024,"4,46"
FISCAL,GESTÃO ADEQUADA DAS DESPESAS,GESTÃO DO GASTO PÚBLICO,QUALIDADE DO GASTO PÚBLICO,179,L 1,182,N/A,SMF,Despesa de pessoal/Receita corrente líquida: percentual da depesas totais (salário + engargos + vales transporte e alimentação + plano de saúde) e de pessoal em relação a receita corrente líquida,"< 51,3%","51,3% a 54%",> 54%,2024,"0,4846"
FISCAL,GESTÃO ADEQUADA DAS DESPESAS,GESTÃO DO GASTO PÚBLICO,QUALIDADE DO GASTO PÚBLICO,180,NOVO,183,N/A,SMF,Porcentagem das despesas com contratação de pessoal tercerizado (terceiros PJ + PF +  locação de mão de obra) em relação a receita total líquida.,sem valor de referência,Não Informado,Não Informado,2024,"0,042"
FISCAL,Gestao Adequada da Divida,Divida,SUSTENTABILIDADE DA DÍVIDA,181,131,184,9.2.2004,SMF/FNR,Crescimento do serviço da dívida: Porcentagem dos juros da dívida em relação a receita própria,< 5%,5% - 10%,> 10%,2024,"0,0373"
FISCAL,Gestao Adequada da Divida,Divida,SUSTENTABILIDADE DA DÍVIDA,182,132,185,N/A,SMF,Crescimento da dívida: Porcentagem de crescimento da dívida (Emprestimos de curto e longo prazo),A taxa de crescimento real anual é negativa,A taxa de crescimento real anual está entre 0% e 2%,A taxa de crescimento real anual é superior a 2%,2024,"16,94"
FISCAL,Gestao Adequada da Divida,Divida,LEI DE RESPONSABILIDADE FISCAL,183,L 2,186,N/A,SMF,Dívida consolidada líquida/Receita corrente líquida: Porcentagem da dívida consolidada líquida em relação a receita corrente líquida,< 50%,50% a 60%,> 60%,2024,"0,3475"
FISCAL,Gestao Adequada da Divida,Divida,LEI DE RESPONSABILIDADE FISCAL,184,L 3,187,N/A,SMF,Operação de Crédito/Receita Corrente Líquida:Porcentagem do valor das operações de crédito contratadas no ano em relação a receita corrente líquida,Menor 10%,Entre 10 e 16%,Acima 16%,2024,"0,0522"
